eFUA_ID,Cntry_ISO,Cntry_name,Com_p_2015,Commuting,FUA_area,FUA_p_2015,UC_IDs,UC_area,UC_num,UC_p_2015,dmg100_count,dmg100_mean,dmg10_count,dmg10_mean,dmg200_count,dmg200_mean,dmg20_count,dmg20_mean,dmg500_count,dmg500_mean,dmg50_count,dmg50_mean,eFUA_name,exDmgFP_count,exDmgFP_mean,exDmg_count,exDmg_mean,exDmg_prosDn_count,exDmg_prosDn_mean,exDmg_pros_count,exDmg_pros_mean,exDmg_tail_count,exDmg_tail_mean,exInunD_a05_count,exInunD_a05_mean,exInunD_a20_count,exInunD_a20_mean,exInunD_count,exInunD_mean,exInunD_prosDn_count,exInunD_prosDn_mean,exInunD_pros_count,exInunD_pros_mean,exInunD_tail_count,exInunD_tail_mean,fid_1,height_count,height_mean,inun100_count,inun100_mean,inun10_count,inun10_mean,inun200_count,inun200_mean,inun20_count,inun20_mean,inun500_count,inun500_mean,inun50_count,inun50_mean,region_file,wld_rgn
15.0,BGR,Bulgaria,,,1352.0,1423934.91426,,,,,798,0.3908440319786963,798,0.2827224977927343,798,0.4035125652556536,798,0.3362815415782803,798,0.4167143009795317,798,0.3742871385494783,Sofia,5506,0.0356506674722693,798,0.0331755185838963,798,0.0083174605441945,798,0.0042384340677321,798,0.0340089473032395,798,0.0604711097424337,798,0.0284732060309299,798,0.0430675596351802,798,0.0107618015708995,798,0.0054629893907546,798,0.0441295540238909,712,798,2.83382137513469,798,0.5070371787800918,798,0.3686795088560305,798,0.5210182024781269,798,0.4367780904374459,798,0.5309971299576414,798,0.4848050562587969,Europe,Europe
16.0,BHR,Bahrain,,,670.0,1369162.16931,,,,,0,,0,,0,,0,,0,,0,,Manama,0,,0,,0,,0,,0,,0,,0,,0,,0,,0,,0,,274,0,,0,,0,,0,,0,,0,,0,,SWAsia,SW Asia
73.0,HKG,HongKong,138002.749973,1.0,684.0,5845663.06696,12274,348.0,1.0,5707660.31699,212,0.584501825698566,212,0.4000000059604645,212,0.6432094503981735,212,0.4000000059604645,212,0.6950923401966005,212,0.476630193206392,Hong Kong,648,0.0431535508964572,212,0.0435318442818605,212,0.0077365851235126,212,0.0058861946632504,212,0.0449220280262506,212,0.0551541599300901,212,0.0169136353065918,212,0.0345345047740503,212,0.005115404945207,212,0.0033637686042721,212,0.0357802837119582,3434,212,5.788446128332139,212,0.5504148049650015,212,0.2976466435291791,212,0.6008759004947309,212,0.2976466435291791,212,0.6228895648269711,212,0.3860761990929882,EAsia,E Asia
85.0,ITA,Italy,,,1708.0,1784834.15615,,,,,7454,0.6554038772291589,7454,0.5039633027433088,7454,0.6818315243732382,7454,0.5729956188007568,7454,0.7071221451438547,7454,0.6239626695732031,Turin,23195,0.0509036148143809,7454,0.0567016987716863,7454,0.0132375959221009,7454,0.0068407632369682,7454,0.0581159432692576,7454,0.0670216541879491,7454,0.0403655983318592,7454,0.0526860421670798,7454,0.012384718641195,7454,0.006401851709404,7454,0.0540114878119425,5724,7454,5.712259530108945,7454,0.6132581714388159,7454,0.4660093842436054,7454,0.6372944530078535,7454,0.5306701438775481,7454,0.6627224392651414,7454,0.5833152260302564,Europe,Europe
94.0,KOR,SouthKorea,2346174.08081,1.0,7053.0,24287447.2125,12389;12431;12453;12462;12477,2586.0,5.0,21941273.1316,34659,0.936366095505,34659,0.7577275511877679,34659,0.946848307024338,34659,0.8651816464954284,34659,0.9516439582354224,34659,0.9187140118911892,Seoul,55427,0.0843800512573467,34659,0.0841623394780061,34659,0.024029545997459,34659,0.0164604241265526,34659,0.0860656272030822,34659,0.0800144804401709,34659,0.0619153025080598,34659,0.0707643841489419,34659,0.0207654627406892,34659,0.0139395472064769,34659,0.0725039194647906,7760,34659,6.888529629961319,34659,0.8252174805930389,34659,0.6130394324233431,34659,0.8485791757912388,34659,0.7179121356581181,34659,0.8697669387814014,34659,0.7916907796116849,EAsia,E Asia
98.0,LBR,Liberia,60638.9145083,1.0,451.0,1482214.91226,1526,256.0,1.0,1421575.99775,11698,0.8961607873307056,11698,0.5736851590307848,11698,0.929287728428816,11698,0.7249411443800944,11698,0.9528019037786296,11698,0.843677303251205,Monrovia,15370,0.0723757120426988,11698,0.072080881247031,11698,0.0739864835571371,11698,0.0452561950798382,11698,0.0739864835571371,11698,0.0763052999535076,11698,0.0510585486840953,11698,0.0639559283671082,11698,0.0657569013691781,11698,0.0409531870665812,11698,0.0657569013691781,5993,11698,5.574140037814006,11698,0.8071905226770807,11698,0.515933742050573,11698,0.8548574752722522,11698,0.6324686850640803,11698,0.9004860889760032,11698,0.746737498459462,Africa,Africa
117.0,MNG,Mongolia,,,383.0,1360931.8323,,,,,1393,0.3804716180524596,1393,0.3008522792643878,1393,0.3962004536780464,1393,0.3311487637360004,1393,0.4139787090545218,1393,0.3628272906443056,Ulaanbaatar,5618,0.0346444932148886,1393,0.0330831103925334,1393,0.0339110677757309,1393,0.0339110677757309,1393,0.0339110677757309,1393,0.0435774862383402,1393,0.008917238827576,1393,0.0227618647276113,1393,0.0233751344362532,1393,0.0233751344362532,1393,0.0233751344362532,6246,1393,4.056281802323298,1393,0.2714365544250071,1393,0.2002572581674174,1393,0.2880702742211672,1393,0.2259920096383088,1393,0.3066348537175598,1393,0.253387268210306,CAsia,E Asia
118.0,MOZ,Mozambique,150105.466335,1.0,690.0,2579017.68704,4220,423.0,1.0,2428912.22071,1997,0.5272985759222366,1997,0.2392530357749442,1997,0.5835647289842691,1997,0.3513698774130309,1997,0.6378394945397016,1997,0.4620908414186631,Maputo,6561,0.0378109201566858,1997,0.0365236951986676,1997,0.0246017041738431,1997,0.0135872998346537,1997,0.0377993741185642,1997,0.0699345165424232,1997,0.0381006039886176,1997,0.0541718732793328,1997,0.034924075877429,1997,0.0184079990607651,1997,0.0558483169023947,6308,1997,2.9917478344772084,1997,0.7477932958749923,1997,0.3874985434980386,1997,0.8036317229340447,1997,0.5261601869211296,1997,0.8382217338895879,1997,0.6678846516391194,Africa,Africa
146.0,QAT,Qatar,,,1100.0,1821304.86566,,,,,835,0.3335413589620467,835,0.2809112551076847,835,0.3379858242778212,835,0.3031074231275619,835,0.3498142669112091,835,0.3146200352082708,Doha,1421,0.0307327606056616,835,0.0298177037372165,835,0.0305173323462973,835,0.0305173323462973,835,0.0305173323462973,835,0.0390094009635652,835,0.0048532026811097,835,0.0175610587764325,835,0.0179962818073196,835,0.0179962818073196,835,0.0179962818073196,7354,835,3.926846773949809,835,0.1993554370791542,835,0.1618646259292072,835,0.2076057201817369,835,0.1764657670212792,835,0.2176115232983604,835,0.1901903257709492,SWAsia,SW Asia
153.0,SEN,Senegal,51496.8827909,1.0,388.0,3409806.43078,1452,277.0,1.0,3358309.54799,236,0.2000000029802322,236,0.2000000029802322,236,0.2000000029802322,236,0.2000000029802322,236,0.2000000029802322,236,0.2000000029802322,Dakar,645,0.0196000002324581,236,0.0196000002324581,236,0.0199999995529651,236,0.0199999995529651,236,0.0199999995529651,236,0.0537739686147009,236,0.0105767322926667,236,0.030552612116434,236,0.0311761342336313,236,0.0311761342336313,236,0.0311761342336313,7621,236,3.854360781483731,236,0.3117613476401163,236,0.3117613476401163,236,0.3117613476401163,236,0.3117613476401163,236,0.3117613476401163,236,0.3117613476401163,Africa,Africa
154.0,SGP,Singapore,7776.56828097,1.0,637.0,5602397.89136,11498,518.0,1.0,5594621.32308,214,0.4000000059604645,214,0.4000000059604645,214,0.4000000059604645,214,0.4000000059604645,214,0.4000000059604645,214,0.4000000059604645,Singapore,1179,0.0392000004649162,214,0.0392000004649162,214,0.0053757008635134,214,0.0049121494526826,214,0.0399999991059303,214,0.0453274456531714,214,0.007419277290567,214,0.02330884753474,214,0.0024015109691424,214,0.0021548817241688,214,0.0237845377811605,7672,214,7.30328948252669,214,0.2378453823833543,214,0.2378453823833543,214,0.2378453823833543,214,0.2378453823833543,214,0.2378453823833543,214,0.2378453823833543,SEAsia,SE Asia
156.0,SLE,SierraLeone,31624.1763593,1.0,264.0,1222025.52102,1507,129.0,1.0,1190401.34467,165,0.1975359967593433,165,0.188911974986232,165,0.1975359967593433,165,0.1870639703205653,165,0.19938400142501,165,0.1919919827623432,Freetown,1210,0.0194584787187801,165,0.0186159377533833,165,0.0190147051073129,165,0.0190147051073129,165,0.0190147051073129,165,0.0483929693354845,165,0.0080416899145232,165,0.025528853299009,165,0.0260567068886715,165,0.0260567068886715,165,0.0260567068886715,7663,165,4.690697083549,165,0.2606590512994357,165,0.2615702561120265,165,0.2621545486207247,165,0.2590473442280722,165,0.2639270215074326,165,0.261412573167661,Africa,Africa
189.0,ZAF,SouthAfrica,284462.590797,1.0,1729.0,3796315.91745,3268,697.0,1.0,3511853.32665,515,0.2857391600626752,515,0.2554414505075917,515,0.2929432649628383,515,0.2624737566945175,515,0.3052822507107383,515,0.2758091773931643,Cape Town,3035,0.0273683843090028,515,0.0261739101383216,515,0.0030597498374702,515,0.0016188849339564,515,0.0267844742567761,515,0.0603304459897456,515,0.0209842801151995,515,0.0398454463808937,515,0.0045674216321247,515,0.0024280474341089,515,0.0407337629408064,7703,515,3.1435104297612395,515,0.4260701531513337,515,0.3913165715472496,515,0.434352451285411,515,0.4029737259260421,515,0.4441584107971024,515,0.4172204858560404,Africa,Africa
195.0,ARE,UnitedArabEmirates,,,697.0,1017109.48366,,,,,6198,0.6002810765220977,6198,0.4734271445271068,6198,0.6273518094505961,6198,0.5235247852188099,6198,0.6521277459889403,6198,0.5735730792400857,Abu Dhabi,13197,0.0505598931526454,6198,0.0522378387134067,6198,0.0297867075520637,6198,0.014140679531378,6198,0.0535420940006025,6198,0.0548408926121266,6198,0.0158561995226261,6198,0.0335786878168408,6198,0.0196958943158782,6198,0.0095868499950773,6198,0.0345154860056959,8382,6198,5.092609517152536,6198,0.407861043802666,6198,0.2899440799462737,6198,0.4357706614147339,6198,0.3319343884063987,6198,0.4683990553358961,6198,0.3774035634475865,SWAsia,SW Asia
209.0,BOL,Bolivia,72733.9377234,1.0,745.0,1772263.30334,849,253.0,1.0,1699529.36562,69,0.6898550719454668,69,0.6318840555090836,69,0.7043478251367375,69,0.6507246353919955,69,0.7144927529321201,69,0.6782608675783959,El Alto [La Paz],206,0.0708186574141602,69,0.064454347435115,69,0.0658833339162494,69,0.0658833339162494,69,0.0658833339162494,69,0.0572688508292903,69,0.0226822097935929,69,0.0378281221711549,69,0.0386840715208023,69,0.0386840715208023,69,0.0386840715208023,387,69,2.884491516196209,69,0.4069799033627994,69,0.3695545456763627,69,0.4163506849520448,69,0.3822670994677405,69,0.4279744194253631,69,0.396943064055581,SouthAmerica,S America
224.0,CRI,CostaRica,,,1801.0,2565528.86422,,,,,190,0.8116844824434837,190,0.7982896569102399,190,0.8132918617437975,190,0.8031117949708603,190,0.8159708274572257,190,0.8079339317540504,San José,1311,0.0873321445880621,190,0.078805148406943,190,0.0804370921528216,190,0.0404020551486598,190,0.0804370921528216,190,0.0727974748358641,190,0.0427387591833742,190,0.0577372823142746,190,0.0589705002714203,190,0.0298938582653234,190,0.0589705002714203,2549,190,2.83420389016132,190,0.604585428922173,190,0.5763359228267837,190,0.6103758155165245,190,0.5867297598068734,190,0.616608658120084,190,0.5979443826852915,CAmerica,C America
225.0,CUB,Cuba,,,976.0,2203018.96975,,,,,642,0.7152647938451663,642,0.6842679081490478,642,0.72928348406453,642,0.6982866000395698,642,0.7417445433474033,642,0.7163551362271993,Havana,2162,0.0693735549967607,642,0.0687595009629693,642,0.070242990716433,642,0.0701884735822445,642,0.070242990716433,642,0.0526071070922637,642,0.0175875486176064,642,0.0328702783352416,642,0.0335963795698143,642,0.0335652269225355,642,0.0335963795698143,2556,642,4.75108696849918,642,0.3463793507518937,642,0.3260441429715754,642,0.3530009546204009,642,0.3324881391367669,642,0.3630506485799252,642,0.3432612184005734,CAmerica,C America
233.0,EGY,Egypt,327501.96413,1.0,1198.0,5860478.16695,3751,598.0,1.0,5532976.20282,45651,0.820453044038736,46742,0.687243769863427,45651,0.8636345076748568,46742,0.742178676146355,45651,0.8889818486293063,45651,0.7983067792959955,Alexandria,86951,0.0746382954677409,45651,0.0740992287869247,45651,0.0578309535285937,45651,0.0462567169397301,45651,0.0758771933446569,45651,0.0810000047046168,45651,0.0633585464097161,45651,0.0719807027336203,45651,0.0585433988937275,45651,0.0489579237739972,45651,0.0735863247274648,2799,46742,5.454633273148273,45651,0.775165725995285,46742,0.6951451222075647,45651,0.7885459348999374,46742,0.7274982306073025,45651,0.8028100976101187,45651,0.7589398900725164,Africa,Africa
266.0,JPN,Japan,327556.116023,1.0,1544.0,2222113.47893,12736,387.0,1.0,1894557.36291,30027,0.7598217206166145,30027,0.5396166928997348,30027,0.7907032289290681,30027,0.6415991562402675,30027,0.8231099564780037,30027,0.7168486338491248,Sapporo,63127,0.0648146279726797,30027,0.0635874972636034,30027,0.0070931875915988,30027,0.0047792380330534,30027,0.0652337170503337,30027,0.06667956805321,30027,0.0377213782004107,30027,0.0514173486811577,30027,0.0064042632014777,30027,0.0043895606124903,30027,0.0528674781597558,5808,30027,5.462070598168353,30027,0.6481594138653777,30027,0.4124573558522799,30027,0.6853002938701979,30027,0.5112619166664216,30027,0.7250644966184778,30027,0.5982722444684284,EAsia,E Asia
289.0,MRT,Mauritania,23959.7816119,1.0,235.0,1140832.14514,1474,134.0,1.0,1116872.36353,1901,0.2116262026174188,1901,0.0803887908691605,1901,0.2384022915787513,1901,0.1164860684997941,1901,0.2746608324147667,1901,0.1814034914898095,Nouakchott,3561,0.0147246304900491,1901,0.0132500292336047,1901,0.0137993512742259,1901,0.0137993512742259,1901,0.0137993512742259,1901,0.0412656763507602,1901,0.005276626404763,1901,0.0192457369724049,1901,0.0198891968870599,1901,0.0198891968870599,1901,0.0198891968870599,6088,1901,4.38445321753089,1901,0.2641974505986708,1901,0.1411403946124592,1901,0.2908338292071343,1901,0.1852426466347406,1901,0.3217299825060439,1901,0.2340055026913484,Africa,Africa
296.0,NLD,Netherlands,,,2943.0,3494348.38435,,,,,85000,0.4652193092605168,85000,0.2869916557060816,85000,0.4882581735883597,85000,0.3620496458385837,85000,0.5110631938582796,85000,0.424276274316343,Rotterdam [The Hague],210997,0.0395502855288756,85000,0.0363510751565551,85000,0.001057090901922,85000,0.0005463797891384585,85000,0.037373201367435,85000,0.0553638624297561,85000,0.0204014519535655,85000,0.0360928550607618,85000,0.0010738897541447,85000,0.000557840843024234,85000,0.0371257861370536,6467,85000,5.469167259494518,85000,0.4556864699928182,85000,0.2926041081564274,85000,0.4845201176377819,85000,0.3564303827571486,85000,0.5164655382641936,85000,0.4195054877498949,Europe,Europe
308.0,PRI,PuertoRico,,,1163.0,1374922.49429,,,,,0,,0,,0,,0,,0,,0,,Río Piedras [San Juan],0,,0,,0,,0,,0,,0,,0,,0,,0,,0,,0,,7352,0,,0,,0,,0,,0,,0,,0,,CAmerica,C America
310.0,PRT,Portugal,,,1575.0,2559898.92507,,,,,1459,0.8628584888194855,1459,0.5098047768636024,1459,0.9039941252493656,1459,0.6730463555738355,1459,0.9318477845747176,1459,0.799379196119824,Lisbon,4998,0.0693135168135231,1459,0.0671397449311603,1459,0.0574036442398773,1459,0.048546885981902,1459,0.0690034394428477,1459,0.0746076910052408,1459,0.0492719968164609,1459,0.0618505792955148,1459,0.051618346048058,1459,0.0428247198221187,1459,0.0635507258388176,7345,1459,5.731877909591218,1459,0.7753949852761876,1459,0.4857666903243151,1459,0.8127044433660559,1459,0.6215171010917055,1459,0.8500729431194947,1459,0.7252169420250993,Europe,Europe
312.0,PSE,Palestina,54392.410669,1.0,355.0,1689860.60305,4285,257.0,1.0,1635468.19238,207,0.3390052667783877,207,0.2769660685161384,207,0.3498776385659088,207,0.2976663563245947,207,0.3681209477283582,207,0.3252461853870743,Gaza,573,0.0252217080428254,207,0.0298299612662202,207,0.008891082657434,207,0.0058400930829773,207,0.0305662027582687,207,0.0638117575792023,207,0.0282865122301726,207,0.0454971047404632,207,0.0136663349953311,207,0.0091487719778499,207,0.0465876941058719,7167,207,3.0810823125465983,207,0.506104380484743,207,0.4316613856115315,207,0.5236938184886476,207,0.4566913069101709,207,0.5452946822546808,207,0.4864708887383676,Africa,SW Asia
357.0,ARE,UnitedArabEmirates,,,2177.0,5444031.30137,,,,,10367,0.5734243544861061,10367,0.4557482186211384,10367,0.5941331975474711,10367,0.5056467012338745,10367,0.6215356047606262,10367,0.5482446683305363,Dubai,16392,0.0495748767326573,10367,0.050193986154396,10367,0.0448775153369186,10367,0.0405058482895932,10367,0.05143705690207,10367,0.0469257240602296,10367,0.0139341380727708,10367,0.027293464320313,10367,0.0237576052302714,10367,0.0208155611870393,10367,0.0280277062932701,8383,10367,8.027712976199963,10367,0.3260575765322285,10367,0.2385579932993523,10367,0.344980524793968,10367,0.271339000734715,10367,0.3671209435015305,10367,0.304995959474331,SWAsia,SW Asia
358.0,ARG,Argentina,201105.98728,1.0,911.0,1139081.55375,966,195.0,1.0,937975.566467,264,0.560048256182289,264,0.4317735086766681,264,0.5857337715157307,264,0.4795349055778981,264,0.6184003173884306,264,0.53177351025163,Mendoza,2584,0.0560821439996425,264,0.0480821016595277,264,0.0493189024119732,264,0.026536191754772,264,0.0493189024119732,264,0.0427920721456684,264,0.0074373102299716,264,0.0213562048387019,264,0.0219802420116402,264,0.0122305146804637,264,0.0219802420116402,167,264,2.7014622747882027,264,0.2651433747363019,264,0.1799112380698808,264,0.2860489516081971,264,0.2100778539775873,264,0.3120186070400641,264,0.2427255324916093,SouthAmerica,S America
359.0,ARM,Armenia,,,665.0,1356806.65085,,,,,974,0.5701779995386671,974,0.5013071760789061,974,0.5841767802310791,974,0.5273386242463,974,0.5992232768406993,974,0.5548419811930229,Yerevan,2007,0.0485115540338805,974,0.0522349406570936,974,0.0534333876483586,974,0.0449898876628894,974,0.0534333876483586,974,0.0539800784471687,974,0.0259226021076233,974,0.0372680298183675,974,0.0381458359194004,974,0.032786147187329,974,0.0381458359194004,232,974,5.707900252119294,974,0.4113470374058903,974,0.3550551654329538,974,0.4237363005805874,974,0.3752539254440857,974,0.4389027236416511,974,0.397154600670715,SWAsia,SW Asia
360.0,AUS,Australia,,,2972.0,1676528.55892,,,,,6831,0.8831730220581178,6831,0.7207697827149332,6831,0.8976340297189802,6831,0.8068026738274432,6831,0.912285507905888,6831,0.8594381667626232,Perth,13143,0.0769394741061933,6831,0.0790628760821019,6831,0.0090144707560902,6831,0.0045638816959975,6831,0.0808874477864384,6831,0.0751116149943206,6831,0.0526051061978906,6831,0.063490922793609,6831,0.0078118731888381,6831,0.0039986246666045,6831,0.065099377048618,235,6831,5.189824586251241,6831,0.7479545581885283,6831,0.5583536840601696,6831,0.7777739055974987,6831,0.6362716314985464,6831,0.804226529329379,6831,0.707706079267448,Australia,Oceania
375.0,CAN,Canada,,,1601.0,2407755.76844,,,,,36759,0.9897467839103048,36759,0.8529189560432116,36759,0.9947465793298804,36759,0.9412299474575716,36759,0.9976017187112964,36759,0.97939751746657,Vancouver,68208,0.0925549972498557,36759,0.0914586116229984,36759,0.0096635793416393,36759,0.0068278804525326,36759,0.093453814529398,36759,0.0864427809323134,36759,0.0704688160972041,36759,0.0790957842153808,36759,0.009323420601719,36759,0.0066181588349866,36759,0.0810220837758305,822,36759,6.599985473821096,36759,0.9164682624847764,36759,0.6930807874739476,36759,0.94142415200704,36759,0.8022604371861263,36759,0.9631489712261884,36759,0.8797208004947411,NorthAmerica,N America
410.0,HRV,Croatia,,,1571.0,1032621.7052,,,,,8300,0.2972030860345493,8300,0.2133338224778468,8300,0.3184048658548549,8300,0.244453129754507,8300,0.3422357627028101,8300,0.2757761830594505,Zagreb,34287,0.0311140215646225,8300,0.024642990600996,8300,0.0024947401517126,8300,0.0012090165888256,8300,0.0253274622230813,8300,0.0522488308145593,8300,0.0164238922000146,8300,0.0319447152313814,8300,0.0031154876342395,8300,0.0014918011257371,8300,0.0328246293267425,2552,8300,3.284265073369846,8300,0.3850191628366463,8300,0.2778444056880618,8300,0.4100651070062527,8300,0.3163960621706044,8300,0.4399569683208741,8300,0.3577461552314473,Europe,Europe
415.0,IRL,Ireland,,,2245.0,1596285.053,,,,,2076,0.4901252453375126,2076,0.4082851674630233,2076,0.5074662855594834,2076,0.4400289059259528,2076,0.528709060051308,2076,0.471483626810256,Dublin,7587,0.0411870617621736,2076,0.0437368258118149,2076,0.0039545279803453,2076,0.0024593690498184,2076,0.0447942441143213,2076,0.0623932413259783,2076,0.0315410973063139,2076,0.0457455750247723,2076,0.0040687473993295,2076,0.0025004661441144,2076,0.0468525003583748,5714,2076,5.349247156769784,2076,0.5134075669412947,2076,0.4281727746988131,2076,0.5312571146118101,2076,0.4595078192696133,2076,0.5534624007507183,2076,0.4927582206206328,Europe,Europe
419.0,ISR,Israel,443664.430937,1.0,1102.0,2805937.20054,4309,477.0,1.0,2362272.7696,697,0.5160834584899406,697,0.4736640986665222,697,0.5230577044406556,697,0.4907093028490774,697,0.5351686362260437,697,0.508478788419207,Tel Aviv,2344,0.0484813470686911,697,0.0484051599695202,697,0.005255529691134,697,0.0026576767838013,697,0.0494754967837188,697,0.0525734370808416,697,0.0187186471214368,697,0.0333516079803236,697,0.0037216006386036,697,0.0018917323278664,697,0.0341153201959821,5717,697,5.82753756352634,697,0.3617898873171259,697,0.3223319784430525,697,0.3701574347251258,697,0.3368997216584714,697,0.3818560523810103,697,0.3525240902783171,SWAsia,SW Asia
429.0,KWT,Kuwait,258058.446767,1.0,1147.0,3631546.88792,5691;5693;5705;5717,533.0,4.0,3373488.44115,2856,0.7717692270158902,2856,0.6725408911499599,2856,0.7845587554468285,2856,0.7185940601652709,2856,0.7985891351310664,2856,0.7561242698060887,Kuwait City,10838,0.0708799176763444,2856,0.0708041574824611,2856,0.0196302292423267,2856,0.014298041994102,2856,0.0724013363728453,2856,0.0716605757728273,2856,0.0483945101746204,2856,0.0593024675353601,2856,0.0130347963075655,2856,0.0079201845216562,2856,0.0606836286541961,5970,2856,5.878688189243718,2856,0.6601267469498944,2856,0.5515257743679608,2856,0.6749835840680332,2856,0.6006640409381595,2856,0.6905799840717686,2856,0.6400503675399829,SWAsia,SW Asia
431.0,LBN,Lebanon,350271.692212,1.0,868.0,2813753.44523,4337,262.0,1.0,2463481.75301,152,0.4000000059604645,152,0.4000000059604645,152,0.4000000059604645,152,0.4000000059604645,152,0.4000000059604645,152,0.4000000059604645,Beirut,257,0.0392000004649162,152,0.0392000004649162,152,0.0390411980176617,152,0.0384659173914891,152,0.0399999991059303,152,0.0471022889525047,152,0.0075430107538299,152,0.0243035125217855,152,0.0241088653700471,152,0.0236944833559784,152,0.0247995020737562,5987,152,5.556883161360786,152,0.2479950260944604,152,0.2479950260944604,152,0.2479950260944604,152,0.2479950260944604,152,0.2479950260944604,152,0.2479950260944604,SWAsia,SW Asia
433.0,LBY,Libya,389136.161166,1.0,1222.0,1525385.72166,2971,429.0,1.0,1136249.56049,8943,0.2752663989310742,8943,0.2236879116783282,8943,0.2854659286380548,8943,0.2423924341521962,8943,0.3006540246394463,8943,0.2619771498560048,Tripoli,9555,0.0238963915225034,8943,0.0241847808442636,8943,0.0136695515668521,8943,0.0073687221222213,8943,0.0247860888689311,8943,0.0399491722889974,8943,0.0077906370223629,8943,0.0198397712320192,8943,0.013151896534677,8943,0.0073636085852171,8943,0.0203178245371519,5999,8943,6.388404953908995,8943,0.2230879287198121,8943,0.1845167399383625,8943,0.2304922222896432,8943,0.1996083406529497,8943,0.2390266332002191,8943,0.2144425415574406,Africa,Africa
434.0,LKA,SriLanka,,,2789.0,5670079.61044,,,,,17047,0.769379646281625,17047,0.6365412724981958,17047,0.7932602032839091,17047,0.6905927678484871,17047,0.8171118809969796,17047,0.7429593131084086,Colombo,32471,0.0709268154387907,17047,0.068565484176099,17047,0.0701997083278672,17047,0.0701997083278672,17047,0.0701997083278672,17047,0.0750086107244497,17047,0.052741190779462,17047,0.0634708204746562,17047,0.0650389468649645,17047,0.0650389468649645,17047,0.0650389468649645,7876,17047,4.22941078731932,17047,0.7269551105243285,17047,0.5775134792944261,17047,0.7547122972572085,17047,0.6377593209068428,17047,0.7840626086809168,17047,0.6937752477562843,SAsia,S Asia
440.0,MEX,Mexico,,,621.0,1835120.04113,,,,,1231,0.622086351751401,1231,0.5405240089945459,1231,0.6370608594700817,1231,0.5711081655520256,1231,0.6529547497759287,1231,0.6023425234465319,Tijuana,1641,0.0569295007945443,1231,0.0565976007505993,1231,0.0301733680687591,1231,0.0126522726271249,1231,0.0579035097874531,1231,0.0516805460297356,1231,0.0196408327557646,1231,0.0332138127203963,1231,0.0179878514682954,1231,0.0076838774933137,1231,0.0340220544721328,6095,1231,7.662699347720756,1231,0.3730712045912234,1231,0.3110377351979227,1231,0.3873148593932662,1231,0.3333607487050697,1231,0.4041207447496939,1231,0.3574982479142785,NorthAmerica,N America
446.0,MWI,Malawi,113098.634397,1.0,338.0,1022605.26039,4490;4495,145.0,2.0,909506.625992,344,0.5797023884202543,344,0.4639159912946651,344,0.6048436868092639,344,0.5080926788389721,344,0.6364497248214595,344,0.5498836383663255,Lilongwe,667,0.0538738033235472,344,0.0506410969780771,344,0.0519139963774143,344,0.0519139963774143,344,0.0519139963774143,344,0.0701328612438987,344,0.0419206709454787,344,0.0556611130527412,344,0.0570208381103824,344,0.0570208381103824,344,0.0570208381103824,6034,344,4.0744035025924425,344,0.6274635791466796,344,0.519666544528289,344,0.6515121034665325,344,0.5582898387380846,344,0.679862095137939,344,0.600301901413573,Africa,Africa
447.0,MYS,Malaysia,305624.772389,1.0,685.0,1009439.4856,10956;10982,236.0,2.0,703814.713211,5628,0.6451614161381233,5628,0.4173528669756159,5628,0.6788747137293073,5628,0.5128379474017276,5628,0.7169052458715605,5628,0.593264283483536,Bukit Mertajam,13295,0.0553010560259077,5628,0.0514421926734404,5628,0.0299476935585387,5628,0.0135825229323664,5628,0.0528760031060404,5628,0.0623764570163816,5628,0.0287753858205725,5628,0.0448110977922376,5628,0.0273168888271099,5628,0.0128026464453751,5628,0.0462367940847307,6041,5628,3.93213261254692,5628,0.6073328437916106,5628,0.3302755493383622,5628,0.6587766715055102,5628,0.4357904718793127,5628,0.7128481419428719,5628,0.5431607474391434,SEAsia,SE Asia
448.0,NER,Niger,28989.7696583,1.0,202.0,1142932.71412,2067,113.0,1.0,1113942.94446,2092,0.9882563095192936,2092,0.7116726539371335,2092,0.9892101484140956,2092,0.8943628117830096,2092,0.9896097654908113,2092,0.9728070407802564,Niamey,3804,0.0894503931347633,2092,0.0858756469560859,2092,0.0878548662476571,2092,0.0878548662476571,2092,0.0878548662476571,2092,0.0886575173786179,2092,0.0757356684466685,2092,0.0827678264135896,2092,0.0847524990497935,2092,0.0847524990497935,2092,0.0847524990497935,6515,2092,4.860149445041052,2092,0.9809097522871998,2092,0.671070641850704,2092,0.9900138947258484,2092,0.852044534497277,2092,0.9923357336773272,2092,0.9551948693444664,Africa,Africa
465.0,PRY,Paraguay,453108.767346,1.0,1760.0,2487874.19088,1074;1079,455.0,2.0,2034765.42353,3615,0.9702254200761308,3615,0.862900439945279,3615,0.9789876154323196,3615,0.937407382634834,3615,0.9853958289796144,3615,0.9602194269943164,Asuncion,32791,0.0900424765919073,3615,0.0909439287244408,3615,0.0698694291176684,3615,0.0635268226715347,3615,0.0929147213981075,3615,0.0868353778731091,3615,0.072849651985678,3615,0.080164660024905,3615,0.0627526561740892,3615,0.0571495998118861,3615,0.0820477346523356,7187,3615,3.23288584381017,3615,0.9158887748455464,3615,0.7031162030629009,3615,0.9294025314556466,3615,0.8207114596776539,3615,0.9415364352845852,3615,0.88796085387614,SouthAmerica,S America
483.0,TCD,Chad,25650.7754333,1.0,258.0,1370021.33144,3186,174.0,1.0,1344370.556,11463,0.4775017358766167,11463,0.2666825606017504,11463,0.5128540545960885,11463,0.3529133174361216,11463,0.5518391035075694,11463,0.4352049699102619,N'Djamena,16278,0.0469018980434297,11463,0.0359481340807404,11463,0.0315593250882786,11463,0.0273634983048691,11463,0.0370518122042427,11463,0.0541425310661951,11463,0.0206011252830943,11463,0.0350817855061454,11463,0.0309559392925151,11463,0.02730748328286,11463,0.0360923981386858,863,11463,5.2218097625759485,11463,0.4434195013911031,11463,0.281864705623317,11463,0.4723956529958342,11463,0.3474816627945765,11463,0.50530619748916,11463,0.4081356659090668,Africa,Africa
491.0,TWN,Taiwan,190699.895625,1.0,554.0,1116593.13363,12691;12692;12698,242.0,3.0,925893.238007,3098,0.8922727236218266,3098,0.6728559343869854,3098,0.9223676566662437,3098,0.7823527815191769,3098,0.9522511064688278,3098,0.8577808667260997,Hsinchu,4343,0.0765309529686642,3098,0.0770810195593071,3098,0.0789855215731477,3098,0.0789855215731477,3098,0.0789855215731477,3098,0.0824589993805427,3098,0.0647930706599481,3098,0.0737716439827511,3098,0.0756283009948717,3098,0.0756283009948717,3098,0.0756283009948717,8010,3098,4.198819739346691,3098,0.8730218906386119,3098,0.6251885120822178,3098,0.902718730456889,3098,0.7466935291657367,3098,0.9283278974196264,3098,0.836157992294965,EAsia,E Asia
506.0,AGO,Angola,456380.314485,1.0,1941.0,7308152.20825,3050;3079,792.0,2.0,6851771.89377,284,0.1997554124739972,284,0.1828660510123016,284,0.2159892703349395,284,0.1848954579819939,284,0.2256443264851024,284,0.1954338381084308,Luanda,3551,0.0189598957975445,284,0.0185767354959121,284,0.0190280238168656,284,0.0100834691173548,284,0.0190280238168656,284,0.0545164545715357,284,0.0139862473094886,284,0.0327082506759359,284,0.0334672530449018,284,0.017369440466764,284,0.0334672530449018,123,284,2.7698260463589683,284,0.3518348145618091,284,0.3230350779280127,284,0.3651845327354024,284,0.3295615703599986,284,0.3795013107527482,284,0.3390579861321412,Africa,Africa
524.0,CAF,CentralAfricanRepublic,19455.6028748,1.0,155.0,1048483.32732,3363;3366,108.0,2.0,1029027.72445,873,0.9453553469207792,873,0.5744958070251641,873,0.9728039213875268,873,0.7540800765924479,873,0.9933841681289372,873,0.8892786561694986,Bangui,2172,0.0860377338437642,873,0.0747826282372839,873,0.0767693963656196,873,0.0767693963656196,873,0.0767693963656196,873,0.0818325801673036,873,0.0633181626872097,873,0.0728101222405065,873,0.0747706569639716,873,0.0747706569639716,873,0.0747706569639716,858,873,4.532668971587751,873,0.9163200476578024,873,0.5750885706707692,873,0.9517341737006428,873,0.7263821098090855,873,0.9802667558965448,873,0.8613943567368061,Africa,Africa
535.0,CZE,CzechRepublic,,,2897.0,1879976.61092,,,,,9484,0.6793040081753488,9484,0.5513849549486932,9484,0.703565701573177,9484,0.6013494477521183,9484,0.7306615149152077,9484,0.6504826992184928,Prague,28660,0.0584867018728225,9484,0.0598532905505184,9484,0.0108859368621549,9484,0.0054922365252137,9484,0.0613146139931876,9484,0.0765725146600212,9484,0.0535246987006676,9484,0.0650080951062558,9484,0.0120949700989373,9484,0.0061102201384039,9484,0.0665824179865169,2580,9484,4.040809591526866,9484,0.7345040634936438,9484,0.6015852805684553,9484,0.7596084451031363,9484,0.6537793615942584,9484,0.7871608244146846,9484,0.704466695541991,Europe,Europe
536.0,DEU,Germany,,,6303.0,5837624.69456,,,,,19499,0.5822661936504419,19499,0.4547762155524533,19499,0.6075542487068398,19499,0.5104132983867672,19499,0.63560421558037,19499,0.5549193006053255,Dortmund,65228,0.0563021167257326,19499,0.0506349427503135,19499,0.0061104971903607,19499,0.0031359461032458,19499,0.051906151612892,19499,0.0658300073255471,19499,0.0388203453700444,19499,0.0511295192973863,19499,0.0061392797278618,19499,0.0031410685717999,19499,0.0524005009715525,3214,19499,4.695875545607468,19499,0.5880498085123173,19499,0.4577081863818968,19499,0.6112346656253846,19499,0.5159383408063675,19499,0.6354904598212332,19499,0.5620366792317871,Europe,Europe
537.0,DNK,Denmark,,,3406.0,1987482.45485,,,,,0,,0,,0,,0,,0,,0,,Copenhagen,0,,0,,0,,0,,0,,0,,0,,0,,0,,0,,0,,2752,0,,0,,0,,0,,0,,0,,0,,EuropeExtra,Europe
550.0,GIN,Guinea,63342.3744704,1.0,709.0,2533177.45823,1502,299.0,1.0,2469835.08376,658,0.2205676718860869,658,0.2000000029802322,658,0.2598331132577516,658,0.2000000029802322,658,0.3145883097795426,658,0.2053387201323055,Conakry,8768,0.0202868045695567,658,0.0202722470150795,658,0.0209014231424388,658,0.0142381063146377,658,0.0209014231424388,658,0.0587239620350251,658,0.0140724863495678,658,0.0358435105739368,658,0.0368224650672555,658,0.0248235703353214,658,0.0368224650672555,3384,658,2.96923133645586,658,0.3781977933689592,658,0.3588292777999573,658,0.4257016197546449,658,0.3588292777999573,658,0.4894775188899332,658,0.3623050668532134,Africa,Africa
552.0,GRC,Greece,,,1107.0,1041904.90789,,,,,3110,0.4145398959183614,3110,0.2212410519432148,3110,0.4636613803250581,3110,0.295710474562742,3110,0.5197454276706779,3110,0.3716121065132316,Thessaloniki,11757,0.0269816634442968,3110,0.0305350001573393,3110,0.0201562563163555,3110,0.0112350735411821,3110,0.0315744910339039,3110,0.052687732730122,3110,0.0161036729506972,3110,0.0323494907787296,3110,0.0209221537324458,3110,0.0110362973046064,3110,0.033500201052037,3336,3110,4.636753850519721,3110,0.458409047228221,3110,0.2316923502087482,3110,0.5140234492555739,3110,0.3070035830160227,3110,0.5753550781580223,3110,0.3959922263082367,Europe,Europe
566.0,JAM,Jamaica,,,742.0,1134768.96738,,,,,740,0.7571078110349208,740,0.712101412691725,740,0.7615948538356013,740,0.7278740473685138,740,0.7654020415099175,740,0.7458222194627313,Kingston,2847,0.0699433526764058,740,0.0717067323349772,740,0.0732375374713898,740,0.0732375374713898,740,0.0732375374713898,740,0.0588334744505348,740,0.0221038635980263,740,0.0391815025657624,740,0.0400695886252865,740,0.0400695886252865,740,0.0400695886252865,5806,740,3.9425427971789353,740,0.4286586135466331,740,0.3809751132245144,740,0.4351730924111205,740,0.3915675741333327,740,0.4440429841598975,740,0.4186362796866907,CAmerica,C America
567.0,JOR,Jordan,390764.182776,1.0,1598.0,4123100.49344,4408;4450,551.0,2.0,3732336.31066,169,0.5781065147127625,169,0.4905325477645242,169,0.5976331413850277,169,0.5236686432855369,169,0.6195266301462636,169,0.5538461594098418,Amman,419,0.0536460574189719,169,0.0519426042743071,169,0.0531816570055202,169,0.0278266270551279,169,0.0531816570055202,169,0.0559863892202017,169,0.0229260757234506,169,0.0376360073627782,169,0.0386143380131285,169,0.0207564882292087,169,0.0386143380131285,5899,169,6.003459312506681,169,0.4393908049272009,169,0.3394460903381455,169,0.4621677623962509,169,0.3748678960589438,169,0.4891651215241153,169,0.4138644852140951,SWAsia,SW Asia
581.0,MAR,Morocco,170360.651861,1.0,430.0,1122995.08714,1544,148.0,1.0,952634.435277,859,0.6834594864240103,859,0.481304333270185,859,0.7186372022955901,859,0.5666860071746559,859,0.7586487117562014,859,0.6433314929749817,Agadir,2998,0.0646158170998565,859,0.0567051462393281,859,0.0582224439892899,859,0.0582224439892899,859,0.0582224439892899,859,0.0760222347585075,859,0.0523154910655445,859,0.0641811034769608,859,0.0658316776436494,859,0.0658316776436494,859,0.0658316776436494,6251,859,3.906743087177488,859,0.7575235130327118,859,0.561907210815286,859,0.7903551489543655,859,0.6434714694896253,859,0.8252865621108436,859,0.7156894157741891,Africa,Africa
586.0,MLI,Mali,112069.243272,1.0,700.0,3290547.46126,1552;1553;1555,369.0,3.0,3178478.21799,1088,0.7242080253354897,1088,0.5071504058293668,1088,0.7638401377600077,1088,0.5909665268722655,1088,0.8104369398813467,1088,0.6749665554552384,Bamako,5504,0.0760914797227736,1088,0.0595193281623579,1088,0.0520367703541802,1088,0.0457222989255764,1088,0.061140202056142,1088,0.079910863057031,1088,0.0597921643651434,1088,0.069921111489598,1088,0.0614636441698714,1088,0.054547490648245,1088,0.0717002970624214,6073,1088,3.305386444842534,1088,0.8207913551489774,1088,0.6174760986176359,1088,0.8535101791772447,1088,0.7005221675539041,1088,0.889592165839071,1088,0.7779479460244015,Africa,Africa
594.0,NIC,Nicaragua,,,883.0,1274053.34671,,,,,59,0.6982649495210373,59,0.6375382711240578,59,0.7034700897566565,59,0.6514186530143393,59,0.7190855239077134,59,0.6843845611671984,Managua,6811,0.0684968510854102,59,0.0648123896253987,59,0.0662505624800233,59,0.0662505624800233,59,0.0662505624800233,59,0.0537094031792315,59,0.0106463524945482,59,0.0306081369551171,59,0.031336813472374,59,0.031336813472374,59,0.031336813472374,6502,59,3.095492698582223,59,0.336832880786753,59,0.2895647179739138,59,0.3468214879536731,59,0.3098317350805183,59,0.3643383186680853,59,0.3257854908269799,CAmerica,C America
596.0,NOR,Norway,,,4272.0,1359903.32368,,,,,4674,0.877241262691519,4674,0.5699774238441468,4674,0.8995183322241384,4674,0.7269369663381654,4674,0.9119823345990472,4674,0.8381560281374368,Oslo,53368,0.0624257469905538,4674,0.0716353905215841,4674,0.0421468143874866,4674,0.0203702887657984,4674,0.0734593557583049,4674,0.08268701348553,4674,0.0641817225023839,4674,0.0737117372349825,4674,0.0426617283010923,4674,0.0205645024252106,4674,0.0755492678583225,6974,4674,4.190394582319787,4674,0.8771008268388654,4674,0.6074653415049763,4674,0.8999363927600146,4674,0.752975178847178,4674,0.9187646890383518,4674,0.842497428223208,Europe,Europe
604.0,PHL,Philippines,422305.210964,1.0,760.0,1219135.09167,12770;12772;12776;12779,290.0,4.0,796829.880705,15600,0.736038437371214,15600,0.5451302477875213,15600,0.7508477814644182,15600,0.6300300784942682,15600,0.7773286495203401,15600,0.7015968072143021,Dagupan,33491,0.0659029455266302,15600,0.0625510672634217,15600,0.0543024911858651,15600,0.0298664527733516,15600,0.0641057251357583,15600,0.078605311595082,15600,0.05630182283775,15600,0.0676733664701762,15600,0.0589284450827332,15600,0.0327907149603516,15600,0.0693873011823355,7238,15600,2.827318836890578,15600,0.8049177383379317,15600,0.5735823385318384,15600,0.8306147243039156,15600,0.6828631021744007,15600,0.8569669452988907,15600,0.7687246028056586,SEAsia,SE Asia
633.0,TUR,Turkey,,,1125.0,3094411.99044,,,,,1333,0.4309483949225699,1333,0.3483427176501246,1333,0.4526205918207472,1333,0.3808170496826843,1333,0.468479051781362,1333,0.4160917013824337,Izmir,8132,0.0369534844557234,1333,0.0380083978368146,1333,0.0389453556943347,1333,0.021227952738672,1333,0.0389453556943347,1333,0.0533936857404492,1333,0.0140764980916083,1333,0.0319336924205482,1333,0.0327851962021782,1333,0.0181981886313238,1333,0.0327851962021782,8158,1333,3.0753067262131597,1333,0.3770622809465366,1333,0.2839589666112695,1333,0.3993029878849639,1333,0.3179330104527299,1333,0.4257519477860446,1333,0.3526795436183987,SWAsia,SW Asia
687.0,FIN,Finland,,,3066.0,1409994.0356,,,,,3077,0.7355986074633065,3077,0.5809709659578204,3077,0.755913737750948,3077,0.6609603982632906,3077,0.7760245858361922,3077,0.709997782775855,Helsinki,27410,0.0500165425671596,3077,0.0648673266257369,3077,0.0376486868156243,3077,0.0185421050435009,3077,0.0664193762641177,3077,0.0794274555827604,3077,0.0580081321294051,3077,0.0688502698786083,3077,0.0393030381613514,3077,0.018741356726172,3077,0.0704911638866994,3133,3077,4.3031361990189865,3077,0.7814098211063663,3077,0.6195845693710472,3077,0.8021123888065511,3077,0.7004541591199844,3077,0.8204463998050294,3077,0.7521398650089371,Europe,Europe
696.0,HKG,HongKong,68826.1000127,1.0,282.0,1303459.23035,12291,115.0,1.0,1234633.13034,43,0.4958362566787623,43,0.4000000059604645,43,0.5297968186346359,43,0.4000000059604645,43,0.5522670433896163,43,0.4339605707083482,Sha Tin,117,0.0402560980710864,43,0.0413455715287932,43,0.0046781853958386,43,0.0031113001663974,43,0.0424501044729213,43,0.0498031401431974,43,0.0121410984505676,43,0.0285785026283799,43,0.0041343273659079,43,0.0028837646208972,43,0.0294633945370486,3436,43,6.404431398441551,43,0.4010764923945596,43,0.263384566227066,43,0.4307216690095763,43,0.263384566227066,43,0.4424460598813581,43,0.3031938180093256,EAsia,E Asia
708.0,JPN,Japan,657636.517056,1.0,1938.0,2998820.90844,12741;12751;12752,579.0,3.0,2341184.39139,7631,0.624882398259816,7631,0.4671561766052846,7631,0.649257246795694,7631,0.5335681319540038,7631,0.6782850983154862,7631,0.5931964245481389,Fukuoka,11155,0.0555239409999533,7631,0.0531866329449898,7631,0.0043299656603229,7631,0.0023778024997949,7631,0.0545432028133844,7631,0.0642992811546591,7631,0.03177438368033,7631,0.0473339839996163,7631,0.0041998965421043,7631,0.0023443476706896,7631,0.0486352376351016,5811,7631,3.78255995844473,7631,0.5818371348007823,7631,0.3953093361007684,7631,0.6145824735423526,7631,0.4708706741455199,7631,0.6506266850704406,7631,0.5409187690179197,EAsia,E Asia
723.0,MDG,Madagascar,93153.1713528,1.0,448.0,2386441.86536,5792;5793,266.0,2.0,2293288.694,6544,0.5747531673008022,6544,0.453413928136117,6544,0.6009229435054261,6544,0.4988132214011581,6544,0.6292319924431676,6544,0.5454143138709292,Antananarivo,13958,0.0591541255315375,6544,0.0498543518667022,6544,0.0511128156973199,6544,0.0511128156973199,6544,0.0511128156973199,6544,0.068246748563357,6544,0.0389919585078031,6544,0.0530513050268708,6544,0.0543525465370264,6544,0.0543525465370264,6544,0.0543525465370264,6030,6544,4.59606834987686,6544,0.6023179474552588,6544,0.4905753901219333,6544,0.6250851996512604,6544,0.5319978765060845,6544,0.6506204585738231,6544,0.5756674732389266,Africa,Africa
740.0,PAN,Panama,,,952.0,1461305.31049,,,,,1058,0.8646087355588836,1058,0.7242361837389452,1058,0.8786854408543495,1058,0.805447653211831,1058,0.8916164725566929,1058,0.8495948320829018,Panama City,5834,0.0830230358006313,1058,0.0786524391138491,1058,0.0804356724602929,1058,0.0425801152694553,1058,0.0804356724602929,1058,0.0652160412523943,1058,0.0332038459615752,1058,0.0484546885381143,1058,0.0498135962641023,1058,0.0279512745035399,1058,0.0498135962641023,7176,1058,4.2374447380664,1058,0.602037063719274,1058,0.3972103894092511,1058,0.6378768858758779,1058,0.4827991847957683,1058,0.6794537195439341,1058,0.5563247782948999,CAmerica,C America
750.0,RUS,Russia,,,2764.0,5002494.4445,,,,,19066,0.6339985180655853,19066,0.4538021866768355,19066,0.6608410489665869,19066,0.5335576771896592,19066,0.6909743238235773,19066,0.5951794625334831,Saint Petersburg,36296,0.0550467877310062,19066,0.0530257650993351,19066,0.0079972904887871,19066,0.0065680841328918,19066,0.0544077140642625,19066,0.0565609352778032,19066,0.0253141448723247,19066,0.0387431169386028,19066,0.0060614758803074,19066,0.0048735382362833,19066,0.0397614383879277,7403,19066,8.216348630711668,19066,0.4595531586618964,19066,0.3407953573021316,19066,0.4817619814745825,19066,0.3859905881210591,19066,0.5091605353519391,19066,0.4323086175104453,Europe,C Asia
758.0,SRB,Serbia,,,1206.0,1416301.71285,,,,,9436,0.8110089013083738,9436,0.5706880147505605,9436,0.8569347900735501,9436,0.672967953995248,9436,0.8968580892109612,9436,0.7627221115163626,Belgrade,53539,0.0766656687536092,9436,0.0672959536192443,9436,0.0381682695971123,9436,0.016574733727247,9436,0.0690896693800259,9436,0.0860406763203557,9436,0.0707030100816235,9436,0.0788028066363705,9436,0.0433312358649579,9436,0.018240231868462,9436,0.0806936410753998,7654,9436,3.342502017292217,9436,0.9014307403376188,9436,0.7038707497401786,9436,0.9243123412348015,9436,0.7987249706506632,9436,0.9454164939142352,9436,0.8690467656258508,Europe,Europe
770.0,TWN,Taiwan,619511.560489,1.0,1786.0,4020321.03382,12687;12689;12693;12695;12697;12699,741.0,6.0,3400809.47333,11672,0.8110671878043517,11672,0.5770146022521223,11672,0.8404741665614773,11672,0.6818004078220999,11672,0.8727113188816552,11672,0.7685597555694249,Taichung,19774,0.0698091920205462,11672,0.0678225442706284,11672,0.0071926269096787,11672,0.0035726557143439,11672,0.0695679664624727,11672,0.0722783781976617,11672,0.0480031585364233,11672,0.0595947448793221,11672,0.0067631203725625,11672,0.0033804771448099,11672,0.0612077735506173,8011,11672,4.782117433799567,11672,0.7362447573801055,11672,0.4894390066036822,11672,0.7716566926394252,11672,0.595135517074542,11672,0.8065139493996751,11672,0.6867558066516376,EAsia,E Asia
789.0,AUS,Australia,,,4026.0,1384068.22419,,,,,1497,0.3814090879311832,1497,0.3299247731110579,1497,0.3924994630265364,1497,0.3527169903137434,1497,0.403351884501743,1497,0.3727556315487892,Adelaide,10349,0.0349083968397938,1497,0.0348475049485965,1497,0.0045091440996536,1497,0.0026062556286363,1497,0.0356542092774401,1497,0.047498586955027,1497,0.0129325934768912,1497,0.0270169799547,1497,0.0032625454922934,1497,0.0017934889040417,1497,0.0276323745835736,237,1497,3.0296681348164416,1497,0.2930376777385802,1497,0.2578844900450274,1497,0.3001904826550327,1497,0.2745480916741809,1497,0.3076973615608001,1497,0.2863926766073044,Australia,Oceania
790.0,AUT,Austria,,,3104.0,2381082.92866,,,,,14151,0.5100561801388305,14151,0.3442623080465684,14151,0.5383696224910424,14151,0.4148712847735929,14151,0.5685271921905333,14151,0.4758565712118568,Vienna,53027,0.0429365776683496,14151,0.0415502310006949,14151,0.0012483338366888,14151,0.0006260229469205583,14151,0.0426872854806407,14151,0.0595008275233132,14151,0.0285449221425632,14151,0.0423192388884414,14151,0.0012937742786676,14151,0.000649357670321934,14151,0.0434746117819022,258,14151,4.588088582524344,14151,0.5181625316319636,14151,0.3527378039328003,14151,0.5465789056222025,14151,0.4220988517750202,14151,0.5776862170333862,14151,0.4838888040743704,Europe,Europe
799.0,BLR,Belarus,,,1582.0,2137264.68485,,,,,1682,0.5993294532171276,1682,0.5223254498078709,1682,0.6148090762187358,1682,0.5535454906152095,1682,0.6303113465727415,1682,0.5815874234618432,Minsk,7021,0.047310632845251,1682,0.0547313779611192,1682,0.0559920013547215,1682,0.0498403394970574,1682,0.0559920013547215,1682,0.0658034402077399,1682,0.0368752326274878,1682,0.0503040021320173,1682,0.0514627679111149,1682,0.0441926246189569,1682,0.0514627679111149,347,1682,5.982361477139804,1682,0.5498345398780499,1682,0.4818707220830869,1682,0.5638896382625997,1682,0.5082041599976067,1682,0.5793825454785274,1682,0.5340338385666504,Europe,Europe
800.0,BOL,Bolivia,136178.659136,1.0,870.0,1227385.36304,897,223.0,1.0,1091206.70391,1624,0.7584359604278075,1786,0.6980947952077382,1786,0.7978148998311546,1786,0.7350136435350307,1786,0.8116524645962244,1786,0.769467499681089,Cochabamba,4435,0.0785201735397631,1624,0.0725331275317854,1624,0.0741588669138607,1624,0.0741588669138607,1624,0.0741588669138607,1624,0.0597423388384135,1624,0.0313244506987197,1624,0.0436789899443825,1624,0.0447152443027285,1624,0.0447152443027285,1624,0.0447152443027285,391,1786,4.069789283187198,1624,0.4506913681659076,1786,0.4144270368410708,1786,0.5082735519146896,1786,0.4482990369606661,1786,0.5238950512490413,1786,0.4774305014679363,SouthAmerica,S America
809.0,CMR,Cameroon,36945.3572643,1.0,360.0,3002078.17321,2850,224.0,1.0,2965132.81595,4692,0.6337555739534945,4692,0.4151730317575233,4692,0.665467515680547,4692,0.5167474103862192,4692,0.7077734834434765,4692,0.5933352537850453,Douala,8677,0.0550202176475244,4692,0.0513926239948213,4692,0.0528081715189007,4692,0.0528081715189007,4692,0.0528081715189007,4692,0.0599621713816766,4692,0.0239720724760951,4692,0.0408542155635664,4692,0.0419943009430119,4692,0.0419943009430119,4692,0.0419943009430119,780,4692,6.169561254765525,4692,0.5012794633028431,4692,0.3379590383927061,4692,0.5308415034142749,4692,0.4078221202173669,4692,0.570042603895472,4692,0.4677164514725913,Africa,Africa
811.0,COG,RepublicofCongo,10272.4103544,1.0,176.0,1646275.68146,3211,134.0,1.0,1636003.27111,924,0.948089761439168,924,0.7548688251556122,924,0.9718353935700352,924,0.8987421524087917,924,0.991285922833194,924,0.941370676726228,Brazzaville,4605,0.0953167239454925,924,0.0861337629792504,924,0.0881163359710965,924,0.0881163359710965,924,0.0881163359710965,924,0.0845215024417949,924,0.0688358568803871,924,0.0768973488531804,924,0.0788669818037876,924,0.0788669818037876,924,0.0788669818037876,7359,924,6.506231295259161,924,0.9212952682230274,924,0.6347041737413631,924,0.9504709745959014,924,0.7777801815065356,924,0.9848157107678106,924,0.8864858112286277,Africa,Africa
815.0,DEU,Germany,,,661.0,1003149.10566,,,,,4360,0.6737299955812952,4360,0.4860631032754932,4360,0.7040604043257478,4360,0.5717607884218808,4360,0.7327521396378961,4360,0.6374785874080864,Dusseldorf,13205,0.060662269856498,4360,0.056739925187134,4360,0.0070651990391027,4360,0.0036207230681715,4360,0.0582054301310079,4360,0.0699957439015836,4360,0.0473900308590777,4360,0.0576056887240771,4360,0.0069592352054319,4360,0.0035417735233538,4360,0.0590341146132081,3216,4360,4.75352256077103,4360,0.6722979005855885,4360,0.4952533188899509,4360,0.694686791420268,4360,0.584258547989707,4360,0.7142123972536768,4360,0.6480857253440494,Europe,Europe
818.0,ECU,Ecuador,118412.786234,1.0,1016.0,2857865.39619,427,301.0,1.0,2739452.60995,13243,0.9255736093691004,13243,0.7728358846183536,13243,0.9396635277651147,13243,0.8569512512696972,13243,0.956273094272415,13243,0.9045987491642392,Guayaquil,53904,0.0831500526066468,13243,0.0838257874271218,13243,0.0857383338025945,13243,0.0490460989411186,13243,0.0857383338025945,13243,0.0641342951123814,13243,0.0326139102786267,13243,0.0473611036199066,13243,0.0487178038905402,13243,0.029606847126711,13243,0.0487178038905402,2773,13243,5.775883909584326,13243,0.598560525253498,13243,0.3860217915758442,13243,0.6370234747815692,13243,0.4669048060420311,13243,0.6783499500001322,13243,0.5489772027097721,SouthAmerica,S America
826.0,GEO,Georgia,,,321.0,1150902.96446,,,,,1319,0.8306647210978151,1319,0.6979674745791004,1319,0.8521078015789594,1319,0.7558421645256124,1319,0.8724076612864589,1319,0.8072210788826474,Tbilisi,2919,0.060580425370456,1319,0.0747743225688527,1319,0.0323342767618753,1319,0.0179692842585614,1319,0.0765191383831155,1319,0.0680072700118007,1319,0.0388425496636296,1319,0.0528921870773348,1319,0.0263482232464953,1319,0.0151683357799361,1319,0.0542734991792857,3210,1319,8.139616794359926,1319,0.6239021623713663,1319,0.468875369058709,1319,0.655545938406338,1319,0.5272967153042074,1319,0.6906557535535439,1319,0.5870500489093698,SWAsia,SW Asia
843.0,JPN,Japan,386636.722339,1.0,1535.0,1589886.37124,12743,530.0,1.0,1203249.6489,5351,0.7979156994264721,5351,0.588632955673171,5351,0.8259098124888056,5351,0.6760514958463666,5351,0.8578169467489479,5351,0.7540217733935008,Kitakyushu,6709,0.0675213702673206,5351,0.0674130516384861,5351,0.0056884727546409,5351,0.0032212255619244,5351,0.0691286850151928,5351,0.0637542640452989,5351,0.0339314266447106,5351,0.0476551661663241,5351,0.0038843749156227,5351,0.0019568611850178,5351,0.0489981308767912,5812,5351,6.839555344653667,5351,0.5956153502298602,5351,0.393208723922449,5351,0.6323690363691136,5351,0.4716153714218924,5351,0.6714821653483336,5351,0.5478259471998431,EAsia,E Asia
865.0,NGA,Nigeria,428699.319383,1.0,2284.0,12337226.552,2118;2125;2157;2180,1322.0,4.0,11908527.2326,13521,0.5713663566147338,13521,0.3482822852547113,13521,0.6117601022191744,13521,0.4402841960220209,13521,0.6644875543437356,13521,0.5216640866915814,Lagos,30640,0.0457525887353574,13521,0.0444807259469736,13521,0.0458097012966189,13521,0.0458097012966189,13521,0.0458097012966189,13521,0.0576326612245282,13521,0.023159809059277,13521,0.0387398557647074,13521,0.0398663985822908,13521,0.0398663985822908,13521,0.0398663985822908,6543,13521,6.175223523322054,13521,0.4875075604548265,13521,0.3169087634455545,13521,0.5235114120429892,13521,0.382251844157354,13521,0.5632713299101721,13521,0.4465901834554649,Africa,Africa
869.0,NZL,NewZealand,212814.292333,1.0,2159.0,1465958.28323,13129;13130,573.0,2.0,1253143.9909,1350,0.5763818568013237,1350,0.523590641080181,1350,0.5813800715598021,1350,0.5547469148051274,1350,0.5823498745989254,1350,0.5682829058329966,Auckland,10847,0.0690585625897383,1350,0.0541672087344213,1350,0.0192158156366194,1350,0.01709083762514,1350,0.0553319101587002,1350,0.0483578392459045,1350,0.0146961438323597,1350,0.0280538694464854,1350,0.0083087914838604,1350,0.0070230088218727,1350,0.0287010676065846,6498,1350,6.353778041750159,1350,0.3165344864576535,1350,0.2530588164764759,1350,0.3208850258953201,1350,0.2853815727908354,1350,0.3235990835714183,1350,0.3084594419181868,Oceania,Oceania
888.0,SLV,ElSalvador,,,2004.0,2661755.75746,,,,,269,0.8651612540828454,269,0.8026171939465248,269,0.8734005909199061,269,0.829956812637664,269,0.8820144442954994,269,0.8509296721617625,San Salvador,4302,0.0732216365078198,269,0.0815876283565359,269,0.0833516585331043,269,0.0833516585331043,269,0.0833516585331043,269,0.0767947260000187,269,0.0513563304771871,269,0.0642624370814332,269,0.0657469930583076,269,0.0657469930583076,269,0.0657469930583076,2879,269,2.807948452551515,269,0.7051824656895213,269,0.6141445065321971,269,0.7217352639051243,269,0.6488206472509146,269,0.7422774479490405,269,0.6833386792032166,CAmerica,C America
906.0,URY,Uruguay,244830.597626,1.0,802.0,1738937.87726,1137;1138;1146,298.0,3.0,1494107.27963,2744,0.9473961179952262,2744,0.8264967192861792,2744,0.9556140959513376,2744,0.9047131179828624,2744,0.9573319077241232,2744,0.9354240362536534,Montevideo,6677,0.0852315988032263,2744,0.0879233481644999,2744,0.0484327401297729,2744,0.0220411908890937,2744,0.0898380121700387,2744,0.0719174626061132,2744,0.0441911243447223,2744,0.057846440738761,2744,0.0344427069331679,2744,0.0166643243373772,2744,0.0594305696982373,8741,2744,5.525904508803266,2744,0.7172149136730428,2744,0.4746832174176056,2744,0.7549931409686558,2744,0.5753672220187647,2744,0.7920641909442564,2744,0.6688745554815487,SouthAmerica,S America
947.0,DZA,Algeria,133331.606969,1.0,465.0,1332318.68679,1890;1916,172.0,2.0,1198987.07982,32,0.3062500071246177,32,0.2718750059138983,32,0.3187500073108822,32,0.2718750059138983,32,0.3187500073108822,32,0.3031250070780515,Oran,1004,0.017835707493805,32,0.0277843753101478,32,0.0284218752276501,32,0.0148281251240405,32,0.0284218752276501,32,0.0618438645033165,32,0.0237443956266361,32,0.0422673829598352,32,0.0432339658291311,32,0.0223429542093072,32,0.0432339658291311,41,32,3.1588460579514503,32,0.4595418819226324,32,0.4093786106677726,32,0.4710398353636265,32,0.4262618646025657,32,0.4832917649764567,32,0.4463390833698213,Africa,Africa
955.0,GBR,UnitedKingdom,,,2350.0,1743356.14606,,,,,3659,0.6814349360844676,3659,0.481622779217647,3659,0.7115079804480944,3659,0.570895375437407,3659,0.7437693988906285,3659,0.6429810654105158,Glasgow,10954,0.056202857582507,3659,0.0568084537622154,3659,0.005747780987448,3659,0.0030647796405742,3659,0.058295992519826,3659,0.0681544493104033,3659,0.0394449508738962,3659,0.0531412065333679,3659,0.0055167716491863,3659,0.0030566809878084,3659,0.054508898844399,8393,3659,5.262195035372012,3659,0.636803971990145,3659,0.4471589277298603,3659,0.660050770612951,3659,0.5364394891849008,3659,0.6838459015243643,3659,0.6031326190037116,Europe,Europe
959.0,GRC,Greece,,,2246.0,3747423.8788,,,,,68,0.3000000119209289,68,0.3000000119209289,68,0.3000000119209289,68,0.3000000119209289,68,0.3000000119209289,68,0.3000000119209289,Athens,356,0.0294000003486871,68,0.0294000003486871,68,0.0300000011920928,68,0.0300000011920928,68,0.0300000011920928,68,0.0475389649543692,68,0.0078560687753077,68,0.0247854418463676,68,0.0252912667552557,68,0.0252912667552557,68,0.0252912667552557,3339,68,5.461201909710379,68,0.2529126725652638,68,0.2529126725652638,68,0.2529126725652638,68,0.2529126725652638,68,0.2529126725652638,68,0.2529126725652638,Europe,Europe
964.0,HUN,Hungary,,,4197.0,2822154.57221,,,,,21036,0.6958486725847604,21036,0.456857879858662,21036,0.7347637143258138,21036,0.5581987496295233,21036,0.7739768867343824,21036,0.6489944951124946,Budapest,86350,0.055194562959054,21036,0.0560481719396134,21036,0.0073875956160239,21036,0.003811064647377,21036,0.057596125840153,21036,0.075290784553574,21036,0.0510472896129187,21036,0.0630564775512378,21036,0.0080854783663027,21036,0.0041520033527667,21036,0.0647389023952933,3442,21036,3.7684555151837458,21036,0.7682156035962543,21036,0.5248204933765392,21036,0.8051744201397641,21036,0.6311372809059841,21036,0.8412119367414902,21036,0.7223170989584161,Europe,Europe
967.0,IRN,Iran,,,892.0,1839113.7169,,,,,685,0.5259968190792692,685,0.4061852893955073,685,0.5505429223700481,685,0.454157692899823,685,0.5767839613802549,685,0.500173365608509,Tabriz,5118,0.0444127531813121,685,0.0453367312868545,685,0.0464902989488566,685,0.0249817241158337,685,0.0464902989488566,685,0.0619506233978814,685,0.0275049143583409,685,0.0437222692763777,685,0.0449074948477681,685,0.0245505132972829,685,0.0449074948477681,5490,685,2.77777951552948,685,0.5252192928737222,685,0.3802158274907184,685,0.5562894162615242,685,0.4340634293782804,685,0.5926126080382276,685,0.4900557661970525,SWAsia,SW Asia
976.0,KHM,Cambodia,324567.028572,1.0,720.0,2140599.39492,11478,263.0,1.0,1816032.36634,20891,0.7498098219671279,20891,0.5957752168640604,20891,0.7794494018942494,20891,0.6615496692673225,20891,0.8143927399610041,20891,0.7126920700138257,Phnom Penh,46859,0.0708167088277509,20891,0.0655731687205373,20891,0.0474052018620375,20891,0.0344902111797064,20891,0.0672019544241167,20891,0.069427367910605,20891,0.0439651871277638,20891,0.0558154964654254,20891,0.042557506611448,20891,0.0326935589595344,20891,0.0572815061989749,773,20891,4.7642777661582025,20891,0.6570789932885444,20891,0.4933007617116695,20891,0.6934343979587644,20891,0.5585024298195422,20891,0.7330044183358236,20891,0.6170772062285937,SEAsia,SE Asia
1003.0,PRT,Portugal,,,1487.0,1594480.22563,,,,,2352,0.9190214248763764,2352,0.7142633464845223,2352,0.9414884922909468,2352,0.8130248342905285,2352,0.9589297608062968,2352,0.8850902380020748,Porto,4503,0.0838091316913452,2352,0.0801763903501779,2352,0.0144072641606488,2352,0.0092433846773119,2352,0.0820942506175882,2352,0.0869652962896985,2352,0.0738514265173376,2352,0.0806270794174403,2352,0.0142328136925683,2352,0.0091074832365608,2352,0.0825256414154613,7348,2352,4.465799855941149,2352,0.9140807275907836,2352,0.7266530133347214,2352,0.9328374814865916,2352,0.8191275179100518,2352,0.9492800194569272,2352,0.8842389592583095,Europe,Europe
1009.0,SAU,SaudiArabia,129967.197663,1.0,534.0,1297733.02846,4907;4937,240.0,2.0,1167765.8308,1858,0.7195084316096259,1858,0.6101528374885764,1858,0.7393476693063047,1858,0.6570861550416932,1858,0.7581805024767021,1858,0.6960958133195315,Medina,2947,0.0672573858682163,1858,0.0649501578446515,1858,0.0347855440275608,1858,0.0144878146636305,1858,0.0664665189142737,1858,0.0687058140018244,1858,0.0426920925131965,1858,0.0548239387843408,1858,0.029819289033953,1858,0.0125896108465984,1858,0.0561632400926511,7587,1858,5.053053192674924,1858,0.623921941481141,1858,0.5018748010851986,1858,0.6456527007306636,1858,0.5518832358767458,1858,0.6696502392285294,1858,0.5967619551236848,SWAsia,SW Asia
1018.0,SYR,Syria,599039.227775,1.0,1268.0,3304903.1249,4407,321.0,1.0,2705863.89713,1937,0.3905698766387644,1937,0.3307019984967555,1937,0.4030581203832183,1937,0.3533183979201306,1937,0.4149840978778009,1937,0.3767477325188498,Damascus,4397,0.030679647382179,1937,0.0350992229911492,1937,0.0359291914339347,1937,0.0359291914339347,1937,0.0359291914339347,1937,0.0429922377428702,1937,0.010445046320116,1937,0.0227825923625392,1937,0.0233560405176842,1937,0.0233560405176842,1937,0.0233560405176842,7992,1937,4.450057037468586,1937,0.2611110308346462,1937,0.2087756871011145,1937,0.2727414916876757,1937,0.2280391720951929,1937,0.2867240184320108,1937,0.2481124331107644,SWAsia,SW Asia
1022.0,TJK,Tajikistan,,,350.0,1241583.18275,,,,,2022,0.3753463429566921,2022,0.3010530631832053,2022,0.3917057533275252,2022,0.3280926540449643,2022,0.4099511916262076,2022,0.356783498857375,Dushanbe,3395,0.0349414415187247,2022,0.0327825500903597,2022,0.0336024524726867,2022,0.0336024524726867,2022,0.0336024524726867,2022,0.0400349226370366,2022,0.0092023405749751,2022,0.0206019737469059,2022,0.0211558022470724,2022,0.0211558022470724,2022,0.0211558022470724,8026,2022,4.595491445433607,2022,0.2453933571259871,2022,0.181804740327131,2022,0.2598543513097212,2022,0.2043829618985803,2022,0.2769142247554358,2022,0.2293148939825827,CAsia,C Asia
1036.0,YEM,Yemen,134239.528822,1.0,500.0,2671299.11422,5635,198.0,1.0,2537059.5854,552,0.3915194725168473,552,0.3415418809729543,552,0.4051248904966295,552,0.3628118625903525,552,0.4156464140127525,552,0.378775553203778,Sana'a,696,0.0352701607870228,552,0.0358068977331074,552,0.0366381905706856,552,0.0366381905706856,552,0.0366381905706856,552,0.0325994308018768,552,0.0041715836531024,552,0.0137810202948801,552,0.0141284189232675,552,0.0141284189232675,552,0.0141284189232675,8961,552,8.513971401903255,552,0.1575391679714843,552,0.1275637105943145,552,0.1648520142554156,552,0.1375074200401201,552,0.1736992773611643,552,0.1495065009457563,SWAsia,SW Asia
1055.0,CHL,Chile,176052.681306,1.0,788.0,1008041.3939,901,184.0,1.0,831988.712593,719,0.8884560656489429,719,0.7678955146526251,719,0.9047862319000152,719,0.8259698674365368,719,0.9187235522386636,719,0.8660169796547078,Viña del Mar [Valparaíso],2155,0.0834827543385089,719,0.0812171721497389,719,0.0180623295413236,719,0.0093192327790542,719,0.0830546201534118,719,0.0730844764723152,719,0.0474890700360916,719,0.0599565074065839,719,0.0143586995825337,719,0.0075352542180888,719,0.0614936943890618,898,719,3.486071156373346,719,0.7033378197385439,719,0.5318656349502432,719,0.7341908015548335,719,0.6000364253978239,719,0.7685931063510458,719,0.66468617460796,SouthAmerica,S America
1064.0,DEU,Germany,,,3263.0,3178671.81558,,,,,10196,0.7534250175842764,10196,0.559076692177566,10196,0.7801693823798017,10196,0.6481746144693407,10196,0.8078538216580358,10196,0.7162660176851231,Cologne,27049,0.064323119074671,10196,0.0642123677209228,10196,0.0078317283813709,10196,0.003997742412974,10196,0.0658280758102472,10196,0.0746047269718457,10196,0.0533878665292458,10196,0.0633813906849729,10196,0.0075540821598674,10196,0.0038466560997315,10196,0.064934283826403,3218,10196,4.702929522817704,10196,0.7302402250747403,10196,0.5630238700893023,10196,0.7527302196910801,10196,0.6415084886140032,10196,0.7764459510043745,10196,0.6996531840179095,Europe,Europe
1084.0,IRQ,Iraq,124023.830614,1.0,453.0,1218694.94921,4990;5009,155.0,2.0,1094671.11859,1102,0.7729664361959212,1102,0.6033830529424226,1102,0.7980894751776444,1102,0.68069784614703,1102,0.8256930354306166,1102,0.7393023669712478,Mosul,2996,0.0743952524619706,1102,0.0673266829552774,1102,0.0689780691854685,1102,0.0368760467408327,1102,0.0689780691854685,1102,0.0754550883594899,1102,0.0537252405022092,1102,0.0641985775694372,1102,0.0658190050696598,1102,0.0357562582887771,1102,0.0658190050696598,5655,1102,3.713308395720457,1102,0.7583176793605403,1102,0.5561678670991611,1102,0.7854026055563731,1102,0.6463419964258922,1102,0.8102131615271698,1102,0.7198194497905727,SWAsia,SW Asia
1091.0,KGZ,Kyrgyzstan,,,389.0,1179392.01353,,,,,108,0.4000000059604645,108,0.4000000059604645,108,0.4000000059604645,108,0.4000000059604645,108,0.4000000059604645,108,0.4000000059604645,Bishkek,407,0.0392000004649162,108,0.0392000004649162,108,0.0399999991059303,108,0.0399999991059303,108,0.0399999991059303,108,0.0534301896186621,108,0.0103009003844116,108,0.0301443201496453,108,0.0307595097386907,108,0.0307595097386907,108,0.0307595097386907,5976,108,3.867366113290488,108,0.3075951045988108,108,0.3075951045988108,108,0.3075951045988108,108,0.3075951045988108,108,0.3075951045988108,108,0.3075951045988108,CAsia,C Asia
1095.0,LKA,SriLanka,,,791.0,1182446.9012,,,,,1096,0.8666970786115114,1096,0.8070255462895998,1096,0.8811131365882763,1096,0.8277372250700519,1096,0.8951642307704383,1096,0.8529197060414692,Kandy,1933,0.0768304473282079,1096,0.0817109475279376,1096,0.0835012776461042,1096,0.0835012776461042,1096,0.0835012776461042,1096,0.0804079081030413,1096,0.0632530798839004,1096,0.071586252214178,1096,0.0731828989884663,1096,0.0731828989884663,1096,0.0731828989884663,7880,1096,5.740744544641815,1096,0.7661288150103531,1096,0.7006223309788526,1096,0.781589272771928,1096,0.7250523645784298,1096,0.7983224006016215,1096,0.7499396904494042,SAsia,S Asia
1133.0,SYR,Syria,324989.970046,1.0,1036.0,2437709.28388,4417,294.0,1.0,2112719.31383,921,0.7472312695525757,921,0.6435396322630645,921,0.767100976308834,921,0.6846905554787344,921,0.7890336571441282,921,0.7246471222542655,Aleppo,2396,0.0602044780863034,921,0.0678252441713527,921,0.0694033116452096,921,0.0694033116452096,921,0.0694033116452096,921,0.0651384669282229,921,0.0354469488853435,921,0.0494440343265343,921,0.0506694464202076,921,0.0506694464202076,921,0.0506694464202076,7993,921,7.596220804995228,921,0.5651551428393549,921,0.453264368358235,921,0.5878028576034774,921,0.4957730761728169,921,0.6127058728623338,921,0.5386284227714541,SWAsia,SW Asia
1141.0,TWN,Taiwan,534567.303907,1.0,2463.0,9530828.72544,12696;12701,1052.0,2.0,8996261.42153,14145,0.9376806418866622,14145,0.7869931543370626,14145,0.9478001899251696,14145,0.8749675007113098,14145,0.9552186173926852,14145,0.919840277311028,New Taipei [Taipei],20005,0.0812240555937122,14145,0.0853269673738815,14145,0.0212164023126743,14145,0.0198731425186843,14145,0.0872374049981007,14145,0.0747883952101988,14145,0.0512759708531315,14145,0.0626811643366277,14145,0.0179198562908175,14145,0.0168096950115399,14145,0.0642988785524874,8013,14145,9.044980922579246,14145,0.7438115319865949,14145,0.541588803526704,14145,0.7758554345811938,14145,0.6290056628270093,14145,0.808856577040328,14145,0.7042962661051376,EAsia,E Asia
1150.0,YEM,Yemen,53429.0223569,1.0,199.0,1123215.9061,5639;5641,105.0,2.0,1069786.88374,0,,0,,0,,0,,0,,0,,Ta'izz,0,,0,,0,,0,,0,,0,,0,,0,,0,,0,,0,,8962,0,,0,,0,,0,,0,,0,,0,,Africa,SW Asia
1160.0,BEL,Belgium,,,2393.0,1817176.41497,,,,,11906,0.3198189834087812,11906,0.2665159247804043,11906,0.329742576348305,11906,0.2879321162324975,11906,0.3468937239049661,11906,0.3063100869858457,Antwerp,29829,0.0308465112731067,11906,0.0285443375350829,11906,0.002170332075851,11906,0.0011202827110442,11906,0.0292381251611882,11906,0.0515068689229725,11906,0.0140133910708301,11906,0.0304578940421418,11906,0.0022978581445727,11906,0.0011407818598304,11906,0.031216069100005,360,11906,4.201202037910237,11906,0.3453367291523408,11906,0.2814633126243619,11906,0.3617461579739962,11906,0.3059477368500029,11906,0.3790875382126514,11906,0.3288880192411562,Europe,Europe
1234.0,SAU,SaudiArabia,353279.895783,1.0,1517.0,3992565.12509,4921;4952;5010,574.0,3.0,3639285.2293,3264,0.4213519896509342,3264,0.3341432557516808,3264,0.4421539155373852,3264,0.3680378350069294,3264,0.4620984617000038,3264,0.4001517296293816,Jeddah,9565,0.0386761296217502,3264,0.0367000327021027,3264,0.020200263329983,3264,0.008756220129418,3264,0.0376242296723219,3264,0.0506337851248583,3264,0.013346117682754,3264,0.029504161527531,3264,0.0167036466500851,3264,0.0074121184232914,3264,0.0303140713939061,7589,3264,3.072301566380349,3264,0.3554781610809928,3264,0.2556938265556236,3264,0.3782631280698896,3264,0.2927721459106359,3264,0.4049549112241389,3264,0.3307179488070474,SWAsia,SW Asia
1245.0,TGO,Togo,93911.6400371,1.0,520.0,2180682.66188,2020,297.0,1.0,2086771.02184,512,0.3257025867510351,512,0.1812608788020925,512,0.3631839174311171,512,0.2348665711102017,512,0.4122491930248663,512,0.2913680572922246,Lomé,5882,0.0252477130363534,512,0.0242674246349773,512,0.0250919230854332,512,0.0250919230854332,512,0.0250919230854332,512,0.0460247276224794,512,0.009023279581087,512,0.0243406986798268,512,0.0251498863788467,512,0.0251498863788467,512,0.0251498863788467,8121,512,5.519069271915626,512,0.3177048943653766,512,0.1950333515048955,512,0.3552912543672559,512,0.2339514344187974,512,0.4045938847855531,512,0.2847982471065816,Africa,Africa
1255.0,USA,UnitedStates,,,4038.0,5118911.59243,,,,,7632,0.3849893706936926,7632,0.3326018345549834,7632,0.3946252161824415,7632,0.3544299746481054,7632,0.4072108101831091,7632,0.3738852057096419,San Jose,17813,0.0377216507544568,7632,0.0350466861619775,7632,0.0011146494906194,7632,0.0007105074375948226,7632,0.0358611076920808,7632,0.0366463357728045,7632,0.0078258817715699,7632,0.017992322473924,7632,0.0006402007224089645,7632,0.0004319362041405352,7632,0.0184132831661318,8486,7632,6.896536374338711,7632,0.1978624688646948,7632,0.1704685341086221,7632,0.203106288919056,7632,0.1819640703204859,7632,0.2104803321880325,7632,0.1919966103591257,NorthAmerica,N America
1266.0,AUS,Australia,,,8348.0,4474593.50047,,,,,5636,0.6724400694275807,5636,0.5636162777908494,5636,0.6865697590079225,5636,0.6152788418004655,5636,0.7044897619311881,5636,0.651973825475624,Melbourne,23005,0.0576846974256203,5636,0.0605873507210319,5636,0.0071340722339438,5636,0.00375099755123,5636,0.0619963309331687,5636,0.061440157000767,5636,0.0333307047652924,5636,0.045742005756765,5636,0.0054989891392936,5636,0.0028683401386163,5636,0.0468566062692939,240,5636,5.279676695169777,5636,0.5184918162138421,5636,0.4173080974786069,5636,0.5364196713775811,5636,0.4615313668844902,5636,0.5572999500958165,5636,0.4988865921743957,Australia,Oceania
1269.0,BEL,Belgium,,,1851.0,2269665.21302,,,,,4027,0.4852083469014696,4027,0.4047100986934037,4027,0.4991918300491338,4027,0.4380021199057379,4027,0.5131167315842384,4027,0.4662213703277593,Brussels,6624,0.0466774667244316,4027,0.0433677695239486,4027,0.0036459181708457,4027,0.0017067937380155,4027,0.0443940030738538,4027,0.0504366759902336,4027,0.0178191017277277,4027,0.0313785724435517,4027,0.0026863536387204,4027,0.0012642527826451,4027,0.0321337733842032,361,4027,7.637511486357631,4027,0.3522935717474908,4027,0.2919035089927718,4027,0.3637271716452362,4027,0.3160128554062529,4027,0.3776003390116719,4027,0.3388479838239142,Europe,Europe
1276.0,CAN,Canada,,,2051.0,1382751.20609,,,,,2508,0.6223625781948773,2508,0.5289016390984554,2508,0.6381835829739549,2508,0.568538066783929,2508,0.6552263342904625,2508,0.6022566687859647,Calgary,12858,0.0531901469281285,2508,0.0562124901625868,2508,0.0300869499297906,2508,0.0125250291558263,2508,0.0575229424111249,2508,0.0629917570317128,2508,0.0320205458131788,2508,0.0463525205210798,2508,0.025209826783797,2508,0.0106728530920744,2508,0.0474918982330055,826,2508,5.054668889242757,2508,0.5283803202609536,2508,0.4264793245929011,2508,0.5486125988648715,2508,0.4648035321634272,2508,0.5696886186846629,2508,0.5043280383220999,NorthAmerica,N America
1284.0,COL,Colombia,67689.9256997,1.0,408.0,2390801.63626,512,170.0,1.0,2323111.71056,2716,0.7489172231649502,2716,0.6346252379005293,2716,0.7686730266058309,2716,0.68321793893147,2716,0.7884365117213193,2716,0.7266914910953154,Cali,10747,0.0746232078000571,2716,0.0676024042131044,2716,0.0691792772126412,2716,0.0362331975388644,2716,0.0691792772126412,2716,0.0442882523509356,2716,0.0117058010665272,2716,0.024416888208056,2716,0.0250599745723403,2716,0.0134983972473165,2716,0.0250599745723403,2470,2716,6.407086396974857,2716,0.2862051651625459,2716,0.2194634721594993,2716,0.3022063898906633,2716,0.2429996200021719,2716,0.3215431256261727,2716,0.2686318848718941,SouthAmerica,S America
1296.0,GHA,Ghana,279984.087269,1.0,1029.0,3234531.77085,1785,431.0,1.0,2954547.68358,20,0.3407266991721296,20,0.2647235001316325,20,0.3509083723124688,20,0.2934517903979677,20,0.3643641511071677,20,0.3221800829400842,Kumasi,393,0.0429555552181106,20,0.0293053907793506,20,0.0300341185078584,20,0.0300341185078584,20,0.0300341185078584,20,0.0675408607915885,20,0.0287376227412119,20,0.0486405918861421,20,0.0498418463979724,20,0.0498418463979724,20,0.0498418463979724,3291,20,2.5353981366674443,20,0.5569002543839896,20,0.4477786822134826,20,0.5804260957143482,20,0.4866757340257718,20,0.6006274484105394,20,0.5289848988154711,Africa,Africa
1301.0,HND,Honduras,,,862.0,1148517.18511,,,,,82,0.8317073089320485,82,0.8085365778789287,82,0.8353658456627916,82,0.8207317001935912,82,0.8365853581486679,82,0.8280487736550773,Tegucigalpa,387,0.0891307035378962,82,0.0804378032775186,82,0.0821109760280062,82,0.0821109760280062,82,0.0821109760280062,82,0.0626248738887469,82,0.0423825565291137,82,0.0500970032327331,82,0.0511987913036491,82,0.0511987913036491,82,0.0511987913036491,3430,82,6.702699652532252,82,0.5342978788312616,82,0.4926520489247107,82,0.5424337144032484,82,0.5075409062115884,82,0.550893382373743,82,0.5237878812249841,CAmerica,C America
1302.0,HTI,Haiti,,,508.0,2847436.08117,,,,,69,0.699999988079071,69,0.699999988079071,69,0.699999988079071,69,0.699999988079071,69,0.699999988079071,69,0.699999988079071,Port-au-Prince,390,0.0685999989509582,69,0.0685999989509582,69,0.0700000002980232,69,0.0700000002980232,69,0.0700000002980232,69,0.055813322842553,69,0.0115678272230307,69,0.0325120432923237,69,0.033175553843055,69,0.033175553843055,69,0.033175553843055,3409,69,3.384141071983006,69,0.3317555422368257,69,0.3317555422368257,69,0.3317555422368257,69,0.3317555422368257,69,0.3317555422368257,69,0.3317555422368257,CAmerica,C America
1322.0,MYS,Malaysia,968296.471679,1.0,3314.0,7481102.84749,11139;11143;11154,1401.0,3.0,6512806.37581,22086,0.6028548715980552,22086,0.4913633799735832,22086,0.621356793038146,22086,0.5403965532423696,22086,0.6444826761653308,22086,0.579668618838085,Kuala Lumpur,42461,0.0542803481303667,22086,0.0534668818248408,22086,0.0301217186745467,22086,0.0137433069297798,22086,0.0547558469219453,22086,0.0568265591545453,22086,0.0242381488664799,22086,0.0387490096785401,22086,0.0224485151324087,22086,0.0104809160406244,22086,0.0397518445033458,6047,22086,5.663223309682194,22086,0.4556573745918559,22086,0.3398615529230188,22086,0.4774429513770264,22086,0.3891231310301998,22086,0.5014172655786735,22086,0.4304108895015435,SEAsia,SE Asia
1338.0,RWA,Rwanda,118863.632525,1.0,483.0,1294124.27931,4172;4196,231.0,2.0,1175260.64679,303,0.5836766445223825,303,0.5131752846934108,303,0.5977846888881039,303,0.5408278308632167,303,0.6162844939027785,303,0.5705596605743641,Kigali,1911,0.0512351388346803,303,0.0535668285211333,303,0.0547993979497663,303,0.0547993979497663,303,0.0547993979497663,303,0.0697970899707665,303,0.043913033061239,303,0.0562579701529737,303,0.0575479408801202,303,0.0575479408801202,303,0.0575479408801202,7580,303,4.760703528617729,303,0.6144023999022346,303,0.5388843382562497,303,0.628651156305566,303,0.5681010234125141,303,0.6449848805896987,303,0.5985860672000807,Africa,Africa
1385.0,COD,DemocraticRepublicoftheCongo,90573.9903324,1.0,591.0,5764312.31853,3209;3222,398.0,2.0,5673738.3282,3421,0.9860584090246488,3421,0.6868130125184527,3421,0.9893806605297304,3421,0.9147060774775811,3421,0.9922579676742628,3421,0.9768481183309962,Kinshasa,5855,0.0898383092497589,3421,0.0861368776007985,3421,0.0881213947689498,3421,0.0881213947689498,3421,0.0881213947689498,3421,0.0849404507860161,3421,0.0693915729208519,3421,0.0775393920272547,3421,0.0795262631880643,3421,0.0795262631880643,3421,0.0795262631880643,2634,3421,6.820618725994432,3421,0.982099846965881,3421,0.5635970696244428,3421,0.9898184068892688,3421,0.7926889698264898,3421,0.993435043275937,3421,0.9463366049083916,Africa,Africa
1397.0,FRA,France,,,2165.0,1045640.52873,,,,,8606,0.6344195804893275,8606,0.3865674801504072,8606,0.6790715445557785,8606,0.4925687808955459,8606,0.7294872398780516,8606,0.5826269397969921,Bordeaux,41640,0.0560355780479706,8606,0.0495881408274987,8606,0.0081881037918559,8606,0.0050042246034393,8606,0.0510471152858545,8606,0.0750451295209421,8606,0.0492884107917805,8606,0.0623233112515646,8606,0.0098531291220502,8606,0.0059647813365021,8606,0.0640452692655467,3143,8606,3.541539019389852,8606,0.7803984444397466,8606,0.5006448412747206,8606,0.8225270221245607,8606,0.6215834987195317,8606,0.8609787372042931,8606,0.7254643037603574,Europe,Europe
1427.0,NLD,Netherlands,,,1294.0,1929349.97444,,,,,6208,0.2952475662020327,6208,0.3000000119209289,6208,0.2958181909553812,6208,0.3000000119209289,6208,0.3030338098428508,6208,0.2956106855534312,Amsterdam,15305,0.0293187208124864,6208,0.0292643940224207,6208,0.0007056988791395324,6208,0.0004036817112370512,6208,0.0298704623102853,6208,0.0477998421837537,6208,0.0077691781730376,6208,0.0248959976266902,6208,0.0006294691844585532,6208,0.0003685020579882269,6208,0.0254200822953358,6471,6208,5.295499299931307,6208,0.2516537681936633,6208,0.2549693836897941,6208,0.2526537185381102,6208,0.2549693836897941,6208,0.262042473122042,6208,0.2515952936096608,Europe,Europe
1445.0,SWE,Sweden,,,2536.0,2011040.46665,,,,,2082,0.3360314452714544,2082,0.2928911972514647,2082,0.3492567881568275,2082,0.3141515988943221,2082,0.3595471706192658,2082,0.3281407310018673,Stockholm,24548,0.0371770708305323,2082,0.0309077416715847,2082,0.0114995380907021,2082,0.0086530853171237,2082,0.031626836593878,2082,0.057738747024377,2082,0.0158975920009818,2082,0.0358978513973411,2082,0.0139750630945903,2082,0.0106735185219037,2082,0.0367408252074558,7972,2082,3.658544031178565,2082,0.3960088630217795,2082,0.3333343348707779,2082,0.4085598256813685,2082,0.3659265854982512,2082,0.4214871522880895,2082,0.3845446562731995,Europe,Europe
1459.0,VEN,Venezuela,164144.875815,1.0,851.0,2305881.75782,719,285.0,1.0,2141736.88201,420,0.7378887123837902,420,0.6535513229854091,420,0.7424188324353758,420,0.7028056180720954,420,0.7434279491723258,420,0.7199141458514158,Maracaibo,841,0.0683674934599462,420,0.0684682731254306,420,0.0699551299368051,420,0.043392422501019,420,0.0699551299368051,420,0.0555211868224907,420,0.0129322377310776,420,0.0330679991856505,420,0.0338822153023838,420,0.0199293477246826,420,0.0338822153023838,8798,420,3.4383169861740224,420,0.375299377606398,420,0.3083848028360309,420,0.3912811141372394,420,0.3324341971716152,420,0.407108322458532,420,0.3535239512690329,SouthAmerica,S America
1467.0,ARG,Argentina,228014.017986,1.0,1159.0,1074939.05111,991,168.0,1.0,846925.033127,2658,0.718754571331932,2658,0.5540060148685539,2658,0.7435035714514431,2658,0.6260313545977015,2658,0.7706911600687045,2658,0.6876418204813971,San Miguel de Tucumán,15567,0.0651919909585083,2658,0.0621649509184025,2658,0.0637063335973361,2658,0.034205399128431,2658,0.0637063335973361,2658,0.0538425558086914,2658,0.020106298009361,2658,0.0346929640701596,2658,0.0356906072269213,2658,0.019902544480036,2658,0.0356906072269213,176,2658,3.151000466686592,2658,0.4321008858587977,2658,0.2897349630438177,2658,0.4630260969714597,2658,0.3417875454973078,2658,0.4988214634817589,2658,0.3968497545187896,SouthAmerica,S America
1477.0,BRA,Brazil,63874.4485804,1.0,453.0,2080861.00923,1006,261.0,1.0,2016986.56065,789,0.9655785526437518,789,0.8755164639809413,789,0.9656746518012485,789,0.9302358648727096,789,0.970293427163132,789,0.9582976927956582,Manaus,7938,0.0966690633300998,789,0.0908232764483526,789,0.0927638655500742,789,0.0476200574169873,789,0.0927638655500742,789,0.0844723258500253,789,0.0706406394715415,789,0.077368725976644,789,0.0792015617163893,789,0.0422602709795165,789,0.0792015617163893,419,789,3.959781192299254,789,0.8855008205006677,789,0.6966181275136512,789,0.9015787773426812,789,0.7810334912430661,789,0.9164168696014834,789,0.8544868920287803,SouthAmerica,S America
1479.0,CHE,Switzerland,,,2588.0,2051343.04265,,,,,7122,0.6725016149177755,7122,0.5770737405942021,7122,0.6897555926551964,7122,0.6127322603904258,7122,0.7108447844446519,7122,0.649473546250003,Zurich,38511,0.0429202919139516,7122,0.0607946558511258,7122,0.0324711961581611,7122,0.0135381087945318,7122,0.0622163462407263,7122,0.0715323581075785,7122,0.0474272603436271,7122,0.0587188541751253,7122,0.0313439438335238,7122,0.013033588461348,7122,0.0600845667066081,7983,7122,5.373953189904529,7122,0.6467433691155123,7122,0.5568617834773604,7122,0.6633456206484646,7122,0.5927631235801384,7122,0.6828556648966592,7122,0.6279272088268073,Europe,Europe
1515.0,MAR,Morocco,187909.907573,1.0,405.0,1135407.40594,1570,91.0,1.0,947497.498367,123,0.3609756171339895,123,0.2154471587117125,123,0.3878048861293289,123,0.2658536631038518,123,0.4276422827345569,123,0.3227642338450362,Marrakesh,927,0.033671196731337,123,0.027375610379646,123,0.0282308948122161,123,0.0282308948122161,123,0.0282308948122161,123,0.0627825314224493,123,0.0282842083114797,123,0.0446913652084162,123,0.045972168615951,123,0.045972168615951,123,0.045972168615951,6259,123,2.5469019354843514,123,0.5549071130108058,123,0.3757275868116355,123,0.5942486086027409,123,0.4401026316653422,123,0.6404015132324482,123,0.5097335213568153,Africa,Africa
1525.0,NPL,Nepal,,,488.0,3679117.86657,,,,,1034,0.9165124895746132,1034,0.8301568300921953,1034,0.9281324485341346,1034,0.8652510035191453,1034,0.942366898066918,1034,0.9027622056489945,Kathmandu,1153,0.0847118535880369,1034,0.0854191274167574,1034,0.0873038630523387,1034,0.0873038630523387,1034,0.0873038630523387,1034,0.0724096226024182,1034,0.0468437144043646,1034,0.0591699174109004,1034,0.0605629644288907,1034,0.0605629644288907,1034,0.0605629644288907,6463,1034,9.588292847409774,1034,0.6549757999022346,1034,0.5613797013963918,1034,0.6743766654322702,1034,0.5955681694922751,1034,0.6965229715001857,1034,0.6329044577555074,SAsia,S Asia
1545.0,TUN,Tunisia,250906.780879,1.0,1129.0,2534692.78747,2767;2792,459.0,2.0,2283786.00659,4855,0.442387763512714,4855,0.2172774567861176,4855,0.4826212508565817,4855,0.3068114837492915,4855,0.530795463112637,4855,0.3899398898314796,Tunis,14583,0.0320223293163443,4855,0.0315477799095047,4855,0.0196184354887136,4855,0.0092631170784067,4855,0.0326093707841155,4855,0.0562941607954504,4855,0.022441651826619,4855,0.0375580343323568,4855,0.022646833697533,4855,0.0104951255503542,4855,0.038723061065529,8142,4855,4.0404883296655765,4855,0.5009782063070306,4855,0.281923686945252,4855,0.5421871952433746,4855,0.3675749888121303,4855,0.5825133169705755,4855,0.4503543690648078,Africa,Africa
1558.0,ZWE,Zimbabwe,394869.343813,1.0,1521.0,2906612.25731,4171;4189;4205;4208,571.0,4.0,2511742.9135,207,0.3657603358299611,207,0.3107654764386243,207,0.3825727788302993,207,0.3267750171869181,207,0.3994395247597054,207,0.3470511837442441,Harare,1085,0.0297279422583169,207,0.0326538140795344,207,0.0334526928008098,207,0.0334526928008098,207,0.0334526928008098,207,0.066887757227796,207,0.033709742010501,207,0.0498917049205823,207,0.0510635352884773,207,0.0510635352884773,207,0.0510635352884773,9026,207,2.6321659246963347,207,0.5458477858961238,207,0.479720802984075,207,0.5648993950707006,207,0.5028914186856497,207,0.5859149752457374,207,0.5275350066575836,Africa,Africa
1570.0,BOL,Bolivia,204691.301359,1.0,817.0,1762054.23438,976,281.0,1.0,1557362.93302,231,0.8161118380734448,231,0.75950793617603,231,0.8258450777234685,231,0.7870406166829849,231,0.8380780182727138,231,0.8047389730320686,Santa Cruz de la Sierra,2908,0.079489737581409,231,0.0772454378455019,231,0.0789215947751923,231,0.0789215947751923,231,0.0789215947751923,231,0.0709780148388508,231,0.0428768994161694,231,0.0565950708536118,231,0.0578803684372516,231,0.0578803684372516,231,0.0578803684372516,397,231,3.062985405137733,231,0.6128867642933344,231,0.539282340017634,231,0.6268923835831486,231,0.5763088093849495,231,0.6426484552926345,231,0.5996233789961237,SouthAmerica,S America
1572.0,CAN,Canada,,,2816.0,1232005.12739,,,,,1229,0.7073544759541445,1229,0.6361133740290551,1229,0.7184273788008593,1229,0.6725888181260866,1229,0.7274648218229116,1229,0.6953859703364116,Edmonton,12662,0.0639653024319419,1229,0.0659841712290307,1229,0.0347215465706272,1229,0.0142019247345991,1229,0.067439101128388,1229,0.0753681627335073,1229,0.0520743163027977,1229,0.0633216156479481,1229,0.0334909453465677,1229,0.013724008274385,1229,0.064731597966768,828,1229,3.756177288817783,1229,0.6837276497500538,1229,0.6028579784230669,1229,0.6933614093886004,1229,0.6467681230843205,1229,0.704990602669506,1229,0.6710276608055471,NorthAmerica,N America
1596.0,IDN,Indonesia,378788.740796,1.0,1723.0,4546313.15481,10692;10694;10749,803.0,3.0,4167524.41401,4574,0.4060784489597504,4574,0.322691658261943,4574,0.4187978284213718,4574,0.3557824512711325,4574,0.4478175324294108,4574,0.3876156806636276,Medan,16522,0.0366605314949657,4574,0.0354434091482963,4574,0.0042577487780853,4574,0.0021955580812657,4574,0.0363390441590676,4574,0.0484661159216688,4574,0.012668690422254,4574,0.0277367587221756,4574,0.0035609881851541,4574,0.0018596670292016,4574,0.0284996298311217,5247,4574,3.4000120224828967,4574,0.330766647457452,4574,0.2432706746390868,4574,0.3497618171564815,4574,0.2752709724788071,4574,0.3814355155020165,4574,0.3096101303138335,SEAsia,SE Asia
1600.0,ITA,Italy,,,3393.0,5121995.62973,,,,,4927,0.3184929143485859,4927,0.2513255721177916,4927,0.3322889492157714,4927,0.27620506430048,4927,0.3503388972871999,4927,0.3020006007949293,Milan,24740,0.0284909117559403,4927,0.027614714780509,4927,0.0069396823051407,4927,0.0035188351964706,4927,0.0283153926074331,4927,0.0509622028000557,4927,0.017353575082784,4927,0.0315591195838389,4927,0.0079539783699723,4927,0.0040294359896486,4927,0.0323575540061961,5733,4927,4.186425473898725,4927,0.3635823153338403,4927,0.2882485137374711,4927,0.3798997909283076,4927,0.3154746390400936,4927,0.3992171144413241,4927,0.3444314564984635,Europe,Europe
1625.0,SAU,SaudiArabia,176117.588616,1.0,835.0,1742128.92729,5073;5099,249.0,2.0,1566011.33867,361,0.5897842760617605,361,0.5346621471570066,361,0.6003423545454883,361,0.5545065522698005,361,0.612928217516266,361,0.5756194200721957,Mecca,1197,0.0583678183538202,361,0.0548033478754764,361,0.0287999867851721,361,0.0118480972883132,361,0.0560292042132087,361,0.0686751962583492,361,0.0436469693822741,361,0.0550877983753428,361,0.0290016173575647,361,0.0119433228210838,361,0.0563306947588972,7590,361,2.968047890064681,361,0.5932271628070092,361,0.5353998270525587,361,0.6054427044709234,361,0.557763257290936,361,0.6214476133055108,361,0.5794563562011164,SWAsia,SW Asia
1637.0,TUR,Turkey,,,2540.0,14791738.7918,,,,,599,0.525348165980526,599,0.4703372607372889,599,0.5313785939253246,599,0.4964270739158743,599,0.5417222879307438,599,0.5166375476175485,Istanbul,5468,0.0417576177468317,599,0.0488264744267677,599,0.0486033258392798,599,0.0261587525020003,599,0.0499099185525405,599,0.0641347668807261,599,0.0311063330760381,599,0.046775798181146,599,0.0471580256758118,599,0.0252813083842461,599,0.0478647098675595,8167,599,3.2464438945906235,599,0.514525470559475,599,0.4446623245496111,599,0.528116474228118,599,0.4722314866645466,599,0.5444556265413519,599,0.4990945315492807,SWAsia,SW Asia
1642.0,USA,UnitedStates,,,10407.0,15655357.4492,,,,,46591,0.4432270505372169,46591,0.3435568696656424,46591,0.462024802011174,46591,0.3817367340685734,46591,0.4839386105784657,46591,0.4198312909074168,Los Angeles,60376,0.0425534988221371,46591,0.0381532269630543,46591,0.0013593206434261,46591,0.0008801858125145529,46591,0.0391211040438237,46591,0.0356199573290222,46591,0.0091060635897332,46591,0.0178781469149475,46591,0.000742998254785364,46591,0.0005001686322401675,46591,0.018370816409881,8487,46591,7.655510888124831,46591,0.2159408886715567,46591,0.1549400888365477,46591,0.2297585194220972,46591,0.1772169997693531,46591,0.2463346802115687,46591,0.2003936012728749,NorthAmerica,N America
1647.0,ZAF,SouthAfrica,118240.285148,1.0,638.0,1177968.04294,3497;3500;3505;3515,300.0,4.0,1059727.75779,261,0.3057673988943717,261,0.2200721720008513,261,0.3206513386380653,261,0.2565171290006878,261,0.3303167264058688,261,0.289988936957574,Port Elizabeth,2094,0.0243004410173154,261,0.0256336040717518,261,0.0032727231686764,261,0.0017105424867112,261,0.0262942373964292,261,0.0588873458832009,261,0.0203292736724583,261,0.038672059969511,261,0.0048312401960246,261,0.0025417400313738,261,0.0396392309339346,7713,261,3.098150844370247,261,0.4507084511418024,261,0.342561662280196,261,0.4681845357550672,261,0.3869444790098589,261,0.4835855240036135,261,0.4325904805061111,Africa,Africa
1656.0,BEL,Belgium,,,2710.0,1129391.82877,,,,,10309,0.7683186590799121,10309,0.6346499864626285,10309,0.7945493024361097,10309,0.6871912026554997,10309,0.8219088754796825,10309,0.7390166364782621,Liège,13602,0.0692877373617036,10309,0.0683076804025965,10309,0.0053504715828947,10309,0.0022447133917968,10309,0.06995149866945,10309,0.0732095482804345,10309,0.0482275280482106,10309,0.0604011655095293,10309,0.0048795844466003,10309,0.0020483306774778,10309,0.0618690461176806,364,10309,6.057577166572588,10309,0.6823799325631019,10309,0.5609561826848425,10309,0.706592072845293,10309,0.6065586488327319,10309,0.7339397734998048,10309,0.6534894104854851,Europe,Europe
1657.0,BEN,Benin,75721.9635563,1.0,521.0,1828526.29102,2078,299.0,1.0,1752804.32746,2824,0.4252506038515099,2824,0.2291701694827245,2824,0.4577996782903285,2824,0.3067513615737715,2824,0.5149000065839662,2824,0.3758637259590977,Cotonou,7697,0.0353785148824042,2824,0.0313095113495933,2824,0.0289464237117742,2824,0.0254923544275108,2824,0.0323393115984983,2824,0.056286884643787,2824,0.0186210928367425,2824,0.0359333108980393,2824,0.0327320200904563,2824,0.0289608362756547,2824,0.0370517170114305,377,2824,4.392258805192084,2824,0.4547560155543086,2824,0.2914432407998809,2824,0.4988362015225535,2824,0.3536070906763656,2824,0.5592030447065975,2824,0.4129063389011761,Africa,Africa
1674.0,DOM,DominicanRepublic,,,1582.0,4248976.09982,,,,,1040,0.8730135328668138,1040,0.7774192037940897,1040,0.882594829496073,1040,0.8276839128522913,1040,0.8917667886813139,1040,0.8570527612539192,Santo Domingo,7628,0.0815925726935328,1040,0.0810995219397009,1040,0.017531230293251,1040,0.012394745163181,1040,0.0828830566480163,1040,0.0678680220966926,1040,0.0371329940938736,1040,0.0520776886099522,1040,0.0108466272925877,1040,0.0072553942247312,1040,0.0533857481281233,2765,1040,4.593270243891932,1040,0.603820495836941,1040,0.4652774466217221,1040,0.6287674689830518,1040,0.5237595855550634,1040,0.6540295038908414,1040,0.5735300777677076,CAmerica,C America
1744.0,AZE,Azerbaijan,,,1210.0,2741763.27111,,,,,712,0.5057453631261242,712,0.4401832418166167,712,0.520831701589542,712,0.4675360421501019,712,0.5328161752624256,712,0.4948888394266735,Baku,7507,0.0407303191432425,712,0.0462794407873338,712,0.0363792782464769,712,0.0177758223184007,712,0.0473450722068847,712,0.0572812286297708,712,0.019564385453714,712,0.0367683522216809,712,0.0284101104486821,712,0.0138269470308189,712,0.0376457268544138,272,712,4.007989570421266,712,0.4095232430868877,712,0.3471966025403328,712,0.4232388942708637,712,0.3696883384205432,712,0.4386872847126161,712,0.3939246486752081,SWAsia,SW Asia
1749.0,BGD,Bangladesh,210118.561992,1.0,448.0,1081657.57633,9650;9689,239.0,2.0,871539.014337,12138,0.6544882588390418,12138,0.3993572281271054,12138,0.6886091185557717,10300,0.4107557454254841,12138,0.7254959232197266,12138,0.6083926349071762,Rajshahi,27338,0.0571266193053192,10300,0.0479763807311024,10300,0.0132573418474453,10300,0.0069286282404732,10300,0.049425471725146,10300,0.0648131451699968,10300,0.0321197818499565,10300,0.0479133781899736,10300,0.0146680804837681,10300,0.0078180792591408,10300,0.0495838353701677,287,12138,2.686219372972553,12138,0.7219027490968771,12138,0.3676055929983254,12138,0.7802319639010844,10300,0.3814199732085277,12138,0.842895378085467,12138,0.6504106508016047,SAsia,S Asia
1782.0,KOR,SouthKorea,211840.847536,1.0,1001.0,1746023.24779,12540,205.0,1.0,1534182.40025,997,0.8357979383330623,997,0.6527673961029266,997,0.8616583352878012,997,0.7409767459770731,997,0.8812454724649472,997,0.8055881853625674,Daejeon,2929,0.0811277931401037,997,0.0731070043525851,997,0.0138503374417928,997,0.0067634779614268,997,0.0748694953408274,997,0.0775453196225632,997,0.0570448328797099,997,0.0669936481235456,997,0.0136746603720974,997,0.006682393115674,997,0.0686681131127161,7769,997,4.409845488396951,997,0.7884397916284941,997,0.5741727257668306,997,0.8126393421088389,997,0.6769692128433026,997,0.8372318876588445,997,0.757042928023548,EAsia,E Asia
1785.0,MAR,Morocco,313421.564161,1.0,915.0,4377455.14014,1574;1575,421.0,2.0,4064033.57598,2179,0.4199384764086325,2179,0.3217777854956996,2179,0.4362086094230535,2179,0.3562859324081602,2179,0.4551994768773183,2179,0.395699986641625,Casablanca,4139,0.0412419885561933,2179,0.0357870536674711,2179,0.007225850049384,2179,0.0052743144929966,2179,0.03669745278549,2179,0.0503902260744442,2179,0.0198232504372868,2179,0.0326477022920126,2179,0.0075256950038824,2179,0.0058259632535377,2179,0.0334670335653809,6261,2179,6.84662217726508,2179,0.3787112147767171,2179,0.2944294527887315,2179,0.3936439277448768,2179,0.3266715637560174,2179,0.4096655373258582,2179,0.3595347716629428,Africa,Africa
1797.0,PHL,Philippines,583506.654328,1.0,1079.0,1983596.91985,12801;12803;12804;12807;12816,364.0,5.0,1400090.26552,10223,0.6221406936809033,10223,0.4563015544055459,10223,0.6532483008128797,10223,0.5162463950785744,10223,0.6940719409727757,10223,0.577310263326098,Angeles [San Fernando],23340,0.0551919296923787,10223,0.0519237561902386,10223,0.0533119000128869,10223,0.0532568509740335,10223,0.0533119000128869,10223,0.0674118848108145,10223,0.035122347730222,10223,0.0510490221360044,10223,0.0525362981082237,10223,0.0524812490693704,10223,0.0525362981082237,7245,10223,2.9882165124534787,10223,0.6455527799083144,10223,0.4232259936749263,10223,0.6938084830179202,10223,0.5003701720150209,10223,0.7436378173454263,10223,0.5860614535451786,SEAsia,SE Asia
1815.0,TWN,Taiwan,280141.440384,1.0,715.0,1339958.44764,12703,239.0,1.0,1059817.00726,12207,0.6440368500176028,12207,0.5436616541035936,12207,0.6628206685398979,12207,0.5866825361576756,12207,0.6842783832457229,12207,0.6236946287098689,Tainan,18350,0.0598043204496352,12207,0.0580407121399869,12207,0.0078458116455789,12207,0.0046540435339991,12207,0.0594092686814451,12207,0.0581048454278012,12207,0.0250873988807212,12207,0.0400035788803206,12207,0.0057113976589702,12207,0.0034172614782016,12207,0.0410104339124658,8016,12207,6.740402460792478,12207,0.4603202969048934,12207,0.3623889634747352,12207,0.4804149354254644,12207,0.4013448702631322,12207,0.5034273791698769,12207,0.4380428560655707,EAsia,E Asia
1830.0,AUS,Australia,,,3881.0,4404986.3917,,,,,7731,0.880456907002263,7731,0.7440105239438679,7731,0.892658125717724,7731,0.823030322217334,7731,0.9024456924887844,7731,0.8639775633465536,Sydney,22046,0.0837086290502465,7731,0.0803287543687083,7731,0.0099582093314007,7731,0.0055889732619686,7731,0.0821336461606156,7731,0.0806082214881212,7731,0.0629688432305534,7731,0.0715515062277215,7731,0.0090741069115397,7731,0.0050620780994892,7731,0.0732244184655886,245,7731,4.009935101393901,7731,0.8057634466174253,7731,0.6453872682599326,7731,0.8214511947718146,7731,0.7287616518473841,7731,0.8364553169464746,7731,0.7841322932636459,Australia,Oceania
1834.0,BFA,BurkinaFaso,108987.190031,1.0,908.0,2813684.24882,1799,345.0,1.0,2704697.05878,90,0.2196322581315257,90,0.2073238846002081,90,0.2196322581315257,90,0.2135489619664244,90,0.2265529503752871,90,0.2180682351529651,Ouagadougou,945,0.0242222273386919,90,0.0209520206076027,90,0.0214051259793819,90,0.0214051259793819,90,0.0214051259793819,90,0.056383568741873,90,0.0128634967573303,90,0.0333520215463947,90,0.034065658667471,90,0.034065658667471,90,0.034065658667471,734,90,3.2169799867540427,90,0.3505249156326544,90,0.33249581295817,90,0.35100303655775,90,0.3388192774628082,90,0.3568187913418767,90,0.3459338920513613,Africa,Africa
1872.0,MMR,Myanmar,173444.826395,1.0,705.0,2078198.48882,10155;10158,261.0,2.0,1904753.66242,3581,0.8296182759990027,3581,0.6025000159014047,3581,0.8578721809100011,3581,0.7159354837363445,3581,0.8865306368357464,3581,0.7927719284253885,Mandalay,25847,0.0796138716234936,3581,0.0705387798901047,3581,0.0723118414300131,3581,0.0723118414300131,3581,0.0723118414300131,3581,0.0828465461102619,3581,0.0646386034167739,3581,0.0740626843766012,3581,0.0759322120840141,3581,0.0759322120840141,3581,0.0759322120840141,6371,3581,2.954652252635483,3581,0.8898357330083577,3581,0.6041597260254035,3581,0.9119548894158068,3581,0.7528356673889742,3581,0.934763238673672,3581,0.8560766424253757,SEAsia,SE Asia
1889.0,SOM,Somalia,15856.1494427,1.0,124.0,1518891.00393,5765,98.0,1.0,1503034.85449,0,,0,,0,,0,,0,,0,,Mogadishu,3,0.0196000002324581,0,,0,,0,,0,,0,,0,,0,,0,,0,,0,,7695,0,,0,,0,,0,,0,,0,,0,,AfricaExtra,Africa
1894.0,THA,Thailand,1336087.39988,1.0,5161.0,16290188.4579,10715;10765;10788,2648.0,3.0,14954101.058,293508,0.5880027508337016,293508,0.4608838304595588,293508,0.6098972144971329,293508,0.5176783920415111,293508,0.633794610651845,293508,0.5627437871608486,Bangkok,411503,0.0526718027483082,293508,0.051284408907896,293508,0.0355274856244829,293508,0.0180087287937895,293508,0.0525519978222984,293508,0.0543284526703735,293508,0.0196496244765735,293508,0.0351261336250233,293508,0.0263293449086662,293508,0.0137262198800467,293508,0.0360681496326649,8088,293508,5.647473951219084,293508,0.4220295236999661,293508,0.301839024369033,293508,0.4450598300294823,293508,0.3504226719087475,293508,0.4710079709878684,293508,0.3955639238656739,SEAsia,SE Asia
1897.0,TWN,Taiwan,329016.319822,1.0,1088.0,2934154.37918,12709;12714,504.0,2.0,2605138.05935,15733,0.9303800737979616,15733,0.7762437265840493,15733,0.9417428657285504,15733,0.8656516629914427,15733,0.946538522377327,15733,0.912733928254792,Kaohsiung,22593,0.0835036032497844,15733,0.0844514674687306,15733,0.0135219360556061,15733,0.0090766654846426,15733,0.086344545098574,15733,0.0759659136299857,15733,0.0523335211375364,15733,0.0640786017798236,15733,0.0109270982775496,15733,0.0072040956459747,15733,0.0657414196303632,8017,15733,8.86399217632526,15733,0.768004305358485,15733,0.5424799568592088,15733,0.7984259547333176,15733,0.6449079852794082,15733,0.8314084448187911,15733,0.7259717643507587,EAsia,E Asia
1899.0,UGA,Uganda,183251.47848,1.0,1077.0,3964521.71566,4427;4428;4438;4461,618.0,4.0,3781270.23718,319,0.1792938018842842,319,0.1679995103774035,319,0.1792938018842842,319,0.1604699827061496,319,0.1792938018842842,319,0.1767839593271996,Kampala,6458,0.011387356336378,319,0.0164852856125478,319,0.0168438727084758,319,0.0168438727084758,319,0.0168438727084758,319,0.0550746893734573,319,0.0118318584830834,319,0.0322793588556961,319,0.0329785640657408,319,0.0329785640657408,319,0.0329785640657408,8299,319,2.75411578735674,319,0.3388570716153595,319,0.3286280499193286,319,0.3437473617510606,319,0.3240001283649732,319,0.3496029783529779,319,0.333141529742412,Africa,Africa
1967.0,SEN,Senegal,14757.7861729,1.0,159.0,1016890.88545,1473,108.0,1.0,1002133.09927,0,,0,,0,,0,,0,,0,,Touba,0,,0,,0,,0,,0,,0,,0,,0,,0,,0,,0,,7637,0,,0,,0,,0,,0,,0,,0,,Africa,Africa
1981.0,UZB,Uzbekistan,,,634.0,1046699.66595,,,,,3966,0.6318691775916501,3966,0.5232141280887654,3966,0.6524454415949505,3966,0.5672540157268738,3966,0.6760112411138124,3966,0.6072899352832148,Samarkand,6941,0.0519537393687644,3966,0.0562791296894436,3966,0.0576311525450183,3966,0.0303694487464792,3966,0.0576311525450183,3966,0.0554940473858855,3966,0.0254474858925688,3966,0.0382532281010346,3966,0.0392301801770661,3966,0.0209891299667808,3966,0.0392301801770661,8757,3966,6.200028483894034,3966,0.4427829794202876,3966,0.3479294794190402,3966,0.463893274595647,3966,0.3817125254116746,3966,0.4884757820708437,3966,0.4188665656405891,CAsia,C Asia
1986.0,ZMB,Zambia,238471.767035,1.0,743.0,2620092.50442,3798,309.0,1.0,2381620.73739,21,0.2000000029802322,21,0.2000000029802322,21,0.2000000029802322,21,0.2000000029802322,21,0.2000000029802322,21,0.2000000029802322,Lusaka,94,0.0196000002324581,21,0.0196000002324581,21,0.0199999995529651,21,0.0199999995529651,21,0.0199999995529651,21,0.0525791258329436,21,0.0096026343360011,21,0.0291158578225544,21,0.0297100591428932,21,0.0297100591428932,21,0.0297100591428932,8993,21,3.886444954645066,21,0.2971005929367883,21,0.2971005929367883,21,0.2971005929367883,21,0.2971005929367883,21,0.2971005929367883,21,0.2971005929367883,Africa,Africa
2008.0,ESP,Spain,,,931.0,1256010.62941,,,,,1274,0.6077524037748858,1274,0.459699295613965,1274,0.6325652708262995,1274,0.5161096164801727,1274,0.6571924700123205,1274,0.580570268439613,Seville,5157,0.0517726128221054,1274,0.0518224650226907,1274,0.0122914289907506,1274,0.0063498156916483,1274,0.0531368502513576,1274,0.0707647240782086,1274,0.0446844272646196,1274,0.0571570766467964,1274,0.0135075655421694,1274,0.006971625032074,1274,0.0586009351219658,7824,1274,4.143802123046455,1274,0.6690836638511679,1274,0.5090484059409942,1274,0.6930413049760402,1274,0.5698898033438564,1274,0.721928778271952,1274,0.6381044519894054,Europe,Europe
2018.0,IRQ,Iraq,214883.915602,1.0,725.0,1461345.91607,5159,210.0,1.0,1246462.00047,0,,0,,0,,0,,0,,0,,Erbil,0,,0,,0,,0,,0,,0,,0,,0,,0,,0,,0,,5663,0,,0,,0,,0,,0,,0,,0,,Africa,SW Asia
2034.0,PAK,Pakistan,,,1348.0,13417664.3617,,,,,3763,0.6895108960681441,3763,0.47149483812812,3763,0.726182436553238,3763,0.5734117350776046,3763,0.7648436931813463,3763,0.6460917180511426,Karachi,10104,0.0588607631634093,3763,0.0568690017762243,3763,0.0583986892135473,3763,0.0583986892135473,3763,0.0583986892135473,3763,0.0549333660697138,3763,0.0247619993059743,3763,0.0376203676690557,3763,0.0387297622453945,3763,0.0387297622453945,3763,0.0387297622453945,7001,3763,6.802310094588291,3763,0.4801329333475065,3763,0.2943236480844381,3763,0.5144616340857033,3763,0.3735904515501345,3763,0.5546971801325931,3763,0.4413884629911911,SAsia,S Asia
2072.0,CHL,Chile,605163.781884,1.0,2923.0,7087659.55454,930;931;932,745.0,3.0,6482495.77266,5800,0.6222818901993818,5800,0.5148447895414549,5800,0.6422240117763248,5800,0.5564257408262456,5800,0.6650045316630065,5800,0.598287501165611,Santiago,17798,0.0618324578434459,5800,0.0553274162369204,5800,0.012554963471417,5800,0.0064521165821213,5800,0.0566574254315239,5800,0.0436787646703657,5800,0.0142388851116382,5800,0.0252866588108588,5800,0.0059912493355685,5800,0.0031245046961354,5800,0.0259421471930711,908,5800,4.702577087889424,5800,0.2949559860077282,5800,0.2273307009599316,5800,0.3100026229036897,5800,0.2522934007180538,5800,0.3277440732720479,5800,0.278392945951767,SouthAmerica,S America
2086.0,GBR,UnitedKingdom,,,1537.0,1141468.69085,,,,,950,0.4523080759084666,950,0.3948501860549653,950,0.4656895658853665,950,0.4142008916229314,950,0.4830278636722548,950,0.4386553891346134,Cardiff,4177,0.0449737254900819,950,0.0411920082492151,950,0.0058056644854886,950,0.0035736218805933,950,0.0421580644511861,950,0.0589454687311965,950,0.0263120681242373,950,0.0408785392877134,950,0.0058684814759205,950,0.0036174302188881,950,0.0418496534654459,8400,950,5.047527533562533,950,0.4563518661407262,950,0.3844612312200081,950,0.469938162451206,950,0.4108426237239689,950,0.485556930259532,950,0.440128840207676,Europe,Europe
2091.0,IND,India,,,402.0,1298095.01704,,,,,6477,0.6105550341756271,6477,0.5017115743172937,6477,0.6322948111701359,6477,0.5457369676664723,6477,0.6560285330898803,6477,0.5846474135517925,Srinagar,16543,0.058140021888084,6477,0.0541576012290219,6477,0.0063516666571774,6477,0.003244542054135,6477,0.055469658089218,6477,0.0561450155101284,6477,0.0248185382229751,6477,0.0383958921518156,6477,0.0047280349554129,6477,0.0024315907115459,6477,0.0393829291328273,3464,6477,5.5709469779435965,6477,0.4490599565168841,6477,0.3449148380843176,6477,0.4695177472348912,6477,0.3832207969540324,6477,0.4935183170653487,6477,0.422894569992658,SAsia,S Asia
2114.0,ROU,Romania,,,2091.0,2230363.0964,,,,,4907,0.2612066597076303,4907,0.225060571804409,4907,0.2693903013025003,4907,0.2400279605931503,4907,0.2771492270221259,4907,0.2511007293350554,Bucharest,21849,0.0213574279576678,4907,0.0237019820524501,4907,0.0052621370782194,4907,0.0027006001420292,4907,0.0242562806217916,4907,0.0452792173369969,4907,0.0103722932383988,4907,0.024471244903563,4907,0.0054523142749243,4907,0.0028023634251048,4907,0.0250497770832648,7387,4907,4.756902677552929,4907,0.2698965591108604,4907,0.2323859139438314,4907,0.2787976709733589,4907,0.2471602718971631,4907,0.289266098291599,4907,0.2600936104680838,Europe,Europe
2162.0,GTM,Guatemala,,,1421.0,3464817.45088,,,,,377,0.7207474330418184,377,0.6970509022768833,377,0.724867048926145,377,0.7065729462168309,377,0.7311402207487849,377,0.7148047628106536,Guatemala City,1889,0.0686838992294642,377,0.0693870696616094,377,0.070849351420927,377,0.070849351420927,377,0.070849351420927,377,0.0584682567093907,377,0.0190167737377053,377,0.0379484356801071,377,0.0387869473872396,377,0.0387869473872396,377,0.0387869473872396,3363,377,3.680614721560129,377,0.4038987721067847,377,0.3740037164342324,377,0.4110232284824132,377,0.3843614481908171,377,0.4192560459646271,377,0.3960833602349567,CAmerica,C America
2171.0,KEN,Kenya,370543.083582,1.0,859.0,4712493.99749,4806;4808;4819;4821;4837;4855,422.0,6.0,4341950.91391,145,0.281680752431105,145,0.2105574721746683,145,0.2983242611433083,145,0.235699202707381,145,0.3252028752146922,145,0.2625722586363223,Nairobi,283,0.0251201122254224,145,0.0237370572568321,145,0.0243874626166584,145,0.0243874626166584,145,0.0243874626166584,145,0.0540233227230108,145,0.0184410769585093,145,0.0343786161878594,145,0.0352728150675567,145,0.0352728150675567,145,0.0352728150675567,5944,145,3.642993577165888,145,0.4023040236812871,145,0.3091969862790457,145,0.4231608286028932,145,0.3424653303646927,145,0.4470994975048263,145,0.3784752788749743,Africa,Africa
2199.0,TUR,Turkey,,,776.0,1868115.03635,,,,,909,0.4965872688149489,909,0.4359624063873423,909,0.5104325123073273,909,0.4612859119771112,909,0.5206720165142925,909,0.4853706606895405,Bursa,2851,0.0433526547966956,909,0.0456050525228209,909,0.0466463962424273,909,0.0242151883156432,909,0.0466463962424273,909,0.0574583464096474,909,0.02317462134667,909,0.0386432498174703,909,0.0395687847632127,909,0.0207683406385727,909,0.0395687847632127,8172,909,3.457816074125741,909,0.431531787470518,909,0.3633952181312552,909,0.4455473389275671,909,0.3886225489624313,909,0.4627673940234309,909,0.4150319332987445,SWAsia,SW Asia
2203.0,UKR,Ukraine,,,3385.0,3438138.07159,,,,,37352,0.902432086538654,37352,0.6878588027389172,37352,0.928164113409696,37352,0.7876234837787093,37352,0.9497757252191908,37352,0.8645206424796547,Kyiv,145609,0.0847961729314866,37352,0.077897382816364,37352,0.0797969341680473,37352,0.0553437438344415,37352,0.0797969341680473,37352,0.0857659914671724,37352,0.0723130630491637,37352,0.0790956032485193,37352,0.0809216414635914,37352,0.056687866009397,37352,0.0809216414635914,8328,37352,4.525578430309949,37352,0.882078369861851,37352,0.7270245047508556,37352,0.8976484008108273,37352,0.8042112424896672,37352,0.913018134566434,37352,0.8587916784107457,Europe,Europe
2204.0,USA,UnitedStates,,,3940.0,3177732.23254,,,,,2868,0.5711179218805679,2868,0.4821548976431341,2868,0.5875293906992217,2868,0.5184678042483817,2868,0.6087533527800445,2868,0.5502125002856554,Tijuana,9854,0.0503873692124501,2868,0.0513434666392254,2868,0.0029335832237598,2868,0.0023277590623338,2868,0.0525609731634238,2868,0.0598552678440555,2868,0.027809630358568,2868,0.04236280898525,2868,0.0023571345962805,2868,0.0018277691721964,2868,0.0434414643665764,8491,2868,4.5454219191092005,2868,0.4895812454080293,2868,0.3859631160073649,2868,0.5125502870679041,2868,0.4229132320660189,2868,0.5393274612199617,2868,0.4633075209112433,NorthAmerica,N America
2207.0,VNM,Vietnam,1657061.77541,1.0,3293.0,8350600.19677,11080;11091;11099;11123;11125;11126;11134;11136;11171;11177;11180;11186,1550.0,12.0,6693538.42136,133326,0.7160698677981703,133326,0.5472783674815647,133326,0.7425140275596851,133326,0.6202052548550788,133326,0.7695454218569296,133326,0.6826877401422022,Hanoi,263897,0.0650592503703132,133326,0.0616388223027475,133326,0.0341455736626003,133326,0.0318008339599819,133326,0.0631779130608038,133326,0.0702589485460525,133326,0.0420194506457538,133326,0.0557825047996786,133326,0.0310642882709112,133326,0.028868127339679,133326,0.057256566224114,8864,133326,3.996133680997246,133326,0.6690842693366916,133326,0.4785546821725579,133326,0.7017821616163934,133326,0.5574500387883037,133326,0.7370304198837793,133326,0.6294915128192481,SEAsia,SE Asia
2246.0,KOR,SouthKorea,213672.211051,1.0,1057.0,1683322.22698,12611,194.0,1.0,1469650.01593,3520,0.6284308558201996,3520,0.4859791897165512,3520,0.6557191993826813,3520,0.5430585497093048,3520,0.6804358632055525,3520,0.5971226477530557,Gwangju,6997,0.0596915998004309,3520,0.0541710366125538,3520,0.0132690991340454,3520,0.0072120631954425,3520,0.0555319081328245,3520,0.0654687754364697,3520,0.0360322703535978,3520,0.0498452170627759,3520,0.01245571574019,3520,0.0067381180734724,3520,0.0511750970840699,7775,3520,3.707830981496478,3520,0.5955707005950281,3520,0.4362919051249224,3520,0.628530102229814,3520,0.4954849081399545,3520,0.6649397326195644,3520,0.5570106612949662,EAsia,E Asia
2262.0,RUS,Russia,,,8459.0,16375317.1452,,,,,18945,0.5747536012787227,18945,0.4791603452433745,18945,0.5922802380172493,18945,0.5173336613749261,18945,0.6126256619425898,18945,0.5529281245214693,Moscow,63828,0.0515431220190078,18945,0.0513296286024492,18945,0.009601571545238,18945,0.0049254237396708,18945,0.0525548802616728,18945,0.0644553146156482,18945,0.03774145703082,18945,0.0497425191001025,18945,0.0097071097812369,18945,0.0049771402808042,18945,0.0509293362359652,7416,18945,6.268894849645744,18945,0.5572429320948824,18945,0.464566130549661,18945,0.5746600379719855,18945,0.5007342453656581,18945,0.5934081965245267,18945,0.536546104521399,Europe,C Asia
2285.0,ARG,Argentina,251677.135719,1.0,1698.0,1617671.65553,1035,304.0,1.0,1365994.51981,1064,0.8220095043286516,1064,0.7518409984917561,1064,0.8338956365354816,1064,0.7797647165087452,1064,0.8476551382297739,1064,0.8079747671986773,Cordoba,2191,0.0787643255028872,1064,0.0769182444201378,1064,0.0786135558633199,1064,0.0403234128352599,1064,0.0786135558633199,1064,0.0544177818703241,1064,0.0248309749769581,1064,0.0373365244231038,1064,0.0382171205373697,1064,0.0199190786546229,1064,0.0382171205373697,186,1064,7.061237189317411,1064,0.4120476485401761,1064,0.3559886439374308,1064,0.4251129461394242,1064,0.3759330258470009,1064,0.4402977985827792,1064,0.3974115880792276,SouthAmerica,S America
2289.0,BGD,Bangladesh,514151.4012,1.0,1033.0,1955452.19638,9726;9759,528.0,2.0,1441300.79518,12502,0.7311029511760595,12502,0.4352907524502389,12502,0.7694797940639149,12502,0.5901434966835987,12502,0.8059682141286457,12502,0.6794591950751566,Bogura,35712,0.0631554705214575,12502,0.0578473362578246,12502,0.0147793759572785,12502,0.0077265652983329,12502,0.0594592729915978,12502,0.0764651244959716,12502,0.0514766509188838,12502,0.0643162266028956,12502,0.0173657521912317,12502,0.0090762431859147,12502,0.0661980864243594,293,12502,2.533475105680975,12502,0.8635195446623817,12502,0.4297219073839589,12502,0.9060474963911932,12502,0.6543388075084497,12502,0.9409298479514996,12502,0.7943822663518607,SAsia,S Asia
2293.0,CHN,China,222422.751259,1.0,1047.0,3279549.97678,7045,323.0,1.0,3057127.22552,2870,0.2726935270743877,2870,0.2335936717581138,2870,0.2820558383325204,2870,0.2465516366493035,2870,0.2937785503484919,2870,0.2626174533519716,Ürümqi,5293,0.0270374651701915,2870,0.024568348790215,2870,0.0131522732592621,2870,0.0055147369846784,2870,0.0251559059591351,2870,0.0274886464807689,2870,0.0033653160493032,2870,0.010649669314495,2870,0.0057754165965068,2870,0.0024481990831381,2870,0.0109141806776088,943,2870,8.981698410839627,2870,0.120809198638365,2870,0.0988261801092298,2870,0.1259461617658578,2870,0.1067243831792253,2870,0.1322556743256145,2870,0.1150901176374589,EAsia,E Asia
2295.0,CMR,Cameroon,82670.1702039,1.0,572.0,3547917.37579,2961,251.0,1.0,3465247.20558,14,0.2000000029802322,14,0.2000000029802322,14,0.2000000029802322,14,0.2000000029802322,14,0.2000000029802322,14,0.2000000029802322,Yaounde,31,0.0196000002324581,14,0.0196000002324581,14,0.0199999995529651,14,0.0199999995529651,14,0.0199999995529651,14,0.0373911465119038,14,0.0041074918720239,14,0.0161518983077257,14,0.01648152875714,14,0.01648152875714,14,0.01648152875714,796,14,9.548404914992195,14,0.1648152893675225,14,0.1648152893675225,14,0.1648152893675225,14,0.1648152893675225,14,0.1648152893675225,14,0.1648152893675225,Africa,Africa
2304.0,FRA,France,,,3321.0,1264262.56578,,,,,8348,0.4986814531490753,8348,0.37928547613905,8348,0.5226129480889466,8348,0.4253843678266423,8348,0.5491039052215195,8348,0.4707639806311565,Toulouse,27476,0.0451835328888737,8348,0.04256700959085,8348,0.0101505179811432,8348,0.0052746741276903,8348,0.0436652176361796,8348,0.0655059989983207,8348,0.0351088545083206,8348,0.0494699131996096,8348,0.0118586996820197,8348,0.0061623012182933,8348,0.0507529218665119,3154,8348,3.7941845956725686,8348,0.5820894842150005,8348,0.4389990664939402,8348,0.6100450844375134,8348,0.493690743926644,8348,0.6415040461274577,8348,0.5489599810405207,Europe,Europe
2317.0,MAR,Morocco,217247.480855,1.0,636.0,2082985.89987,1595,215.0,1.0,1865738.41902,681,0.8600587328887721,681,0.5368575650142853,681,0.882966222074676,681,0.6989721003783081,681,0.90469897055941,681,0.8135095416799341,Rabat,3443,0.0756085650612712,681,0.0689898678200748,681,0.0707992657119197,681,0.0462434657195667,681,0.0707992657119197,681,0.085325984390953,681,0.0709740367612737,681,0.0783133657878913,681,0.0802019743546953,681,0.0513741527472057,681,0.0802019743546953,6268,681,3.2775689277704942,681,0.9100600641642024,681,0.6613188967075905,681,0.9277540999362122,681,0.803763463918158,681,0.9443034638217191,681,0.8838466862421729,Africa,Africa
2327.0,PER,Peru,299428.938042,1.0,2121.0,9669592.8658,528;539,896.0,2.0,9370163.92775,3069,0.5557396850863859,3069,0.4620648914899893,3069,0.5773497608021723,3069,0.4969859451038635,3069,0.6000609066493426,3069,0.5336525132595393,Lima,3984,0.049294718626049,3069,0.0494816484607674,3069,0.0062402525789562,3069,0.0029832669847132,3069,0.0506817700890357,3069,0.0323044088617208,3069,0.0037672232292333,3069,0.0130840292118513,3069,0.001767451343467,3069,0.0008725958158757793,3069,0.0134334505696625,7213,3069,6.069502526711668,3069,0.1544633948351085,3069,0.1167537750091338,3069,0.163503929692426,3069,0.1299840295943037,3069,0.1747106667393936,3069,0.144563324331451,SouthAmerica,S America
2352.0,AFG,Afghanistan,,,707.0,4604344.15749,,,,,4185,0.6143440921767345,4185,0.4978812637275695,4185,0.622279171453518,4185,0.5619308030860597,4185,0.6347537491692024,4185,0.5976475378304966,Kabul,6929,0.0522475527034209,4185,0.0549260420189337,4185,0.0561955500708643,4185,0.0561955500708643,4185,0.0561955500708643,4185,0.0591561130472737,4185,0.0327814570761481,4185,0.0438610371976476,4185,0.0449230364421328,4185,0.0449230364421328,4185,0.0449230364421328,22,4185,4.655157755277974,4185,0.5047018516896344,4185,0.3867891135712047,4185,0.5173535724352514,4185,0.4451656424920566,4185,0.5309992300920704,4185,0.4866753561052581,SAsia,S Asia
2355.0,AUS,Australia,,,3144.0,2150602.63651,,,,,26000,0.9448757929697592,26000,0.7770416967976703,26000,0.957197795053875,26000,0.872109314957442,26000,0.9697392183212378,26000,0.9245732838495484,Brisbane,59171,0.0845470333251661,26000,0.0851718483903506,26000,0.01040771364939,26000,0.0057016465254141,26000,0.0871113272385182,26000,0.0813349320348515,26000,0.0615666950557091,26000,0.071735582853879,26000,0.0095022992895176,26000,0.0052270764546963,26000,0.0735530591086921,251,26000,5.083328007197666,26000,0.8486706166936813,26000,0.6187124143666637,26000,0.8795676938022527,26000,0.7223430374270606,26000,0.9087374407124944,26000,0.8063822643881321,Australia,Oceania
2374.0,GBR,UnitedKingdom,,,1038.0,1676212.19285,,,,,809,0.344907926117077,809,0.3013338317800141,809,0.3547505894134663,809,0.3208127929439107,809,0.3605659322440078,809,0.3405576396319965,Liverpool,1670,0.0342991900988014,809,0.0317236704039641,809,0.0125237312372651,809,0.0113637580564868,809,0.0324448029029215,809,0.0469187616145687,809,0.0113528638381276,809,0.0257156420851771,809,0.0124219331324488,809,0.0115814869447327,809,0.0263321994451797,8404,809,6.226346190418031,809,0.2909285045792099,809,0.2342148738906309,809,0.3002127192352898,809,0.2598327871348519,809,0.3082786947897162,809,0.2810863051751696,Europe,Europe
2382.0,JPN,Japan,462636.17158,1.0,1123.0,1068107.61975,12769,223.0,1.0,605471.44817,13535,0.7621109613092694,13535,0.5996983920310384,13535,0.7798207886068685,13535,0.6723019637405336,13535,0.8064491356765697,13535,0.7348783127804045,Kumamoto,17345,0.0659582633048154,13535,0.0666268937415528,13535,0.0069114943877662,13535,0.0046346963228073,13535,0.0682397917556749,13535,0.0757041985697274,13535,0.0519778668511174,13535,0.063823974755519,13535,0.0070484316786331,13535,0.0048024794676227,13535,0.0654170350693756,5827,13535,3.859020280911479,13535,0.7466500941112766,13535,0.558631001068402,13535,0.7719070321139803,13535,0.6424556573158233,13535,0.7965297625623013,13535,0.7138837728580237,EAsia,E Asia
2453.0,KOR,SouthKorea,394231.78428,1.0,2251.0,2868256.7255,12651,331.0,1.0,2474024.94122,4794,0.6744213216705804,4794,0.544659294218508,4794,0.6946042883917058,4794,0.6014309029716172,4794,0.7158099701388579,4794,0.647997215092383,Daegu,10766,0.0695330076552823,4794,0.0595439547834054,4794,0.0278444933462382,4794,0.0232399484702894,4794,0.0609755744535437,4794,0.0657207306782185,4794,0.0363491136822127,4794,0.0500383465650724,4794,0.0221344190162564,4794,0.017966620879891,4794,0.0512983423445233,7778,4794,4.601876998390126,4794,0.5840149327121823,4794,0.4430008060314933,4794,0.6062608665074893,4794,0.5023615614699263,4794,0.629997602507141,4794,0.5559356238503026,EAsia,E Asia
2481.0,UZB,Uzbekistan,,,1259.0,3704738.50839,,,,,3184,0.423469462540675,3184,0.3504330849512643,3184,0.4381769609380397,3184,0.377880706808754,3184,0.4545758489106014,3184,0.4062449735961867,Tashkent,11436,0.0373254577831978,3184,0.0376115474708963,3184,0.0385206990723063,3184,0.0203508099641873,3184,0.0385206990723063,3184,0.0478323116570476,3184,0.0163476530906398,3184,0.0291453968253149,3184,0.0298870141747935,3184,0.0160163125977075,3184,0.0298870141747935,8764,3184,4.006592582792393,3184,0.3368932358469624,3184,0.2650394508561935,3184,0.3524478805612464,3184,0.2911520055650398,3184,0.3708086032227364,3184,0.3190313372618263,CAsia,C Asia
2524.0,MYS,Malaysia,322351.668165,1.0,1307.0,1858307.14599,11496;11498;11499,431.0,3.0,1535955.47783,376,0.7019939224103617,376,0.5480931886637462,376,0.7241214805248541,376,0.6144971133580094,376,0.7465868482075418,376,0.6750722326324995,Singapore,2850,0.0630638934398803,376,0.061064979323718,376,0.0338612939560151,376,0.0147503961191306,376,0.0625581523468465,376,0.0759364708173686,376,0.0509563331331112,376,0.0634400267076018,376,0.0355598594682859,376,0.015578290140349,376,0.0649997316911844,6058,376,3.1844420580042545,376,0.744161059388148,376,0.55463901139278,376,0.7650898860730205,376,0.6394079443224578,376,0.7798521364110657,376,0.7093194186100753,SEAsia,SE Asia
2526.0,NGA,Nigeria,162335.553181,1.0,1185.0,3327050.18327,2189,477.0,1.0,3164714.63009,113,0.6726272347575457,113,0.5745141600963785,113,0.6987091303707342,113,0.6140866949045377,113,0.7256904023278391,113,0.6509610987376949,Ibadan,485,0.0547884085168936,113,0.060873619513348,113,0.0623250007983489,113,0.0623250007983489,113,0.0623250007983489,113,0.081876199786694,113,0.0621689031387371,113,0.072296000302761,113,0.0739553691293094,113,0.0739553691293094,113,0.0739553691293094,6559,113,3.153133194429662,113,0.790246936591854,113,0.692332450197577,113,0.8090298440330634,113,0.7303277373261874,113,0.8296837265555057,113,0.768354173254215,Africa,Africa
2569.0,ECU,Ecuador,329026.132599,1.0,1394.0,2659133.12609,467;472,366.0,2.0,2330106.99349,525,0.8121904765424274,525,0.7613333340769722,525,0.8245714280151185,525,0.7824761907259623,525,0.8354285697709947,525,0.8011428574721019,Quito,1638,0.0851390499486848,525,0.0769980940932319,525,0.0786689529567957,525,0.0400737144939956,525,0.0786689529567957,525,0.063517155776776,525,0.0418946062462228,525,0.0509520883035535,525,0.0520787176853489,525,0.0266209829258289,525,0.0520787176853489,2793,525,5.834388404573713,525,0.5422432807584604,525,0.5021945953262704,525,0.55184164509532,525,0.5161147866415836,525,0.5633140726103669,525,0.5316735223769432,SouthAmerica,S America
2583.0,KAZ,Kazakhstan,,,956.0,2043997.18347,,,,,177,0.4322908103870119,177,0.3953477522436875,177,0.4345711080311585,177,0.4096868010504524,177,0.444262373910733,177,0.424508736629357,Almaty,961,0.0401107244051701,177,0.0404081996428482,177,0.0412967235127425,177,0.0219689642129622,177,0.0412967235127425,177,0.0558183541434941,177,0.0142662625850633,177,0.0335624735533598,177,0.0343165199814667,177,0.0181566183533781,177,0.0343165199814667,5928,177,3.212385213243706,177,0.3601402158277772,177,0.3292906740838781,177,0.3677800523886253,177,0.3389235644307029,177,0.3770232985862552,177,0.3517778693009999,CAsia,C Asia
2626.0,CAN,Canada,,,8223.0,7278248.43549,,,,,3400,0.4864639563495546,3400,0.4334372783804071,3400,0.5005117108209101,3400,0.4448071401022102,3400,0.5085340326454295,3400,0.4759669879922935,Toronto,89042,0.0400720029965182,3400,0.0445608847699385,3400,0.0236218421320431,3400,0.0098102305757687,3400,0.0455779522469442,3400,0.0547419695160136,3400,0.0187995539531927,3400,0.0346893856290126,3400,0.0186498539035311,3400,0.0078512914838965,3400,0.0355279641430201,840,3400,4.348829241178833,3400,0.3883410632882154,3400,0.327370977720045,3400,0.4026168910095447,3400,0.347753434625306,3400,0.4192892277105869,3400,0.3721507296555699,NorthAmerica,N America
2629.0,CIV,CotedIvoire,97921.7575831,1.0,1082.0,4649772.03074,1675,431.0,1.0,4551850.27316,2684,0.6128263520838868,2684,0.299254133915742,2684,0.6624277244938752,2684,0.4192376239160235,2684,0.7273187904904694,2684,0.5356280466632869,Abidjan,5198,0.0430892479283693,2684,0.0433003058449452,2684,0.0447549432710645,2684,0.0447549432710645,2684,0.0447549432710645,2684,0.0656388671825704,2684,0.0333340962064572,2684,0.0489231068942958,2684,0.0504394971749526,2684,0.0504394971749526,2684,0.0504394971749526,2615,2684,4.488424597187685,2684,0.659023443644723,2684,0.3662340467301288,2684,0.7079561503316396,2684,0.4747039206096407,2684,0.7581951425526937,2684,0.5933652897365731,Africa,Africa
2630.0,CMR,Cameroon,6083.75892639,1.0,91.0,1100720.35634,3071,61.0,1.0,1094636.59741,125,0.4991160542048511,125,0.2890042991574168,125,0.543569267157398,125,0.3574315008810485,125,0.589455744365922,125,0.4483994240008745,Garoua,2096,0.0631778969373605,125,0.0372921867603683,125,0.0384710989229919,125,0.0384710989229919,125,0.0384710989229919,125,0.0665152053819026,125,0.0362948731159355,125,0.0507123026157907,125,0.0521925571725796,125,0.0521925571725796,125,0.0521925571725796,801,125,3.2105886756673816,125,0.6341076455575199,125,0.4208910055554394,125,0.6833154706371197,125,0.4991849327624815,125,0.7401270131158444,125,0.5811685377522345,Africa,Africa
2648.0,JPN,Japan,348077.924948,1.0,1553.0,1633746.73779,12778;12785,383.0,2.0,1285668.81284,10426,0.8940937623644906,10426,0.7030174709845933,10426,0.9199026154317986,10426,0.7931689689945243,10426,0.9438936527025784,10426,0.863674748860284,Hiroshima,11278,0.0788228385211838,10426,0.0783768447545306,10426,0.0117638144364046,10426,0.0092349789968636,10426,0.0802646314689246,10426,0.0593961610149648,10426,0.0246770509225477,10426,0.0405989387738946,10426,0.0069404450915437,10426,0.005370895575686,10426,0.0418165587998429,5831,10426,10.477424527977895,10426,0.5165018981392104,10426,0.3302001882177705,10426,0.558682619966079,10426,0.397912074832568,10426,0.6088098255773896,10426,0.4702870935019764,EAsia,E Asia
2663.0,POL,Poland,,,5198.0,2912555.18753,,,,,5066,0.4196477067858839,5066,0.3680554029052564,5066,0.4306445908859952,5066,0.3870260826345391,5066,0.4439183992687124,5066,0.4068786427067174,Katowice,23560,0.0412915154632733,5066,0.0383558146138362,5066,0.0021996812573667,5066,0.0008878368185645791,5066,0.0392436518591828,5066,0.06461850979054,5066,0.031447353390628,5066,0.0471649631343833,5066,0.0027145483555973,5066,0.0010956552605888,5066,0.0482606187857009,7326,5066,3.099052189808251,5066,0.5173265437050318,5066,0.4512642646480679,5066,0.5314344695091355,5066,0.4756610566075313,5066,0.5478276190022504,5066,0.5014743125758954,Europe,Europe
2702.0,FRA,France,,,6778.0,11236407.1278,,,,,31920,0.8096670312364987,31920,0.6405152547254392,31920,0.8367099492681765,31920,0.7115305298588281,31920,0.8690532348355053,31920,0.7753511662379666,Paris,43243,0.0712916160308476,31920,0.0707040479926967,31920,0.0059536480648034,31920,0.0027539518218912,31920,0.0724421545458206,31920,0.0676850129258916,31920,0.0386949740373412,31920,0.052560179572637,31920,0.0049659932051328,31920,0.0023277923321432,31920,0.053949805730193,3160,31920,8.305031290902447,31920,0.6228595427469796,31920,0.4633843559242016,31920,0.6548490072991264,31920,0.523594946408691,31920,0.6948127581585731,31920,0.5849355738802641,Europe,Europe
2706.0,IDN,Indonesia,93264.0099547,1.0,392.0,1034213.23641,10988,178.0,1.0,940949.226456,1221,0.6163412207303859,1221,0.456465074819723,1221,0.6450746814083027,1221,0.5164819928408191,1221,0.6814009836823226,1221,0.5789691575085056,Padang,1738,0.0526647934684106,1221,0.0518752493990236,1221,0.0108533250451406,1221,0.0079910927376847,1221,0.0532380506529482,1221,0.0579619687945171,1221,0.022093429963891,1221,0.0387116920488867,1221,0.0096395284674579,1221,0.0074287994906862,1221,0.039849970337723,5259,1221,4.5785754437559385,1221,0.4861785978961302,1221,0.3239121511118651,1221,0.5246251404493775,1221,0.3790237118976254,1221,0.5691391017742882,1221,0.4427195574223135,SEAsia,SE Asia
2709.0,IRQ,Iraq,534116.156069,1.0,2252.0,6245609.02132,5314;5326;5345;5361,879.0,4.0,5711492.86525,130399,0.7115646194372149,130399,0.5863778728808239,130399,0.7316429041512404,130399,0.6414145571781362,130399,0.7548789953573889,130399,0.6866968131846033,Baghdad,236482,0.0655182781516175,130399,0.0634455903383528,130399,0.0452700774189739,130399,0.0237727072861521,130399,0.0649553479339614,130399,0.0695714131741806,130399,0.041057246856637,130399,0.0548934497171343,130399,0.0438784968949882,130399,0.0234105351012064,130399,0.0562644584755467,5673,130399,4.542115482855137,130399,0.633643439762862,130399,0.493794806718291,130399,0.6582874538673265,130399,0.5515699344058471,130399,0.6855040686310564,130399,0.6036025418628049,SWAsia,SW Asia
2737.0,UKR,Ukraine,,,1436.0,1255759.62639,,,,,1611,0.2532335024955793,1611,0.2157954737204405,1611,0.2745953778124462,1611,0.2400941864156169,1611,0.2796725969532342,1611,0.2519819998990097,Odesa,9735,0.0197683038923785,1611,0.0234554356865973,1611,0.0240147811076075,1611,0.0240147811076075,1611,0.0240147811076075,1611,0.0442123754166549,1611,0.0080061616246324,1611,0.0228635615366149,1611,0.0234147174875517,1611,0.0234147174875517,1611,0.0234147174875517,8335,1611,4.910424681852922,1611,0.2532804752434113,1611,0.2165084909829395,1611,0.261798120947862,1611,0.2299564380939556,1611,0.2755780339955494,1611,0.2446214332009743,Europe,Europe
2757.0,COL,Colombia,128551.989347,1.0,692.0,3610595.16419,561;562,238.0,2.0,3482043.17485,417,0.8708890431213716,417,0.8264367481634391,417,0.877376675888001,417,0.8427759701266307,417,0.8819420472134971,417,0.8603166058038233,Medellín,786,0.0851071281450978,417,0.0829423758380194,417,0.0847062619942447,417,0.0429759435662901,417,0.0847062619942447,417,0.0693148642684145,417,0.0494046498648873,417,0.0579159742387656,417,0.0591726414618615,417,0.0301081783428209,417,0.0591726414618615,2489,417,5.757774607924607,417,0.6108610604659197,417,0.5749682324022819,417,0.6190374083293622,417,0.5876102820655378,417,0.6283328727546409,417,0.6018625593505826,SouthAmerica,S America
2787.0,POL,Poland,,,1996.0,1064394.02438,,,,,110,0.296363647823984,110,0.2936363750560717,110,0.296363647823984,110,0.2954545569013465,110,0.2990909205241637,110,0.296363647823984,Lodz,1156,0.0280145063839567,110,0.0289431821343234,110,0.0014913636492565,110,0.00059818184659393,110,0.0295413647947663,110,0.0535361673852259,110,0.0105284415878651,110,0.0302819039841944,110,0.001566107090118,110,0.0006271639256738126,110,0.0309090674770149,7328,110,3.643254748257724,110,0.3113713259046728,110,0.3071198554878885,110,0.3123801431872628,110,0.3085862333124334,110,0.3135819576003334,110,0.3102639914913611,Europe,Europe
2801.0,VEN,Venezuela,129853.635363,1.0,492.0,1186176.24111,783;785,147.0,2.0,1056322.60574,10,0.699999988079071,10,0.699999988079071,10,0.699999988079071,10,0.699999988079071,10,0.699999988079071,10,0.699999988079071,Barquisimeto,83,0.0685999989509582,10,0.0685999989509582,10,0.0700000002980232,10,0.0350000001490116,10,0.0700000002980232,10,0.0606994722038507,10,0.0145085736177861,10,0.0376340173184871,10,0.0384020574390888,10,0.0192010287195444,10,0.0384020574390888,8816,10,2.614858174324036,10,0.3840205818414688,10,0.3840205818414688,10,0.3840205818414688,10,0.3840205818414688,10,0.3840205818414688,10,0.3840205818414688,SouthAmerica,S America
2821.0,EGY,Egypt,536157.368331,1.0,1042.0,2367343.88961,3849;3862;3870;3876;3885;3896;3909,483.0,7.0,1831186.52128,885,0.6959645008520534,5329,0.500052475024523,885,0.735638017928286,5329,0.8191971518206695,885,0.7796834792565974,885,0.6429559891802923,Faiyum,2811,0.0616909869227797,885,0.055026359145021,885,0.0565857263684576,885,0.0529038073210264,885,0.0565857263684576,885,0.0800253850609563,885,0.0593697972838456,885,0.0699210076463605,885,0.0716964703318117,885,0.0660402308996377,885,0.0716964703318117,2822,5329,2.818771660329014,885,0.8330158589769131,5329,0.6627628291905934,885,0.8605111040494793,5329,0.8945612293452756,885,0.8877308425560845,885,0.7944900724145854,Africa,Africa
2822.0,ESP,Spain,253435.096391,1.0,1263.0,1053431.72106,1677,205.0,1.0,799996.624664,2600,0.7214863322257985,2600,0.4863141962869355,2600,0.7590723256066565,2600,0.5836453770851772,2600,0.799428216003142,2600,0.6697815489075067,Málaga,5592,0.0583787972300009,2600,0.0585458802500611,2600,0.0193633334114294,2600,0.0164288526108807,2600,0.0601447363050214,2600,0.0738109313010717,2600,0.0486649929955795,2600,0.0610583615099315,2600,0.0183849772154854,2600,0.0152766136153677,2600,0.0626913331983744,7835,2600,5.061078794890901,2600,0.73889361937863,2600,0.521434527432131,2600,0.7765849899626164,2600,0.607767770555154,2600,0.8164854217637099,2600,0.6919508902968349,Europe,Europe
2837.0,MEX,Mexico,,,1968.0,5184364.54747,,,,,765,0.7026201721186686,765,0.5860861760018516,765,0.7231804624965128,765,0.6357189822755677,765,0.7458180958084876,765,0.675250103964716,Guadalajara,6351,0.0697002099826942,765,0.0628670160350974,765,0.064358652067768,765,0.0338135230540253,765,0.064358652067768,765,0.0775093622339029,765,0.0540512058550665,765,0.0659484841049558,765,0.0675728733673484,765,0.0359156399655164,765,0.0675728733673484,6121,765,3.148617955743532,765,0.7528616101621446,765,0.6047210370204311,765,0.7816421075806331,765,0.6615682894104766,765,0.8121940567807104,765,0.7188202847140837,NorthAmerica,N America
2845.0,PHL,Philippines,1697413.49995,1.0,4873.0,24958274.4194,12817;12819;12821;12824;12829;12840;12837;12847;12854;12855;12859;12860;12861;12866,2416.0,14.0,23260860.9195,23018,0.661338322206984,23018,0.4812003097212486,23018,0.691230432547337,23018,0.5561139325804076,23018,0.7293534034216573,23018,0.6193940170776262,Quezon City [Manila],75381,0.0505305113596256,23018,0.0554814346113032,23018,0.0523001572629101,23018,0.0482215204341119,23018,0.0569401413024902,23018,0.0587295177052339,23018,0.0255759485708101,23018,0.0406465980980698,23018,0.04012748025069,23018,0.0385823838696457,23018,0.0418619162581859,7252,23018,5.522784266090912,23018,0.5202530759469935,23018,0.3321228644074187,23018,0.5625377495689298,23018,0.3967310541953501,23018,0.6076589863425156,23018,0.4705373448800964,SEAsia,SE Asia
2935.0,EGY,Egypt,258353.560658,1.0,442.0,1453549.73098,3840;3856;3869;3880,169.0,4.0,1195196.17032,13136,0.4859859930582732,13136,0.3522182218290945,13136,0.5146641649869965,13136,0.3999321632385357,13136,0.5474663094503868,13136,0.4531027250068318,Tanta,28811,0.0377334970496274,13136,0.0403895476243393,13136,0.0414844802134382,13136,0.0293102218454397,13136,0.0414844802134382,13136,0.0674160500734899,13136,0.0391982760494653,13136,0.0526046140246814,13136,0.0539514744163122,13136,0.0375385449877814,13136,0.0539514744163122,2823,13136,3.6345362265544487,13136,0.6154163929964234,13136,0.4691784076072744,13136,0.6429351349357006,13136,0.5257653116716487,13136,0.6734299716768103,13136,0.5823516602685348,Africa,Africa
2940.0,GHA,Ghana,313796.012403,1.0,1934.0,4786265.39821,1910;1926,863.0,2.0,4472469.38581,2343,0.6169912377897615,2343,0.3479546760532759,2343,0.643610625136751,2343,0.4789356119650562,2343,0.6716995651113341,2343,0.5727220605974405,Accra,8090,0.056104383110732,2343,0.0475201586517135,2343,0.048863557849896,2343,0.0305425195170351,2343,0.048863557849896,2343,0.0672198453753061,2343,0.0366669973634973,2343,0.0513250948082624,2343,0.0527246103489802,2343,0.032334954634319,2343,0.0527246103489802,3313,2343,4.267673597890532,2343,0.63840703954417,2343,0.4048224069495941,2343,0.6683789060771935,2343,0.5173714782911791,2343,0.6997575841708565,2343,0.5999235462345123,Africa,Africa
3000.0,IRN,Iran,40581.6707315,1.0,249.0,1054613.30952,5515,121.0,1.0,1014031.63878,868,0.7974273770034105,868,0.6301974251212504,868,0.823603398296245,868,0.6971767234856626,868,0.8499585224085596,868,0.7647411865212397,Kermanshah,3147,0.0706272478359336,868,0.0694868844666897,868,0.071186801894514,868,0.038002448067841,868,0.071186801894514,868,0.0755735060974809,868,0.0533505580616191,868,0.0641204254576881,868,0.0657438357461799,868,0.0354026314420428,868,0.0657438357461799,5516,868,4.068433173370173,868,0.7492142907031564,868,0.5721728414561892,868,0.7802436176813826,868,0.6414753235059945,868,0.8117045303550048,868,0.7099726902518919,SWAsia,SW Asia
3033.0,BGD,Bangladesh,860304.902759,1.0,1310.0,2631728.4659,9780,589.0,1.0,1771423.56314,37210,0.7378538516333741,37210,0.4372026026089366,37210,0.7717403356040228,37210,0.5881532338468747,37210,0.8045814078105111,37210,0.6918333099763433,Sirajganj,114219,0.0668897173899397,37210,0.0581205979319781,37210,0.0148960666020828,37210,0.0077476309180843,37210,0.0597297607841233,37210,0.0769754243448936,37210,0.0493629516302108,37210,0.0640563493469823,37210,0.0177451061676417,37210,0.0093120151602141,37210,0.0659905002528426,300,37210,2.526269773656938,37210,0.881515571090016,37210,0.4259981164565076,37210,0.930865626747454,37210,0.6379725350342212,37210,0.9670753793373744,37210,0.8051026376454504,SAsia,S Asia
3041.0,DEU,Germany,,,2160.0,1695402.91666,,,,,15889,0.5645871563196596,15889,0.3965441209450027,15889,0.5944573593556728,15889,0.4654960488355491,15889,0.6254817132844578,15889,0.5286979714671008,Mannheim,53356,0.0488123391343518,15889,0.0466578601174556,15889,0.0059784832957892,15889,0.0030808720095681,15889,0.0479088234543447,15889,0.0649025297281221,15889,0.0351254090864917,15889,0.0490627718742333,15889,0.0062782922038595,15889,0.0032304659085713,15889,0.0503731986557943,3234,15889,4.882029971321025,15889,0.5943172182283021,15889,0.4151717913507362,15889,0.6248133098528873,15889,0.4902946765533276,15889,0.6552131358283565,15889,0.556611913221405,Europe,Europe
3056.0,KEN,Kenya,70279.1153075,1.0,289.0,1104262.79954,5329,133.0,1.0,1033983.68423,395,0.7073417688849606,395,0.4574683570597745,395,0.746582276232635,395,0.5511392382692687,395,0.7853164533459688,395,0.6491139208780059,Mombasa,2654,0.0705444612980922,395,0.0559339243730035,395,0.0575045564318005,395,0.0575045564318005,395,0.0575045564318005,395,0.0738287492501962,395,0.0502493976721469,395,0.061466946080327,395,0.0630403978361076,395,0.0630403978361076,395,0.0630403978361076,5953,395,4.217542518543292,395,0.7237463176627702,395,0.5411747954550046,395,0.7556952272600765,395,0.6145746295493615,395,0.7867254017840458,395,0.6861812611499541,Africa,Africa
3057.0,KOR,SouthKorea,442562.37365,1.0,1478.0,4218267.5169,12673;12674;12678;12679,560.0,4.0,3775705.14325,28808,0.9866802759467432,28808,0.8882575430555816,28808,0.9923518715184676,28808,0.9472154673528824,28808,0.9958721307394462,28808,0.9762533734767124,Busan,35364,0.0927740957284155,28808,0.0924834414887469,28808,0.0273636898864205,28808,0.0186133198237866,28808,0.0944751868326147,28808,0.0853575995499766,28808,0.0715807896650126,28808,0.0784971437228497,28808,0.0209102710850748,28808,0.0128628550079728,28808,0.0803179511774055,7786,28808,7.265539980156681,28808,0.872168026784096,28808,0.7290814689246159,28808,0.8912014384930421,28808,0.7965250886026414,28808,0.9104027235655334,28808,0.8468717335314886,EAsia,E Asia
3093.0,DEU,Germany,,,3323.0,3025700.46852,,,,,20090,0.6096597211720661,20090,0.4411974925007049,20090,0.6419173371527227,20090,0.506645734284633,20090,0.6776621352008914,20090,0.5719763905587378,Frankfurt am Main,49574,0.056608329899874,20090,0.0508919048970394,20090,0.0064636360930103,20090,0.003334693458776,20090,0.0522472290492277,20090,0.0628946769137437,20090,0.0348423990528588,20090,0.0474839954254113,20090,0.0059158785004058,20090,0.0030389722232283,20090,0.0487160359095376,3235,20090,6.04333763078822,20090,0.5621609247505093,20090,0.4181650413993132,20090,0.588601596826143,20090,0.4738320869589847,20090,0.6160199601986153,20090,0.5290971498153964,Europe,Europe
3099.0,GBR,UnitedKingdom,,,1951.0,1213639.1467,,,,,3036,0.8430944493514515,3036,0.6815495952660406,3036,0.858603857321689,3036,0.7688650456945753,3036,0.8708929936534794,3036,0.8184192017727621,Bristol,7336,0.0693305341499166,3036,0.0752256883419931,3036,0.0095343643231535,3036,0.0053390518411152,3036,0.0769674750507711,3036,0.0764827701327017,3036,0.0528786037521955,3036,0.0647615623496473,3036,0.0088388796805838,3036,0.0050594457943686,3036,0.0663842825053488,8414,3036,6.867383705948543,3036,0.752732321085588,3036,0.5674960046635674,3036,0.7838716851808191,3036,0.6576706318243546,3036,0.811359549652256,3036,0.7134659569940803,Europe,Europe
3142.0,COD,DemocraticRepublicoftheCongo,21714.0570431,1.0,125.0,1018036.09543,3486,78.0,1.0,996322.038391,0,,0,,0,,0,,0,,0,,Kananga,0,,0,,0,,0,,0,,0,,0,,0,,0,,0,,0,,2657,0,,0,,0,,0,,0,,0,,0,,Africa,Africa
3145.0,DZA,Algeria,488597.12332,1.0,1802.0,4921385.25012,2084;2095;2096;2109;2111;2113;2117,874.0,7.0,4432788.1268,2608,0.5748827740588026,2608,0.3845191538933146,2608,0.6072045685725794,2608,0.45746810679471,2608,0.6464454291508662,2608,0.5321417136257497,Algiers,7835,0.0366558899083148,2608,0.0462646445137554,2608,0.0342643144961034,2608,0.0248752492142263,2608,0.047557535443451,2608,0.0653723502749413,2608,0.0354022001190738,2608,0.0493444914547853,2608,0.0346397739935314,2608,0.0237872511879921,2608,0.0506526732046049,68,2608,4.393309107611434,2608,0.5889037624535318,2608,0.4281644022900215,2608,0.617818997510873,2608,0.492377515052173,2608,0.6540905975233807,2608,0.5538045531373834,Africa,Africa
3147.0,ESP,Spain,,,4270.0,6131918.9979,,,,,3019,0.3858849116644317,3019,0.3369241747083864,3019,0.3951200582202204,3019,0.3548753244027848,3019,0.4054001349892751,3019,0.3745415359529621,Madrid,12897,0.0355731110480804,3019,0.0351916652016301,3019,0.0078063314542865,3019,0.0039777939261312,3019,0.036002465431774,3019,0.0585350287932346,3019,0.0267372653236238,3019,0.0409639256204801,3019,0.0091268329519472,3019,0.0046590606609661,3019,0.041915181274692,7841,3019,3.920980280649847,3019,0.450330627006096,3019,0.3928630681389692,3019,0.4623161241167731,3019,0.4121032352222505,3019,0.47562759230472,3019,0.4359017109190133,Europe,Europe
3171.0,POL,Poland,,,2630.0,1284334.3974,,,,,11321,0.4076288356522256,11321,0.318453690689467,11321,0.4288211131595461,11321,0.3512268410198248,11321,0.452085352271574,11321,0.3860439997530447,Krakow,31406,0.0385364297869826,11321,0.035181924658088,11321,0.0022255303926064,11321,0.0009041707239523844,11321,0.0360860953753332,11321,0.0591965199500879,11321,0.0257389813424578,11321,0.0410249657146538,11321,0.0025870989483045,11321,0.0010507355475376,11321,0.0420757015633426,7333,11321,3.991195695867566,11321,0.4757607572281921,11321,0.3717049314014546,11321,0.4988745216555409,11321,0.4095893652765135,11321,0.5253677661904924,11321,0.4498506299194617,Europe,Europe
3200.0,FRA,France,,,966.0,1205007.57709,,,,,4277,0.3574033086322905,4277,0.2821122814027972,4277,0.3739739164214593,4277,0.3108700280237466,4277,0.3855692876683926,4277,0.3366465186577402,Lille,10831,0.0282343962401951,4277,0.0309753128955898,4277,0.0072091455765002,4277,0.0037388964406424,4277,0.0317464515111397,4277,0.052915578349068,4277,0.0185470888983026,4277,0.0333581113986242,4277,0.0078124300203444,4277,0.0040417251965304,4277,0.0341953997830174,3168,4277,4.262042490734874,4277,0.3867527298172173,4277,0.3004689671185642,4277,0.4023972689506044,4277,0.3340105480897557,4277,0.418644088647115,4277,0.3673882386969802,Europe,Europe
3211.0,KOR,SouthKorea,209613.263886,1.0,836.0,1132432.10118,12682,199.0,1.0,922818.83729,225,0.4226666718059116,225,0.399555561542511,225,0.4315555608272552,225,0.4017777837647332,225,0.4293333383070098,225,0.4093333390686247,Ulsan,638,0.0394671035394096,225,0.0397868893709447,225,0.0059988890350278,225,0.0038966667139902,225,0.0406455547776487,225,0.041402876989709,225,0.0055121068430081,225,0.019484275917833,225,0.0028623348012721,225,0.0017594650077969,225,0.0199459573657562,7788,225,7.985576048956977,225,0.2149866274495919,225,0.1934035963647895,225,0.225722780244218,225,0.1948676360150178,225,0.2308408000734117,225,0.1996464264889558,EAsia,E Asia
3222.0,POL,Poland,,,4181.0,2865997.28879,,,,,4653,0.5132492418757864,4653,0.3476183513713553,4653,0.5436474146712059,4653,0.413874482452926,4653,0.5767481914627185,4653,0.4797533426323055,Warsaw,29709,0.0500940436063183,4653,0.0417295859931077,4653,0.0028340897687056,4653,0.0011534964081383,4653,0.0428830825281671,4653,0.0676955422614902,4653,0.038030213264469,4653,0.0522114741618592,4653,0.0035370314291936,4653,0.0014377364623855,4653,0.0536492111307131,7334,4653,3.122527756979588,4653,0.6438544865908125,4653,0.4357589281804616,4653,0.6806618120453954,4653,0.5183639922722952,4653,0.7188682124629667,4653,0.5976541716254866,Europe,Europe
3226.0,SDN,Sudan,262526.162147,1.0,1363.0,6229523.11583,4335;4343,780.0,2.0,5966996.95368,14944,0.7433901487929524,14944,0.3520743925252731,14944,0.8006235391077986,14944,0.5175661309340278,14944,0.8699956542444149,14944,0.6724123511036507,Khartoum,33665,0.0712030975949833,14944,0.0530356654548366,14944,0.0547756568938434,14944,0.0330346443346422,14944,0.0547756568938434,14944,0.0655917663197483,14944,0.0366445751575067,14944,0.050016053804359,14944,0.051540819856063,14944,0.0300425279664089,14944,0.051540819856063,7923,14944,5.386656132590732,14944,0.669091951155158,14944,0.3703371068028773,14944,0.7147993059954016,14944,0.4895945652482157,14944,0.7623827631615848,14944,0.607644141366728,Africa,Africa
3234.0,VNM,Vietnam,397479.312409,1.0,723.0,1198796.51295,11236;11256;11264;11265,313.0,4.0,801317.200546,44542,0.7164492034318478,44542,0.5606832403493934,44542,0.7429810235642533,44542,0.623751401064626,44542,0.772641638877359,44542,0.6831605287543029,Nam Định,73031,0.0645752847652102,44542,0.0621346041954632,44542,0.0340690199420301,44542,0.0144653415102812,44542,0.0636798861040725,44542,0.0742325224376718,44542,0.0445135856285432,44542,0.06007500787429,44542,0.0340645325465611,44542,0.0148505669381963,44542,0.0617054242038645,8876,44542,3.5042460363568093,44542,0.7320749927226261,44542,0.5086127532624098,44542,0.7718089355930903,44542,0.5970229123442554,44542,0.8152080725913212,44542,0.6839081173444549,SEAsia,SE Asia
3255.0,IDN,Indonesia,94366.665822,1.0,631.0,1092048.9462,11146,211.0,1.0,997682.280382,3093,0.7492145065217746,3093,0.5997377076197301,3093,0.7764461251551066,3093,0.6632233864686461,3093,0.8018434425076741,3093,0.7187365789676059,Pekanbaru,9800,0.0693714620888089,3093,0.0658247680789056,3093,0.0077852728129453,3093,0.0039711212375944,3093,0.0674284546322588,3093,0.0775392380901517,3093,0.0541917110937295,3093,0.0660768474691281,3093,0.0079658607002564,3093,0.0040706357339624,3093,0.0677232483406335,5269,3093,3.533761033992825,3093,0.765132873841034,3093,0.5906487034776955,3093,0.7929571299094812,3093,0.664381448868272,3093,0.8232000270428775,3093,0.7295123648535361,SEAsia,SE Asia
3270.0,PAK,Pakistan,,,2013.0,5789130.04626,,,,,10909,0.4425619432865209,10909,0.349965524315969,10909,0.4594828156800604,10909,0.3881627684655877,10909,0.4805623647673435,10909,0.4223869718333054,Peshawar,38933,0.0476068963248283,10909,0.038601377616896,10909,0.0395625022781115,10909,0.0395625022781115,10909,0.0395625022781115,10909,0.0510914586552464,10909,0.0183922713994438,10909,0.0320095342775035,10909,0.0328489803885876,10909,0.0328489803885876,10909,0.0328489803885876,7020,10909,3.388002199024854,10909,0.3796308373829157,10909,0.2792644214148935,10909,0.3977025848257691,10909,0.3201292519591219,10909,0.4197229684060969,10909,0.3577563875280313,SAsia,S Asia
3280.0,TZA,Tanzania,189195.413404,1.0,1057.0,5644865.66667,5199;5222;5241,690.0,3.0,5455670.25326,531,0.4273069672805666,531,0.2843691192413005,531,0.4576271161184472,531,0.3318267467163376,531,0.4913370985600908,531,0.3890772164569511,Dar es Salaam,1510,0.037499892659054,531,0.0339361581942719,531,0.0349188324811288,531,0.0349188324811288,531,0.0349188324811288,531,0.0581370827245566,531,0.0219145771989133,531,0.038518195899498,531,0.0395658068370298,531,0.0395658068370298,531,0.0395658068370298,8070,531,4.536782032127883,531,0.4563034115018929,531,0.3453270751428693,531,0.4867240998494086,531,0.3803142237734828,531,0.5238055046753022,531,0.4258784896531011,Africa,Africa
3284.0,VEN,Venezuela,289185.47885,1.0,1177.0,1968184.80037,821,318.0,1.0,1678999.32152,29,0.699999988079071,29,0.699999988079071,29,0.699999988079071,29,0.699999988079071,29,0.699999988079071,29,0.699999988079071,Valencia,2284,0.0624203622527275,29,0.0685999989509582,29,0.0700000002980232,29,0.0350000001490116,29,0.0700000002980232,29,0.061980504624102,29,0.0156798608824874,29,0.0391998263032913,29,0.0399998214584908,29,0.0199999107292454,29,0.0399998214584908,8824,29,2.5000111050306373,29,0.3999982284532354,29,0.3999982284532354,29,0.3999982284532354,29,0.3999982284532354,29,0.3999982284532354,29,0.3999982284532354,SouthAmerica,S America
3304.0,GBR,UnitedKingdom,,,2182.0,3270370.45977,,,,,5627,0.5534644620958649,5627,0.4753857843366718,5627,0.5685366523992272,5627,0.506163775845237,5627,0.5865998893485928,5627,0.5355467779415257,Manchester,11992,0.0505072072950301,5627,0.0501471609159291,5627,0.0063993390168438,5627,0.0036424873373396,5627,0.0513203608608366,5627,0.0590825677377375,5627,0.0262295957866874,5627,0.0411012756744024,5627,0.0053187050799193,5627,0.0030483440214861,5627,0.0420735299532124,8416,5627,6.429706249987904,5627,0.4560426286430872,5627,0.3878616342724206,5627,0.4696555459760249,5627,0.4141897427639125,5627,0.4861269478003914,5627,0.4404506524863753,Europe,Europe
3315.0,MAR,Morocco,57076.7113562,1.0,306.0,1034031.22971,1635,100.0,1.0,976954.518356,18,0.3888888955116272,18,0.2222222255335914,18,0.4722222247057491,18,0.300000006539954,18,0.4777777799301677,18,0.3388888984918594,Tangier,183,0.0342094514747447,18,0.0298555561134384,18,0.0308111116497053,18,0.0177555554029014,18,0.0308111116497053,18,0.0646162140700552,18,0.0249000891344621,18,0.0449675856572058,18,0.0464937593787908,18,0.0271777514782216,18,0.0464937593787908,6285,18,2.745631403393216,18,0.6127534988853667,18,0.3408201514846748,18,0.6843979507684708,18,0.4318201417724291,18,0.7630868024296231,18,0.534820157620642,Africa,Africa
3324.0,PRK,NorthKorea,293997.846659,1.0,754.0,2993742.73307,12109;12112,288.0,2.0,2699744.88641,3979,0.8747118019947201,3979,0.6879970778178953,3979,0.9018238284010665,3979,0.7760025663916235,3979,0.9319042396584646,3979,0.8433932938267269,Pyongyang,16502,0.082046112370417,3979,0.0766733855857195,3979,0.0785371938965634,3979,0.0785371938965634,3979,0.0785371938965634,3979,0.0813798316439244,3979,0.0646228982451762,3979,0.0729406583753265,3979,0.0747078919469719,3979,0.0747078919469719,3979,0.0747078919469719,6922,3979,4.604497713902418,3979,0.8442334618598349,3979,0.6357041121574997,3979,0.8635915354020008,3979,0.7415127041718259,3979,0.8836161186012527,3979,0.8138003460926755,EAsia,E Asia
3327.0,SAU,SaudiArabia,572905.173909,1.0,3239.0,6299387.24487,5698;5701,1032.0,2.0,5726482.07096,4541,0.6507846669058646,4541,0.5683023720624356,4541,0.6652247595685238,4541,0.6039302697655735,4541,0.6780831184714519,4541,0.6361469335175793,Riyadh,8696,0.0591689825353313,4541,0.0596466172811991,4541,0.0316969675245809,4541,0.0130958095095247,4541,0.061002783616763,4541,0.0676381153262504,4541,0.0413188799969298,4541,0.0534749068140096,4541,0.0286901308304561,4541,0.0119466838007144,4541,0.0547207187933958,7614,4541,4.084532605956223,4541,0.5940346548936415,4541,0.5007881543771605,4541,0.6080706410545084,4541,0.5404353577783136,4541,0.6229055254489771,4541,0.5757944231747955,SWAsia,SW Asia
3337.0,ZAF,SouthAfrica,621307.167589,1.0,3795.0,8182341.80498,3665;3671;3673;3678;3693;3700;3704;3707;3721,1873.0,9.0,7561034.63739,998,0.3423560141950363,998,0.2917906407940656,998,0.3525244418074357,998,0.3089563521360191,998,0.3660152272736092,998,0.3286638744002469,Johannesburg,4773,0.0291994783599124,998,0.030753088239057,998,0.0035470411114462,998,0.0018098399603832,998,0.031485118314141,998,0.0608623978339814,998,0.0241437553602086,998,0.0414836806988117,998,0.0046664424565877,998,0.002370990393733,998,0.0424400393797354,7733,998,3.678625824928841,998,0.4532723482492878,998,0.399007409058171,998,0.4649084748616308,998,0.4184528972607192,998,0.4781793378899423,998,0.4396967134299376,Africa,Africa
3340.0,ARG,Argentina,236906.539038,1.0,1444.0,1336722.50022,1070,244.0,1.0,1099815.96118,3654,0.8411239218759128,3654,0.7377787537623598,3654,0.8548434888513718,3654,0.7849129798183517,3654,0.8725591254263897,3654,0.8217729143786083,Rosario,23199,0.0813504009371762,3654,0.077313087398092,3654,0.0790582066900619,3654,0.0409909132291428,3654,0.0790582066900619,3654,0.0627983803069296,3654,0.0335842910253845,3654,0.0467924803990727,3654,0.0479740109462386,3654,0.0255805435871112,3654,0.0479740109462386,202,3654,4.523403613479314,3654,0.5379157327943224,3654,0.4274858643815902,3654,0.5618849913812238,3654,0.4682528258439451,3654,0.5907649191720242,3654,0.5103582935805742,SouthAmerica,S America
3343.0,CAN,Canada,,,2325.0,1277528.02319,,,,,4176,0.8543176055981202,4176,0.669016588331384,4176,0.8705824545150959,4176,0.7663437006740733,4176,0.8878719156897071,4176,0.8288176233065903,Ottawa,25484,0.0780121514115182,4176,0.0751770349122201,4176,0.0410687716868951,4176,0.0171413515398412,4176,0.0769527782070073,4176,0.0840807413116006,4176,0.0682491336783844,4176,0.0762895283126349,4176,0.0417810405995399,4176,0.0173983624748901,4176,0.0780830722984582,845,4176,3.5361756251321914,4176,0.8675362925613128,4176,0.6710162945033403,4176,0.8827267547848386,4176,0.7810649648177433,4176,0.8967712020707331,4176,0.8444468674930445,NorthAmerica,N America
3357.0,IND,India,,,345.0,1155695.86891,,,,,840,0.525745356957036,840,0.4116050518889578,840,0.5466628637172868,840,0.4573397343244538,840,0.5711755225611118,840,0.498608684236781,Jammu,2870,0.0533673156441996,840,0.0455423942029919,840,0.0055001291198144,840,0.002819108584648,840,0.0466847452930379,840,0.05920930670829,840,0.0262433624920183,840,0.0410756894440832,840,0.0052209656223564,840,0.0027036855784594,840,0.0421768773576455,3484,840,2.9998850672179955,840,0.4891736684675943,840,0.3606826217944515,840,0.5177383511758478,840,0.4084303147129428,840,0.5505937351421716,840,0.4577882538913705,SAsia,S Asia
3435.0,BGD,Bangladesh,552752.795431,1.0,785.0,1485869.0192,9845,359.0,1.0,933116.22377,6209,0.7772234058605383,6209,0.3164481259936134,6209,0.8216392509369885,6209,0.4940968697760959,6209,0.8571318312034574,6209,0.7052652902340504,Tangail,19828,0.0565873391678442,6209,0.0521818141002524,6209,0.0156420203463038,6209,0.0082295769555749,6209,0.0538960776857351,6209,0.070757902987499,6209,0.0422421628807963,6209,0.0563650937986198,6209,0.0187651441891866,6209,0.0097719857438716,6209,0.0583556216316138,308,6209,2.5166056454557246,6209,0.9464764040391828,6209,0.2685152769404406,6209,0.9805927887931838,6209,0.5023816543220629,6209,0.9952639231251614,6209,0.8521552819640944,SAsia,S Asia
3438.0,CHN,China,173080.342312,1.0,569.0,1414920.69654,10096;10097,157.0,2.0,1241840.35423,1701,0.525449924436109,1701,0.4646255670668,1701,0.5382298587297747,1701,0.4877482854777228,1701,0.554992932679613,1701,0.5098902645371071,Xining,2607,0.0467052157798901,1701,0.048249658995683,1701,0.0255502985878989,1701,0.0105857203657305,1701,0.0493596449970451,1701,0.0464260893528976,1701,0.0172494831721323,1701,0.028378213505831,1701,0.0151741438389854,1701,0.0063507675085586,1701,0.0290530830709927,962,1701,7.983919409562361,1701,0.3141673589512057,1701,0.2698532394697222,1701,0.3247219081475484,1701,0.2853043257931613,1701,0.3374345603715391,1701,0.3029207543408261,EAsia,E Asia
3453.0,IRQ,Iraq,58324.2678251,1.0,189.0,1070856.90631,5387,89.0,1.0,1012532.63849,3112,0.7714387228479901,3112,0.6629158057801811,3112,0.7903597603050917,3112,0.7083731478508154,3112,0.8113522560577804,3112,0.7486490743493681,Najaf,4854,0.0707213805000953,3112,0.0700450603152672,3112,0.0716677645923368,3112,0.0373855406796526,3112,0.0716677645923368,3112,0.0784174385101136,3112,0.0573303770686009,3112,0.0678136332207849,3112,0.0694107156066437,3112,0.0363738064857159,3112,0.0694107156066437,5682,3112,3.727274547890312,3112,0.7532476771758368,3112,0.6367414645290315,3112,0.7745399385775145,3112,0.6847348921648236,3112,0.7985404978896136,3112,0.7280186856291028,SWAsia,SW Asia
3471.0,TUR,Turkey,143112.91848,1.0,664.0,1087976.74869,3729,223.0,1.0,944863.830208,4663,0.4397439245026804,4663,0.3411967904821555,4663,0.4628258085438254,4663,0.3786975655473124,4663,0.4875713382508744,4663,0.414826694139758,Antalya,11433,0.0357873685271835,4663,0.0378550959666036,4663,0.0388302384683142,4663,0.0223554553647243,4663,0.0388302384683142,4663,0.0458863320329265,4663,0.013193871546647,4663,0.0264187860004019,4663,0.0271770949901496,4663,0.0160834056599856,4663,0.0271770949901496,8192,4663,4.435681786803414,4663,0.3263722450059801,4663,0.2235880105351132,4663,0.3507029698664836,4663,0.2602483850688972,4663,0.3791544690957094,4663,0.2999907478717695,SWAsia,SW Asia
3483.0,BGD,Bangladesh,272894.875933,1.0,484.0,1150722.5143,9852;9866,230.0,2.0,877827.638364,1134,0.5346692760347596,1134,0.4635152469987257,1134,0.5339183808672617,1134,0.4836392510947736,1134,0.5331366078765131,1134,0.5154723136483184,Mymensingh,2729,0.0579368864600723,1134,0.0481882954538449,1134,0.0105890328939855,1134,0.0053383248709257,1134,0.0492545677098187,1134,0.0670630437496606,1134,0.0285803703903265,1134,0.0480079673918431,1134,0.0105656035217363,1134,0.0053081272418764,1134,0.0490576688059409,309,1134,2.7464273312786083,1134,0.5360293028666708,1134,0.4625823987372873,1134,0.5327690535507812,1134,0.479887916066838,1134,0.5248507876001365,1134,0.515465948235702,SAsia,S Asia
3485.0,CAN,Canada,,,5027.0,4089586.48673,,,,,15293,0.7379859543426741,15293,0.5696991154904524,15293,0.7628113225153257,15293,0.6496015901174678,15293,0.7918748244916359,15293,0.7069518814619927,Montreal,94892,0.0758284822014508,15293,0.0641395313862103,15293,0.0431117627086256,15293,0.0280926261658145,15293,0.0657232806341845,15293,0.0758041882671306,15293,0.0546942615965204,15293,0.0648482397834763,15293,0.043867588992538,15293,0.0286324911205074,15293,0.0664674773437655,846,15293,3.5315974655551168,15293,0.7586579796988834,15293,0.5660586286885086,15293,0.7841110325810811,15293,0.6542728973163069,15293,0.8096181994776308,15293,0.724252630244452,NorthAmerica,N America
3529.0,BGD,Bangladesh,152936.295625,1.0,371.0,1408217.82493,9863,184.0,1.0,1255281.5293,4207,0.51491094787274,4207,0.2842105617630251,4207,0.8107950985861573,4138,0.3175641530409691,4207,0.9616826173373668,4207,0.3869799407427546,Khulna,14259,0.0394855238690146,4138,0.0360986292502253,4138,0.0123604319219539,4138,0.0078762785256368,4138,0.0380222660505764,4138,0.0520479076601666,4138,0.0159585284122786,4138,0.0313908824014092,4138,0.0125836014173401,4138,0.008394284651373,4138,0.033356429819009,310,4207,2.786585595189292,4207,0.5091097712430369,4207,0.2248932487181929,4207,0.9268318065593404,4138,0.2514090850871647,4207,0.983058231854344,4207,0.3366822112304676,SAsia,S Asia
3534.0,COD,DemocraticRepublicoftheCongo,24575.6445866,1.0,213.0,3126644.83746,3541;3543,147.0,2.0,3102069.19287,295,0.6539824227358698,295,0.4560987783794771,295,0.6978487549172563,295,0.5348923107957485,295,0.7337596436604904,295,0.6084573634801227,Mbuji-Mayi,1100,0.055084142615777,295,0.0537642119157143,295,0.0552317312961285,295,0.0552317312961285,295,0.0552317312961285,295,0.0851676376714091,295,0.0671131060232154,295,0.076917615192442,295,0.0788142097625454,295,0.0788142097625454,295,0.0788142097625454,2665,295,2.5595754808062305,295,0.8854968458116116,295,0.6961434236119167,295,0.918872990546543,295,0.7722908924827878,295,0.948296632099526,295,0.8441615728058368,Africa,Africa
3549.0,JPN,Japan,587820.455046,1.0,1816.0,1417356.73893,12838,398.0,1.0,829536.283882,39435,0.8456477315055659,39435,0.6747459430469183,39435,0.8716229720187105,39435,0.7521352074430344,39435,0.900912054319726,39435,0.8146729878030611,Okayama,43823,0.0754254752355719,39435,0.0744277344118868,39435,0.0056680337646257,39435,0.0030536297697483,39435,0.0762295583633954,39435,0.0685425600919672,39435,0.0407626239010022,39435,0.0539900896399503,39435,0.0040378454872994,39435,0.0019928007002775,39435,0.0554009998329292,5845,39435,7.0034844076346205,39435,0.6428337376955306,39435,0.4711185735041198,39435,0.6735478743077451,39435,0.5386766359341956,39435,0.7054547541984336,39435,0.6045716808136545,EAsia,E Asia
3560.0,RUS,Russia,,,1305.0,1099469.30339,,,,,2587,0.4643734674240863,2587,0.3511826518388523,2587,0.4918703410339255,2587,0.3969793643413039,2587,0.5179800754559607,2587,0.4414649286033505,Voronezh,27689,0.0478586193201331,2587,0.039715291721476,2587,0.0220472016280189,2587,0.0094705372205352,2587,0.0407512520869122,2587,0.0667445217698348,2587,0.0342988607259973,2587,0.0500898132343719,2587,0.0279102512479163,2587,0.0120489082293994,2587,0.0514124986166157,7436,2587,3.112354483267885,2587,0.5924403791311851,2587,0.4408830789632512,2587,0.6249566747914105,2587,0.4992068109004314,2587,0.6613424373015994,2587,0.5582160460345217,Europe,C Asia
3569.0,VNM,Vietnam,326006.727827,1.0,632.0,1377016.69945,11275,264.0,1.0,1051009.97162,6858,0.6143199785562818,6858,0.3733335912395638,6858,0.6452039990645324,6858,0.4742833926757162,6858,0.6879552980479055,6858,0.5707071825383748,Haiphong,14589,0.0490497620654804,6858,0.0479389681654442,6858,0.0493148783332211,6858,0.0485849625153363,6858,0.0493148783332211,6858,0.0626858576200435,6858,0.0255593256577657,6858,0.0437494716525489,6858,0.0452180158764593,6858,0.0445859299860465,6858,0.0452180158764593,8880,6858,3.132810112603317,6858,0.6123471125535059,6858,0.3046411599756993,6858,0.6661722803679098,6858,0.4207762992065602,6858,0.7342720979888003,6858,0.5471845049503896,SEAsia,SE Asia
3580.0,DEU,Germany,,,2159.0,2234166.17672,,,,,5197,0.6749624050272796,5197,0.5570887880237139,5197,0.6982924319584727,5197,0.6018002494934472,5197,0.725214117014083,5197,0.6467960156901742,Stuttgart,7600,0.0650542551333746,5197,0.0598783586813891,5197,0.0070188251103382,5197,0.0035856880308279,5197,0.0613287870384412,5197,0.0667652841060083,5197,0.0388019554943963,5197,0.0518952205834767,5197,0.0060816656423061,5197,0.0031086114767707,5197,0.0531529183731205,3242,5197,6.212534857929858,5197,0.5841272068758313,5197,0.4838078328522129,5197,0.6050944704170654,5197,0.5213180230222706,5197,0.6288485148523844,5197,0.5601349810517064,Europe,Europe
3607.0,TUR,Turkey,,,492.0,1471991.24203,,,,,838,0.6802853875228971,838,0.5256753941758853,838,0.7062161729450598,838,0.5975936667259106,838,0.7273764609019638,838,0.6537571197271392,Sincan,1488,0.0600893442233283,838,0.0591388439760746,838,0.0605935963162384,838,0.0325118697827609,838,0.0605935963162384,838,0.0638318474387122,838,0.0320518285585178,838,0.0470884217271877,838,0.0483470683973571,838,0.026650718207966,838,0.0483470683973571,8195,838,4.6533287638769245,838,0.5732343016630624,838,0.3994598528633865,838,0.6026904185378777,838,0.4683941518329027,838,0.629323156399565,838,0.5356077951061594,SWAsia,SW Asia
3608.0,UKR,Ukraine,,,915.0,1031762.99983,,,,,9515,0.8539755899276429,9515,0.52408330138805,9515,0.8972339321934241,9515,0.6627318415670871,9515,0.9332007481513684,9515,0.7929529084203191,Dnipro,31370,0.0820152466314515,9515,0.066863968283584,9515,0.0687303694935857,9515,0.0687303694935857,9515,0.0687303694935857,9515,0.080511037092995,9515,0.0611312088416526,9515,0.0709077584703499,9515,0.0727634080363217,9515,0.0727634080363217,9515,0.0727634080363217,8352,9515,3.983585166248484,9515,0.8694794957909144,9515,0.5794227381634444,9515,0.9000496842500282,9515,0.710513974362984,9515,0.9278242059736096,9515,0.8244300241260052,Europe,Europe
3611.0,VEN,Venezuela,172380.909782,1.0,647.0,1482535.35955,833;836;840;841;843;845,233.0,6.0,1310154.44977,52,0.699999988079071,52,0.699999988079071,52,0.699999988079071,52,0.699999988079071,52,0.699999988079071,52,0.699999988079071,Maracay,2496,0.0641212490649598,52,0.0685999989509582,52,0.0700000002980232,52,0.0350000001490116,52,0.0700000002980232,52,0.0606352934689308,52,0.0147058964333331,52,0.0376978061786682,52,0.0384671482455111,52,0.0192335741227555,52,0.0384671482455111,8830,52,2.6749133704770385,52,0.384671491979608,52,0.384671491979608,52,0.384671491979608,52,0.384671491979608,52,0.384671491979608,52,0.384671491979608,SouthAmerica,S America
3647.0,SAU,SaudiArabia,,,804.0,1236290.80166,,,,,2645,0.5212753098549683,2645,0.4174621561562525,2645,0.5350914102038403,2645,0.4637120940458897,2645,0.5520852883624028,2645,0.500113241250435,Hofuf,5106,0.0412785168235736,2645,0.0458653606932548,2645,0.0249401749619531,2645,0.0104827951125593,2645,0.0469695314554308,2645,0.0497029086380613,2645,0.0152661666988953,2645,0.0298574070759349,2645,0.0164992110353515,2645,0.0070584431673694,2645,0.0306276021289456,7619,2645,5.368531536628972,2645,0.3479396389924337,2645,0.2650230142266314,2645,0.363673796953224,2645,0.3001126289813905,2645,0.3850974977348528,2645,0.329271893422956,SWAsia,SW Asia
3650.0,TUR,Turkey,,,1042.0,3385325.26723,,,,,1457,0.5603026714973922,1457,0.5008504312484824,1457,0.5703475405921457,1457,0.5254281176985373,1457,0.5870350260082754,1457,0.5476698258141527,Ankara,3825,0.0554130625012203,1457,0.0518559946733052,1457,0.0530300646554629,1457,0.0273731009166362,1457,0.0530300646554629,1457,0.0523427551728226,1457,0.0213846612672432,1457,0.0343694906789424,1457,0.0351745405264581,1457,0.0183094980345186,1457,0.0351745405264581,8196,1457,6.429759026417696,1457,0.3781535400309211,1457,0.3282884944342095,1457,0.3886243184133911,1457,0.3463132034269551,1457,0.402524740691638,1457,0.3657657250643318,SWAsia,SW Asia
3652.0,USA,UnitedStates,,,3863.0,2051326.28317,,,,,30567,0.6076436134289152,30567,0.5131741756852839,30567,0.6244944005454736,30567,0.5519505854422541,30567,0.6437591054012832,30567,0.5868460539467066,Sacramento,70600,0.0548077483611475,30567,0.0546652424715629,30567,0.0012875182303831,30567,0.0006437591151915826,30567,0.0559527603988991,30567,0.0517123415426993,30567,0.0194398776025471,30567,0.0328743074835147,30567,0.0008272979601322198,30567,0.0004136489800661099,30567,0.0337016057380786,8512,30567,6.711570471333281,30567,0.3783368629796058,30567,0.2993857928214518,30567,0.3947114947886787,30567,0.3292889003701763,30567,0.4136489739727658,30567,0.3590630461767551,NorthAmerica,N America
3656.0,ZAF,SouthAfrica,156832.179269,1.0,715.0,1290030.58198,3689;3697;3719,320.0,3.0,1133198.40271,278,0.2565368730541387,278,0.1655539708328283,278,0.2767351791698919,278,0.1977453747057547,278,0.3045078493937896,278,0.2370599351905424,Klipgat,1465,0.0224254578712063,278,0.0202775920423407,278,0.002814060347643,278,0.0014808802266417,278,0.0208866076925087,278,0.0496852259499551,278,0.011904392821889,278,0.0281878756856502,278,0.0036879165972105,278,0.0019187525121952,278,0.0289710959942894,7735,278,3.4994818315669334,278,0.3422542459200289,278,0.2435389302600242,278,0.3654113848581553,278,0.2785475448704584,278,0.3916101266750883,278,0.3170766554296832,Africa,Africa
3667.0,DEU,Germany,,,1883.0,1111169.52129,,,,,3024,0.5247800458483295,3024,0.4374916120105587,3024,0.5420124692128837,3024,0.4741794854270836,3024,0.5636658831904655,3024,0.5066989555813416,Hanover,13047,0.0473326754485396,3024,0.0469878477109517,3024,0.0054528305462507,3024,0.0027858492699179,3024,0.0481151796131623,3024,0.0664225480568449,3024,0.0379820545146529,3024,0.0513456686445107,3024,0.0059342608721315,3024,0.003028036712752,3024,0.0525688919579866,3243,3024,4.598810416379016,3024,0.5708915680700286,3024,0.4797015728010924,3024,0.5915981039066278,3024,0.5192386669162703,3024,0.611611309688378,3024,0.5509043496301932,Europe,Europe
3691.0,SAU,SaudiArabia,,,1198.0,2319628.54097,,,,,1867,0.489140313922652,1867,0.3991068267039359,1867,0.5065516854907393,1867,0.4351484875604251,1867,0.519440926027536,1867,0.4699818421010878,Dammam,6292,0.0438954701346871,1867,0.043257167737807,1867,0.0236777625272235,1867,0.0102436654395459,1867,0.0442960491896403,1867,0.0574904003198204,1867,0.021314585418448,1867,0.0379054575066914,1867,0.0209879403041364,1867,0.009110580634598,1867,0.0388655955537753,7620,1867,3.3970770146258773,1867,0.4390982926389342,1867,0.3399465544220799,1867,0.4579659221056095,1867,0.3807075795936471,1867,0.4800689303209646,1867,0.4166643169802373,SWAsia,SW Asia
3700.0,ZAF,SouthAfrica,161814.812839,1.0,1115.0,1635386.30794,3698,437.0,1.0,1473571.4951,152,0.50739643404637,152,0.408796702819452,152,0.5257655000841709,152,0.4324385595730482,152,0.5416884578116825,152,0.4758584657102263,Pretoria,634,0.0358072747976061,152,0.0437556970600636,152,0.0052674626836141,152,0.002684557839374,152,0.0448390739298392,152,0.072270498864115,152,0.0447013418767259,152,0.0582692626858631,152,0.0066619485662922,152,0.0033758369208123,152,0.0596288774925997,7736,152,3.2048486808212,152,0.6501026404499366,152,0.552094154608475,152,0.6643420335124649,152,0.5845474436297778,152,0.6798068293657155,152,0.626608185109285,Africa,Africa
3702.0,BGD,Bangladesh,224511.626394,1.0,610.0,1721611.74321,9872,386.0,1.0,1497100.11682,4845,0.8335021104229389,4845,0.4417404792687613,4845,0.8806829319741648,4845,0.5611370938646677,4845,0.9094419486585396,4845,0.716785979835665,Dhaka,14214,0.0660359613150579,4845,0.0589628757828441,4845,0.0165409742527442,4845,0.0087895338375082,4845,0.0607817597661229,4845,0.0738576441352577,4845,0.0475481050524286,4845,0.0607235463279515,4845,0.0183045596591629,4845,0.0096361987351512,4845,0.062668456981395,312,4845,2.913019870637558,4845,0.9466030066009274,4845,0.4085447258784442,4845,0.9665245988859096,4845,0.5586060341820617,4845,0.9724551420917744,4845,0.7870691715788455,SAsia,S Asia
3703.0,BGD,Bangladesh,598111.74586,1.0,1377.0,3075402.54702,9871;9880;9872;9878;9885,615.0,5.0,2477290.80116,13654,0.6789162596206222,13654,0.4589955006454301,13654,0.7075280471275733,13654,0.4939652624585403,13654,0.7319831635564901,13654,0.6054418737403645,Dhaka,35175,0.0598088871684806,13654,0.0523622942968888,13654,0.0135111345633741,13654,0.0070893438999304,13654,0.0538262606383197,13654,0.0695106975631722,13654,0.0398683619151563,13654,0.0543146701813433,13654,0.0146650355986639,13654,0.0076394387967285,13654,0.0558681997473389,313,13654,2.7003537609340404,13654,0.7473394083786584,13654,0.4544035631465388,13654,0.7631035319854819,13654,0.4994093929956985,13654,0.7767646444663512,13654,0.65777994954742,SAsia,S Asia
3705.0,BGD,Bangladesh,755832.175333,1.0,3268.0,20392157.1096,9868;9872;9874,2326.0,3.0,19636324.9343,114805,0.8410847376062697,114805,0.6122928533222791,114805,0.8625938731056532,114805,0.7136213672959567,114805,0.8865313505150849,114805,0.8103134644061506,Dhaka,234517,0.0759878770534678,114805,0.0711467533060185,114805,0.0173970519603005,114805,0.0092123903491227,114805,0.0729198161063404,114805,0.0836885246362578,114805,0.0663994007695233,114805,0.075403252686108,114805,0.0185611900457552,114805,0.0097374701613929,114805,0.0772724259542072,314,114805,3.327022000537274,114805,0.9035021687084264,114805,0.6288147983389489,114805,0.9212291101683456,114805,0.7580485041996028,114805,0.9345861440504536,114805,0.8748940617447407,SAsia,S Asia
3707.0,BGD,Bangladesh,212444.097305,1.0,505.0,1548886.70489,9872;9925,297.0,2.0,1336442.60758,6117,0.8072054948063915,6117,0.5404946631887071,6117,0.834901754130399,6117,0.653449438194629,6117,0.8635210272109621,6117,0.7721182882053592,Dhaka,17730,0.0735864328841262,6117,0.065781639616455,6117,0.0162765631241312,6117,0.0083799443365728,6117,0.0675086818509463,6117,0.0822049348445503,6117,0.0618671711986687,6117,0.0726307219662044,6117,0.0185618709278741,6117,0.0095265255206393,6117,0.0745737315282481,315,6117,2.716099879239759,6117,0.9254967398974387,6117,0.5587848584060991,6117,0.9531295823324948,6117,0.7204663287321752,6117,0.9715044270475768,6117,0.8815723633723751,SAsia,S Asia
3718.0,FRA,France,,,3516.0,2056576.03624,,,,,10011,0.685532974726207,10011,0.4673621994591039,10011,0.7201432431092586,10011,0.5591259673699918,10011,0.7562737224402223,10011,0.6407251416416458,Lyon,33292,0.0582616087213061,10011,0.0560200772088879,10011,0.0072413634004407,10011,0.0037271728681329,10011,0.0575326247766977,10011,0.0667092748271542,10011,0.0403672169315472,10011,0.0524231450335525,10011,0.0066324267276547,10011,0.0034039313094355,10011,0.0538026257895932,3178,10011,6.120934460451867,10011,0.6315040480149674,10011,0.4441913200224668,10011,0.6598941338614902,10011,0.5252295758557036,10011,0.6897400428496104,10011,0.5949356232470556,Europe,Europe
3722.0,IND,India,,,323.0,1454166.41579,,,,,54,0.4000000059604645,54,0.4000000059604645,54,0.4000000059604645,54,0.4000000059604645,54,0.4000000059604645,54,0.4000000059604645,Rajkot,706,0.0392000004649162,54,0.0392000004649162,54,0.0040000001899898,54,0.0020000000949949,54,0.0399999991059303,54,0.0552650064703142,54,0.0110899967417323,54,0.0318509903607159,54,0.0032501010657852,54,0.0016250505328926,54,0.0325010098342871,3492,54,3.4365126948709817,54,0.3250101032487172,54,0.3250101032487172,54,0.3250101032487172,54,0.3250101032487172,54,0.3250101032487172,54,0.3250101032487172,SAsia,S Asia
3736.0,RUS,Russia,,,965.0,1371549.12428,,,,,4364,0.9460504399745984,4364,0.6677384535825911,4364,0.9644296689709004,4364,0.8071319918054697,4364,0.9759977898513872,4364,0.9045650034516136,Nizhny Novgorod,45033,0.0862760418553416,4364,0.0794871335670226,4364,0.0188919140297544,4364,0.0096388369211073,4364,0.081439130813293,4364,0.0892753800900723,4364,0.0795039254290922,4364,0.0844781660781379,4364,0.019083261125499,4364,0.0096393754265202,4364,0.0864231067852413,7440,4364,3.45191324380509,4364,0.9528156444361612,4364,0.7313429009153821,4364,0.9634234117240752,4364,0.8754212272093351,4364,0.9724693899876484,4364,0.93596153150246,Europe,C Asia
3793.0,DEU,Germany,,,3206.0,2686299.77571,,,,,28246,0.680087420926037,28246,0.4757651339819493,28246,0.7212097649965437,28246,0.5612945913326844,28246,0.7621052952960442,28246,0.6385502687033522,Hamburg,76557,0.0598681333943438,28246,0.0562455699009296,28246,0.0048225634387823,28246,0.0022735830307435,28246,0.0577697806115843,28246,0.075375768381685,28246,0.0509608517741495,28246,0.0631987076338719,28246,0.0054604013903919,28246,0.0026105873948769,28246,0.0648258145528884,3246,28246,4.47218736157016,28246,0.7539577712646813,28246,0.5408278680565105,28246,0.7840654104356592,28246,0.634809997938343,28246,0.8135531162068392,28246,0.7137168416132393,Europe,Europe
3799.0,GBR,UnitedKingdom,,,1786.0,2958884.77956,,,,,993,0.5643305668641523,993,0.4795743506528196,993,0.5761792091191937,993,0.511642531986188,993,0.5948796897592104,993,0.5399243893077305,Birmingham,2845,0.0477018349476914,993,0.0506830631164796,993,0.0057976220911035,993,0.0029463476927356,993,0.0518728227328592,993,0.0670003219567815,993,0.03903930199953,993,0.0519780165818264,993,0.0058970929229341,993,0.0029952219058672,993,0.0531855969205489,8423,993,4.588968301656321,993,0.5727766810035484,993,0.4941408273358387,993,0.5879717362078549,993,0.5244543583668675,993,0.6037898080606121,993,0.5546462682152038,Europe,Europe
3810.0,NGA,Nigeria,142447.525604,1.0,548.0,1181705.96434,2240,159.0,1.0,1039258.43874,419,0.4355608629938526,419,0.369928404991126,419,0.455131268728889,419,0.3973747054937346,419,0.4706443952560993,419,0.4202863995279219,Ilorin,2073,0.0337169810329732,419,0.0393421244941599,419,0.0402834129779958,419,0.0402834129779958,419,0.0402834129779958,419,0.0639154161693337,419,0.031150791637698,419,0.0466518864265658,419,0.0477405436779316,419,0.0477405436779316,419,0.0477405436779316,6581,419,3.9363355078958953,419,0.5115743438826612,419,0.448264902342013,419,0.5264772129354016,419,0.4698836716972202,419,0.5443283891069718,419,0.4945354196054056,Africa,Africa
3818.0,UKR,Ukraine,,,1741.0,1720556.03348,,,,,3488,0.433620162744782,3488,0.3742097247565658,3488,0.4485179401721488,3488,0.3974133127050951,3488,0.4688279726436805,3488,0.4207030147654901,Kharkiv,14024,0.0425657606814619,3488,0.0394153007104693,3488,0.0403529567710761,3488,0.0210623808127457,3488,0.0403529567710761,3488,0.0516488234129584,3488,0.0174497413910324,3488,0.0320223370190986,3488,0.0327840777059797,3488,0.0171560950478136,3488,0.0327840777059797,8357,3488,6.606415260060781,3488,0.356030533916124,3488,0.3043309355725253,3488,0.367310494406897,3488,0.3207883720528785,3488,0.3808702845955189,3488,0.3435876254766619,Europe,Europe
3828.0,CHN,China,157412.194472,1.0,871.0,2585524.21751,10122;10138,261.0,2.0,2428112.02304,2705,0.8163905080761349,2705,0.6877785506751309,2705,0.8381210932785784,2705,0.7456598079927408,2705,0.8602601723738159,2705,0.7954795289059505,Lanzhou,3898,0.0773618218464068,2705,0.0736962495513025,2705,0.0395808114773783,2705,0.0164637212251449,2705,0.0754167700776055,2705,0.0605035899641242,2705,0.032284391105707,2705,0.0446915569958466,2705,0.0244362208761566,2705,0.0103874091680718,2705,0.0458088638791925,971,2705,10.75222462472981,2705,0.5134563098756901,2705,0.4068650586671433,2705,0.5346167666769386,2705,0.4480406577807161,2705,0.558653140501976,2705,0.4885467751648618,EAsia,E Asia
3842.0,IRQ,Iraq,51568.4985943,1.0,200.0,1068653.11319,5428,59.0,1.0,1017084.61459,2,0.4000000059604645,2,0.4000000059604645,2,0.4500000029802322,2,0.4000000059604645,2,0.550000011920929,2,0.4000000059604645,Ad Diwaniyah,10,0.0392600007355213,2,0.0396250002086162,2,0.0407250002026557,2,0.0207250006496906,2,0.0407250002026557,2,0.062208479270339,2,0.01608073618263,2,0.03955540060997,2,0.0405850000679492,2,0.0205850005149841,2,0.0405850000679492,5691,2,2.5,2,0.3936000019311905,2,0.4000000059604645,2,0.4577999860048294,2,0.4000000059604645,2,0.5148000121116638,2,0.4000000059604645,SWAsia,SW Asia
3845.0,MAR,Morocco,89020.4305263,1.0,419.0,1282846.77194,1664,113.0,1.0,1193826.34142,443,0.5690744929940652,443,0.4871331834597996,443,0.5900677200532928,443,0.5218961639645138,443,0.5995485321292758,443,0.546952597258726,Fez,1562,0.0459222492517519,443,0.0515208802693528,443,0.0527199773355329,443,0.0527199773355329,443,0.0527199773355329,443,0.0685640885126745,443,0.0456016485580654,443,0.0559430756492111,443,0.05721404238049,443,0.05721404238049,443,0.05721404238049,6296,443,4.698611656645351,443,0.6080361303724097,443,0.5391327698965206,443,0.6230383013831304,443,0.5673469449614194,443,0.6354827703298417,443,0.5882615487997338,Africa,Africa
3846.0,MEX,Mexico,,,727.0,1058599.66691,,,,,1493,0.7137134249468938,1493,0.6242679747574437,1493,0.7291936605586592,1493,0.6605209391685002,1493,0.7486227545773656,1493,0.6940898112157875,Aguascalientes,3521,0.0630220502930131,1493,0.065301892206073,1493,0.034679415225564,1493,0.01436025387903,1493,0.0667991379721269,1493,0.0741703755333796,1493,0.050337060247207,1493,0.0619231458598866,1493,0.0332511134304629,1493,0.013921951842045,1493,0.0633959271935952,6139,1493,4.205408034545841,1493,0.689933655865078,1493,0.5818624077965487,1493,0.7116703112878601,1493,0.6239301358467644,1493,0.7363900841357666,1493,0.6646806095807198,NorthAmerica,N America
3881.0,ITA,Italy,,,2696.0,3501925.08293,,,,,15744,0.8632976016367118,15744,0.7023121584346788,15744,0.8852707271269533,15744,0.7730738669338318,15744,0.9077050812202788,15744,0.8322115672351164,Rome,31456,0.0768232677119127,15744,0.0765023618513366,15744,0.0046927541683934,15744,0.0020090952521583,15744,0.0783177727773799,15744,0.0811209560117522,15744,0.0617231355842515,15744,0.0716151971242523,15744,0.0044067546554111,15744,0.0019003255048739,15744,0.0733145745749246,5769,15744,6.01183024980176,15744,0.8032206660762733,15744,0.6620791171881171,15744,0.8250098811682921,15744,0.7237049657864234,15744,0.8496879795178687,15744,0.7758147491145662,Europe,Europe
3911.0,FRA,France,,,1599.0,1357310.6448,,,,,1101,0.299951704333892,1101,0.2485824242805505,1101,0.3150971480391291,1101,0.2641829825059374,1101,0.3313281401827632,1101,0.2872618051115652,Marseille,6074,0.0287906197661833,1101,0.0265341344326065,1101,0.0090961750445715,1101,0.0079049472566103,1101,0.0271967908329702,1101,0.049052912362536,1101,0.0134806393665773,1101,0.0286843172434934,1101,0.0103423831259809,1101,0.0091081710090443,1101,0.0294027908733023,3182,1101,4.400333329099948,1101,0.3207473480788138,1101,0.2714848266507073,1101,0.3365906928520684,1101,0.2875728829267562,1101,0.3592367942973971,1101,0.3051729150774357,Europe,Europe
3956.0,JPN,Japan,1764549.19901,1.0,10090.0,17621765.5919,12858;12888,3202.0,2.0,15857216.3929,50502,0.7442249467980048,50502,0.5614116369238532,50502,0.7689510507250319,50502,0.6472261231359194,50502,0.7948407744316301,50502,0.7100162505231173,Osaka [Kyoto],59481,0.0657481932146626,50502,0.0639744132854027,50502,0.0046068723170414,50502,0.0022857624421391,50502,0.0655640946392078,50502,0.0516162497504682,50502,0.0227299438576223,50502,0.0344274844722987,50502,0.0027172411405096,50502,0.0013718801926208,50502,0.0353626698194671,5854,50502,10.555184126312009,50502,0.4169915171787649,50502,0.2930493818838363,50502,0.4406047577559475,50502,0.3430950719696122,50502,0.4675924706971376,50502,0.3893101595396859,EAsia,E Asia
3981.0,EGY,Egypt,1487543.89488,1.0,4348.0,23490198.3643,3878;3901;3904;3902;3917;3921;3943;3947;3960;3964;3972;3974;3975;3981;3983;3989;3996,2090.0,17.0,22002654.4695,117200,0.6113848840982264,117200,0.4016218448882145,117200,0.6465937277743984,117200,0.4911071126375171,117200,0.6851658872279871,117200,0.5681933298645708,Cairo,196559,0.0492772744139448,117200,0.0492482075102818,117200,0.0268596965823824,117200,0.0161305145372488,117200,0.0506185393202508,117200,0.0690363072555699,117200,0.041002396224348,117200,0.0545037475993851,117200,0.0302169420099072,117200,0.0191749661689066,117200,0.0559518653510539,2827,117200,4.687202700234938,117200,0.6583559650442621,117200,0.4617175618903552,117200,0.6905072232775571,117200,0.5451448152979754,117200,0.7240586015632093,117200,0.618461487051401,Africa,Africa
4009.0,BGD,Bangladesh,258377.585736,1.0,550.0,1035698.08083,9905,299.0,1.0,777320.495091,667,0.4753571499346258,667,0.3791712512219231,667,0.5084467416695237,667,0.4072801211041513,667,0.5534609692365093,667,0.4504297680713838,Kishoreganj,6915,0.0566352054482526,667,0.0412082384849865,667,0.0097882278675881,667,0.0051592932668099,667,0.0423151603106289,667,0.0622940600272508,667,0.0208860073234979,667,0.0414720241601629,667,0.0104017652696898,667,0.0055848578597453,667,0.0426828294724759,320,667,2.500860217013431,667,0.502202495195704,667,0.3665701092394922,667,0.5526105160931752,667,0.4049781776691113,667,0.6054027262530512,667,0.4611789808977312,SAsia,S Asia
4034.0,RUS,Russia,,,1177.0,1314499.77238,,,,,4928,0.5313384764103335,4928,0.3864092994350749,4928,0.5704123404611983,4928,0.4374069317519951,4928,0.6349498925331899,4928,0.4875466248612037,Rostov-on-Don,46886,0.0515680092531544,4928,0.0441265549665056,4928,0.0248010485875623,4928,0.0109267455259865,4928,0.0453964545569099,4928,0.0722122167034862,4928,0.0436097347932923,4928,0.0579578208372721,4928,0.0322509889103148,4928,0.0140163676957816,4928,0.059538471415521,7448,4928,3.2581458885830417,4928,0.6833730957772831,4928,0.5140565108884394,4928,0.7334847328058999,4928,0.5774427870995213,4928,0.790325028342649,4928,0.6381986107642381,Europe,C Asia
4040.0,VEN,Venezuela,216450.251856,1.0,890.0,3589208.18328,853;857,395.0,2.0,3372757.93143,453,0.9175974713975444,453,0.8868868780016498,453,0.9204722809337418,453,0.8992706712259622,453,0.9251162042207856,453,0.9096642122673088,Caracas,783,0.0882599071947315,453,0.0882878258093388,453,0.0475675127523455,453,0.0197549297603379,453,0.0901380607932798,453,0.0665147828974549,453,0.0377977992107741,453,0.0514422780608378,453,0.0277695287024901,453,0.011526720961256,453,0.0525525014319494,8835,453,10.719004873618994,453,0.5409426771712855,453,0.510759388377969,453,0.5473111664466668,453,0.5229288395183761,453,0.5551112275945868,453,0.5338579408863987,SouthAmerica,S America
4048.0,COL,Colombia,295564.488382,1.0,1863.0,9080732.02093,621;629,575.0,2.0,8785167.53255,4868,0.8837353597772554,4868,0.7836396083542152,4868,0.8983613299157199,4868,0.829394562230702,4868,0.910760795267034,4868,0.8584124776051294,Bogota,15735,0.0849118060437649,4868,0.0815226228887359,4868,0.0709722406057128,4868,0.0351739573444407,4868,0.0833441458199319,4868,0.067193053963718,4868,0.0396380169988058,4868,0.0525084369014738,4868,0.047829014833116,4868,0.0246249204414725,4868,0.0538310230292967,2516,4868,4.954164691810757,4868,0.6030454754760962,4868,0.4858835820237012,4868,0.6346049099738863,4868,0.525464395877779,4868,0.6612927223536473,4868,0.56447861128622,SouthAmerica,S America
4082.0,COL,Colombia,160980.277171,1.0,436.0,2073296.02632,626,160.0,1.0,1912315.74915,1542,0.9298523761032602,1542,0.8047330033103892,1542,0.9493645525209634,1542,0.8685978212934697,1542,0.96569941189365,1542,0.9083170098687992,Barranquilla,6208,0.088746639708483,1542,0.0852484775926357,1542,0.0871798771796298,1542,0.0453466069336901,1542,0.0871798771796298,1542,0.0737802957221454,1542,0.0486854381142339,1542,0.0610342542948724,1542,0.062661290361599,1542,0.033941404946495,1542,0.062661290361599,2517,1542,4.118706860596461,1542,0.721569844396357,1542,0.5415817708873387,1542,0.7654302471453974,1542,0.6072136396293499,1542,0.8135176036427946,1542,0.6756196871787309,SouthAmerica,S America
4097.0,MEX,Mexico,,,759.0,1640517.23835,,,,,101,0.3653465398024804,101,0.3217821837504311,101,0.3782178271967585,101,0.3366336691940185,101,0.3940594118125368,101,0.3594059456545527,León,805,0.0357181374239101,101,0.0335420795375167,101,0.0188599010459193,101,0.0080232674020831,101,0.0343301984121893,101,0.0491998091081876,101,0.0106119100804934,101,0.0272871607241432,101,0.0155724498793704,101,0.0066970059910955,101,0.0279379037374833,6146,101,2.7876374933979298,101,0.3012158107934611,101,0.2595757471379077,101,0.3129478743170747,101,0.2746463761766358,101,0.325371513862421,101,0.2906472438780388,NorthAmerica,N America
4143.0,USA,UnitedStates,,,1623.0,2250989.01011,,,,,2640,0.3021522702139947,2640,0.2488690361465787,2640,0.3152638038643656,2640,0.2690702791383659,2640,0.329129365949328,2640,0.2885102119468201,Las Vegas,3659,0.0277924630957985,2640,0.0267756324977834,2640,0.0006582587460754864,2640,0.0003291293730377432,2640,0.027433891272345,2640,0.0288245461748736,2640,0.0037684117693757,2640,0.0112722830966513,2640,0.0002890106676336314,2640,0.0001445053338168157,2640,0.011561293752342,8523,2640,6.656208878587815,2640,0.1310684799062906,2640,0.1012756194059347,2640,0.1372693282073542,2640,0.1126769203332086,2640,0.1445053329371029,2640,0.1242233441472626,NorthAmerica,N America
4148.0,BGD,Bangladesh,417305.870232,1.0,1121.0,2480649.06816,9924;9932;9957,614.0,3.0,2063343.19793,6182,0.7642669647275014,6182,0.4245191560814161,6182,0.8020006982220242,6182,0.5398736057283627,6182,0.8415105214184192,6182,0.713334410942002,Brahmanbaria,33621,0.0666711802588588,6182,0.0566768823409376,6182,0.0154519637801444,6182,0.0080639570000438,6182,0.0583599030581801,6182,0.0746967162065886,6182,0.0476004052269611,6182,0.0613977139938514,6182,0.0181247238354073,6182,0.0094760676683201,6182,0.0633425199499982,323,6182,2.5853941876111164,6182,0.9034441871615456,6182,0.4130014621406947,6182,0.9535118368198636,6182,0.5624613372306179,6182,0.9724028516845076,6182,0.8262870552027953,SAsia,S Asia
4150.0,CHN,China,263902.460577,1.0,1012.0,1704007.09763,10137,266.0,1.0,1440104.63705,10736,0.3688736845348812,10736,0.2954698097251346,10736,0.3867888928695782,10736,0.3235238126545804,10736,0.4053968604343975,10736,0.3542907425228073,Yinchuan,28934,0.038351344955161,10736,0.0323353160683744,10736,0.0176712691622277,10736,0.0075040508622909,10736,0.0331461097182837,10736,0.0403461366505796,10736,0.0068406634541584,10736,0.019637855894077,10736,0.0110649801424663,10736,0.0048383622237869,10736,0.0201800369945125,980,10736,4.8380779923098185,10736,0.236912540026136,10736,0.1701640945705977,10736,0.2523382089597163,10736,0.1944381797737613,10736,0.2710905520024743,10736,0.220669681492606,EAsia,E Asia
4156.0,ESP,Spain,,,2093.0,1888705.41237,,,,,4960,0.3308670749917572,4960,0.2559847822713554,4960,0.3475797558361547,4960,0.2863691854313344,4960,0.3648002026806281,4960,0.3136163669376542,Valencia,21777,0.0234807467163768,4960,0.0285457365469717,4960,0.0074631459879913,4960,0.0043509076150432,4960,0.0292753370936326,4960,0.0497565016715756,4960,0.0153147896657167,4960,0.0296973853838354,4960,0.007435126532877,4960,0.0041429267367792,4960,0.0304608443940635,7862,4960,4.762207532487946,4960,0.3450315344401832,4960,0.2677149714902485,4960,0.3617203240022894,4960,0.2967597213051196,4960,0.3817293948201634,4960,0.3263455256019585,Europe,Europe
4159.0,GBR,UnitedKingdom,,,3044.0,2922157.55937,,,,,10836,0.4264045244380833,10836,0.338989934055568,10836,0.4451139784431779,10836,0.3747246757882791,10836,0.4642170897864419,10836,0.4081249121739275,Leeds,49427,0.0346406433411215,10836,0.0373010489859402,10836,0.0044712270239218,10836,0.0022924307722992,10836,0.0382294832712277,10836,0.0591390877487835,10836,0.0261113308150464,10836,0.0410626358454841,10836,0.0049345973462249,10836,0.0025311562041692,10836,0.0420884413528114,8429,10836,4.098183369886357,10836,0.4707116475178804,10836,0.3727726879028125,10836,0.4906648151489395,10836,0.4122201817738875,10836,0.5129025708037976,10836,0.4496080564290214,Europe,Europe
4194.0,IDN,Indonesia,80352.9191465,1.0,331.0,1034146.55041,11547,160.0,1.0,953793.631264,0,,0,,0,,0,,0,,0,,Batam City,0,,0,,0,,0,,0,,0,,0,,0,,0,,0,,0,,5292,0,,0,,0,,0,,0,,0,,0,,SEAsia,SE Asia
4199.0,JPN,Japan,218060.42705,1.0,691.0,1160096.73009,12882,267.0,1.0,942036.30304,0,,0,,0,,0,,0,,0,,Naha,0,,0,,0,,0,,0,,0,,0,,0,,0,,0,,0,,5860,0,,0,,0,,0,,0,,0,,0,,EAsia,E Asia
4211.0,USA,UnitedStates,,,9707.0,4567289.14847,,,,,18857,0.3727072137267482,18857,0.300942002555811,18857,0.386162224285473,18857,0.3309621736806291,18857,0.4017034410886295,18857,0.3573980104917999,Phoenix,69220,0.0384372174546006,18857,0.0328525052223536,18857,0.000803406900090372,18857,0.000401703450045186,18857,0.033655912152708,18857,0.0387533971103588,18857,0.0140207544283759,18857,0.0222806797125395,18857,0.0005702833558024776,18857,0.0002851416779012388,18857,0.0228509633314281,8524,18857,5.482730166278257,18857,0.2603163377503464,18857,0.1984861168420733,18857,0.2720684360973279,18857,0.2230508768468882,18857,0.2851416719319511,18857,0.2464066553380829,NorthAmerica,N America
4215.0,ARG,Argentina,754787.862492,1.0,5376.0,14984068.9017,1101;1102;1103;1105;1109,2070.0,5.0,14229281.0392,39310,0.9758241621248728,39310,0.8372615302823743,39310,0.9792195060711504,39310,0.9137068683699204,39310,0.9825275803784158,39310,0.9667999677678196,Buenos Aires,72370,0.0888829252294549,39310,0.0895251619617185,39310,0.0377364082278974,39310,0.0156264167761276,39310,0.0914902183950612,39310,0.0726152169844732,39310,0.0492885104380355,39310,0.0603744882704672,39310,0.0303496443976166,39310,0.0133677695362714,39310,0.0621509345972189,219,39310,6.624904375673603,39310,0.7797352054915955,39310,0.4913769472598623,39310,0.835638824163536,39310,0.5856961768180889,39310,0.8882227093921083,39310,0.7069657343555052,SouthAmerica,S America
4227.0,GBR,UnitedKingdom,,,2249.0,1687394.75441,,,,,3632,0.6789078620249789,3632,0.5266535018755548,3632,0.7095221100029983,3632,0.5780816941037425,3632,0.7490534694611418,3632,0.6330714833908387,Newcastle upon Tyne,10400,0.0591849026643667,3632,0.0580045120294972,3632,0.007620793096221,3632,0.0041822457745993,3632,0.0595026194475543,3632,0.0703812269358366,3632,0.0447723279356851,3632,0.0567737040510694,3632,0.0074798846540382,3632,0.0041552771482148,3632,0.0582175967603828,8431,3632,4.857989907734228,3632,0.6569031112891229,3632,0.5204670255607045,3632,0.688427963003161,3632,0.5675433986335087,3632,0.7219458477219868,3632,0.6148444599539455,Europe,Europe
4238.0,PAK,Pakistan,,,217.0,1114628.63519,,,,,275,0.3789090971784158,275,0.2981818239797245,275,0.3970909150351177,275,0.3240000066703016,275,0.4174545513770797,275,0.3596363696997816,Swat City,3194,0.0359487674535254,275,0.0326636369865049,275,0.0334985460950569,275,0.0334985460950569,275,0.0334985460950569,275,0.0461878073791211,275,0.0108945659830483,275,0.0254832329004156,275,0.0261771200715818,275,0.0261771200715818,275,0.0261771200715818,7038,275,3.1827348284287886,275,0.3051937449181621,275,0.2235722134634852,275,0.3237657409364527,275,0.2523602551221847,275,0.3469435939870097,275,0.2847542960874059,SAsia,S Asia
4278.0,USA,UnitedStates,,,3229.0,1023084.60621,,,,,2072,0.5314042131341808,2072,0.4724260951966894,2072,0.54073723796695,2072,0.4966369644967695,2072,0.5523914298071666,2072,0.5171950311863076,Tucson,6185,0.0481737720901933,2072,0.0489970990870067,2072,0.0011047828801564,2072,0.0005523914400782237,2072,0.0501018820917226,2072,0.0560703833293287,2072,0.0278337765841276,2072,0.0397045556142438,2072,0.0009131487820699482,2072,0.0004565743910349741,2072,0.0406177048564314,8526,2072,4.505652147608451,2072,0.4325051039216169,2072,0.3792375125321501,2072,0.4432891963660003,2072,0.4026007158331225,2072,0.4565743825137027,2072,0.4208891424202782,NorthAmerica,N America
4280.0,VNM,Vietnam,322223.849425,1.0,995.0,1547431.50141,11579;11588;11601;11624,420.0,4.0,1225207.65198,35011,0.8253364639462473,35011,0.6992519944064256,35011,0.8456721862181436,35011,0.7519057521804374,35011,0.8676015621642559,35011,0.7993056567051987,Long Xuyen,96024,0.0809002881544879,35011,0.0744177570304228,35011,0.0761529605815696,35011,0.0398740168682757,35011,0.0761529605815696,35011,0.0814569637346939,35011,0.0627245953983416,35011,0.0722364441811173,35011,0.0739597687741936,35011,0.0390248015865275,35011,0.0739597687741936,8894,35011,3.8964198020646914,35011,0.8126464185345557,35011,0.6693594287145245,35011,0.8365519045186708,35011,0.728039249043881,35011,0.8616615415382362,35011,0.7823670687520998,SEAsia,SE Asia
4316.0,BGD,Bangladesh,2048545.75233,1.0,4493.0,8812244.06675,9922;9930;9938;9943;9946;9949;9975,2747.0,7.0,6763698.31443,95989,0.7510443914207545,95989,0.451753908751776,95989,0.7894874546895214,95989,0.5712244300493686,95989,0.8286659012541867,95989,0.6964066624998095,Comilla,236462,0.0624204548872735,95989,0.058104739976955,95989,0.0159683386185445,95989,0.0088725753761978,95989,0.0597620716860317,95989,0.0762458058103218,95989,0.0510608299312167,95989,0.063955651155165,95989,0.0185342055604776,95989,0.0102149840268063,95989,0.065837637375477,326,95989,2.556457378791924,95989,0.8824805748892607,95989,0.4524953650465005,95989,0.9158067478363496,95989,0.6178589504523809,95989,0.9409929684991368,95989,0.8117794206099246,SAsia,S Asia
4323.0,EGY,Egypt,190560.16452,1.0,515.0,1441242.9281,3898;3910;3911;3915;3929;3934;3948;3958,266.0,8.0,1250682.76358,14104,0.597390905826097,14104,0.3387856736636351,14104,0.6524618958319635,14104,0.425925771504205,14104,0.7100918690464292,14104,0.5334423782918446,Al-Minya,41529,0.0492850387632205,14104,0.0443309372490936,14104,0.0457511212064316,14104,0.0266333347969185,14104,0.0457511212064316,14104,0.0718084242714691,14104,0.0426263068602043,14104,0.0574070672625283,14104,0.0591049889938396,14104,0.033823091598109,14104,0.0591049889938396,2831,14104,3.5970227374478965,14104,0.7522786727169739,14104,0.4547083153351427,14104,0.8034848254403982,14104,0.5565675803056045,14104,0.8489607416977636,14104,0.6823592927616409,Africa,Africa
4333.0,ITA,Italy,,,2318.0,4054332.8269,,,,,10603,0.689051307341772,10603,0.4382240638830475,10603,0.7312056862159217,10603,0.5398390543387966,10603,0.777301991257308,10603,0.6322795812928128,Naples,29641,0.0558268919616366,10603,0.0544534156071856,10603,0.0364337416519517,10603,0.0225217871254221,10603,0.0560080196074854,10603,0.0773721886098083,10603,0.0559528921155639,10603,0.066522894660733,10603,0.0431912210179231,10603,0.0263072693426888,10603,0.0682084637713823,5780,10603,3.4345779938594103,10603,0.7875290766740577,10603,0.5724100794090274,10603,0.8163024476873475,10603,0.6704825116656541,10603,0.8427842009511246,10603,0.7478744278688721,Europe,Europe
4335.0,MEX,Mexico,,,1318.0,1306482.011,,,,,9439,0.4407348419196734,9439,0.3362979515891164,9439,0.4583756222309871,9439,0.3805697038974857,9439,0.4775991674806205,9439,0.4187238246765286,Torreon,33883,0.0361491074986443,9439,0.0378601261000357,9439,0.0388153243338404,9439,0.0208936328243443,9439,0.0388153243338404,9439,0.0487227298921387,9439,0.0151776287821966,9439,0.0288687801082241,9439,0.0296408263202614,9439,0.0161814564725698,9439,0.0296408263202614,6153,9439,3.874453953555996,9439,0.3453607495926106,9439,0.2507021810929672,9439,0.3641963222304116,9439,0.2876726119795699,9439,0.3860230247918756,9439,0.3234147877234733,NorthAmerica,N America
4344.0,UKR,Ukraine,,,1231.0,1464092.25701,,,,,1052,0.3000000119209289,1052,0.3000000119209289,1052,0.3000000119209289,1052,0.3000000119209289,1052,0.3000000119209289,1052,0.3000000119209289,Donetsk,4755,0.0294000003486871,1052,0.0294000003486871,1052,0.0300000011920928,1052,0.0150000005960464,1052,0.0300000011920928,1052,0.0554486186039013,1052,0.0114081515371749,1052,0.032180181568241,1052,0.0328369194356702,1052,0.0164184597178351,1052,0.0328369194356702,8370,1052,3.496925454150446,1052,0.328369200082898,1052,0.328369200082898,1052,0.328369200082898,1052,0.328369200082898,1052,0.328369200082898,1052,0.328369200082898,Europe,Europe
4371.0,PAK,Pakistan,,,511.0,1327263.4842,,,,,1015,0.4370443401445309,1015,0.3894581322672919,1015,0.4464039457695825,1015,0.408374389117868,1015,0.4578325175005814,1015,0.4262069015153523,Mardan,3026,0.0396170248285291,1015,0.0403457636619216,1015,0.0412614290038206,1015,0.0412614290038206,1015,0.0412614290038206,1015,0.0482611076282383,1015,0.0149530280027643,1015,0.0284708872643927,1015,0.0291458562904225,1015,0.0291458562904225,1015,0.0291458562904225,7041,1015,4.307939549385034,1015,0.3148460029326196,1015,0.2702710304941449,1015,0.3250262951450835,1015,0.2868369372772613,1015,0.3374843981208766,1015,0.3036478692234443,SAsia,S Asia
4372.0,PHL,Philippines,380774.272815,1.0,1232.0,3059069.97335,12981,351.0,1.0,2678295.70053,0,,0,,0,,0,,0,,0,,Cebu City,0,,0,,0,,0,,0,,0,,0,,0,,0,,0,,0,,7279,0,,0,,0,,0,,0,,0,,0,,SEAsia,SE Asia
4395.0,IDN,Indonesia,100726.583855,1.0,625.0,2010909.39761,11653,291.0,1.0,1910182.81375,9504,0.6497058499638877,9504,0.4440535089971075,9504,0.6842923148705469,9504,0.5301716406321054,9504,0.7206515456435746,9504,0.6071683621577932,Palembang,22416,0.0536278195341199,9504,0.0531425111800364,9504,0.0068837142803302,9504,0.0035487188388047,9504,0.0545838137979365,9504,0.0653326187248478,9504,0.0300751273709379,9504,0.0475417571295113,9504,0.006824262200635,9504,0.0035843963249326,9504,0.0490115977540211,5298,9504,3.431901090041035,9504,0.6211625835605217,9504,0.3679493997126821,9504,0.6747837701183425,9504,0.4661291158185987,9504,0.7349201962597833,9504,0.5618811450076834,SEAsia,SE Asia
4396.0,IND,India,,,431.0,1348034.97444,,,,,2250,0.287667464852602,2250,0.2170279492880749,2250,0.2977882827163542,2250,0.244600057201236,2250,0.3102390881386475,2250,0.2728704568825567,Amritsar,5864,0.0261645565720433,2250,0.0244811277069619,2250,0.0029961585555453,2250,0.00153251921078,2250,0.0251016062093253,2250,0.0378195021141862,2250,0.0035342867950219,2250,0.0159286830270972,2250,0.0021099234900673,2250,0.0010977191120966,2250,0.0163767389529366,3511,2250,3.036920145842376,2250,0.1958009121215554,2250,0.1345440511058965,2250,0.2090808392405449,2250,0.1574816678468355,2250,0.2240279580144474,2250,0.1812471455666063,SAsia,S Asia
4397.0,IRN,Iran,,,588.0,1391063.8088,,,,,22703,0.7380296512093418,22703,0.5689056416011745,22703,0.7654964152965956,22703,0.6403272748961963,22703,0.7940683915965423,22703,0.7033825970446048,Ahwaz,63035,0.0704188711087325,22703,0.0636916945970821,22703,0.0652798311480881,22703,0.035049008103741,22703,0.0652798311480881,22703,0.0638974163314674,22703,0.0344526345096403,22703,0.0479515885586755,22703,0.0492228793041046,22703,0.0269591391705457,22703,0.0492228793041046,5547,22703,5.679804902049327,22703,0.5763008398829392,22703,0.4122430127402399,22703,0.604987949577946,22703,0.478306590200867,22703,0.6356451402037864,22703,0.5408787056327661,SWAsia,SW Asia
4426.0,FRA,France,,,2109.0,1206197.9203,,,,,2831,0.628188504867397,2831,0.3911844754225433,2831,0.6704971922165485,2831,0.4865197719746179,2831,0.7138352991304534,2831,0.5718458976282409,Nice,5478,0.0504540832062857,2831,0.0491414760660048,2831,0.0121785745870852,2831,0.0068018992659469,2831,0.0505691467577269,2831,0.0692835424789208,2831,0.0410857034618181,2831,0.0547330666302219,2831,0.0129574866992195,2831,0.0070483408174125,2831,0.0562258318712452,3196,2831,4.355475164775531,2831,0.6796210470627163,2831,0.4475463851020735,2831,0.712751453240809,2831,0.5446896592243469,2831,0.7463824180213416,2831,0.6344541812485547,Europe,Europe
4435.0,MMR,Myanmar,327446.186789,1.0,1321.0,6143161.51779,10248;10261,540.0,2.0,5815715.331,15184,0.6923954548425132,15184,0.4625067710845554,15184,0.7197802719189061,15184,0.5763065152643176,15184,0.74693668760512,15184,0.6530908957613608,Yangon,70868,0.0565443025278595,15184,0.0568692395262076,15184,0.0583631130379502,15184,0.0583631130379502,15184,0.0583631130379502,15184,0.0643980763410537,15184,0.0323159395066155,15184,0.0475487156854235,15184,0.0489333858359037,15184,0.0489333858359037,15184,0.0489333858359037,6422,15184,4.344390660666443,15184,0.6216963074602548,15184,0.350377530626811,15184,0.6570444080965595,15184,0.4738720086697637,15184,0.6923350216604094,15184,0.5752497331683515,SEAsia,SE Asia
4444.0,USA,UnitedStates,,,6026.0,2273466.32859,,,,,27001,0.9656590288027788,27001,0.8283453759974948,27001,0.9695733481769476,27001,0.9174109193766256,27001,0.9731555906438292,27001,0.957392850744554,Portland,108144,0.0924007461018043,27001,0.0891333965274085,27001,0.0019463112675468,27001,0.0009731556337734292,27001,0.091079709083052,27001,0.0896534252863195,27001,0.0797721442479537,27001,0.0848953501848466,27001,0.0019416642773703,27001,0.000970832138685174,27001,0.086837016560577,8529,27001,4.937808470342383,27001,0.9537451533294964,27001,0.7618377408545034,27001,0.9648306949411988,27001,0.8692129568316697,27001,0.9708320943314218,27001,0.9306115088005076,NorthAmerica,N America
4454.0,DEU,Germany,,,1874.0,1230838.86017,,,,,2546,0.5464274889772921,2546,0.4750428007247647,2546,0.5604012562668759,2546,0.5028773414662308,2546,0.577632250806429,2546,0.529358576549586,Nuremberg,7879,0.0479777933161282,2546,0.0497845944472354,2546,0.0056293865858357,2546,0.0028623147372757,2546,0.0509398592702349,2546,0.0620278053127995,2546,0.0308022007792307,2546,0.0452222190469568,2546,0.0051718669704549,2546,0.0026358164530502,2546,0.0462870479028293,3263,2546,5.820433614166116,2546,0.4995091178347394,2546,0.4292786134259346,2546,0.5149110959481132,2546,0.4558021099091632,2546,0.5324142357046759,2546,0.4826792745571237,Europe,Europe
4460.0,GBR,UnitedKingdom,,,1325.0,1145121.88929,,,,,1183,0.677883489901622,1183,0.5612749210704985,1183,0.6970680811732233,1183,0.6146582777620246,1183,0.7103293487230739,1183,0.6610213730640314,Sheffield,3134,0.0513364647431396,1183,0.0607765235891301,1183,0.0069691336908691,1183,0.0035317547916974,1183,0.0621971829217137,1183,0.0673101872677237,1183,0.0407376633386124,1183,0.0529128977174854,1183,0.0059321362143407,1183,0.0029963009552002,1183,0.0541177166002062,8436,1183,6.278676385445414,1183,0.5824212216855388,1183,0.4910189852887287,1183,0.5919128951125923,1183,0.5396892797395813,1183,0.6024090423193649,1183,0.5705214042422351,Europe,Europe
4483.0,BRA,Brazil,87061.1820918,1.0,587.0,2174968.08768,1165,272.0,1.0,2087906.90559,2043,0.9625711738452912,2043,0.7873460094412812,2043,0.973545071239079,2043,0.911437279607087,2043,0.9864296022690742,2043,0.9496376520707234,Belém,6043,0.0888493448296229,2043,0.0877270022812204,2043,0.0896998615585824,2043,0.0520325841988339,2043,0.0896998615585824,2043,0.0681711739823444,2043,0.0391009981720618,2043,0.052970519941741,2043,0.0544343374560283,2043,0.0336048042655175,2043,0.0544343374560283,474,2043,5.891115467473543,2043,0.6668037805090958,2043,0.4088815734562172,2043,0.6997145641307999,2043,0.5344791766289446,2043,0.7319085341517271,2043,0.6235782201967259,SouthAmerica,S America
4497.0,IRQ,Iraq,,,370.0,1620042.70829,,,,,23651,0.7634436402838338,23651,0.6188893007843168,23651,0.7901253822235851,23651,0.6757031633059062,23651,0.8173643868645374,23651,0.7307520539886609,Basra,40334,0.069455044474443,23651,0.0672277756087242,23651,0.0688625039142649,23651,0.0364976922996216,23651,0.0688625039142649,23651,0.0699690862366592,23651,0.0437645423516589,23651,0.0562411459904904,23651,0.0576524777663065,23651,0.0308825656039973,23651,0.0576524777663065,5710,23651,5.16284382305803,23651,0.6501615435169735,23651,0.5070708602981253,23651,0.676502168457128,23651,0.5637256219249307,23651,0.7056655485461361,23651,0.6187315719528063,SWAsia,SW Asia
4510.0,USA,UnitedStates,,,8328.0,3866486.79933,,,,,27250,0.6789011389473519,27250,0.5549539047238499,27250,0.7038877641619066,27250,0.6052534453866328,27250,0.7283361329946436,27250,0.6524002915322377,Seattle,72128,0.0633779394112696,27250,0.0601318051297223,27250,0.0039411397752391,27250,0.0032426764344771,27250,0.0615884769491449,27250,0.0633134543821554,27250,0.0334706563190922,27250,0.0471534023415313,27250,0.0029262115662577,27250,0.0023441296668882,27250,0.0483639112475684,8531,27250,5.685399924677165,27250,0.5497293647311767,27250,0.4241141197331574,27250,0.575668204515903,27250,0.47077719929472,27250,0.6052541784561598,27250,0.5192968718870057,NorthAmerica,N America
4513.0,ZAF,SouthAfrica,359737.796759,1.0,1611.0,3226799.39369,3868,745.0,1.0,2867061.59693,2058,0.7442601831962937,2058,0.5545299309901239,2058,0.7741986030976079,2058,0.6287348237856207,2058,0.8065184860479593,2058,0.7028518499412504,Durban,5429,0.0611280572826459,2058,0.0629582011189053,2058,0.0123325030836645,2058,0.0088329457835955,2058,0.064571238625355,2058,0.0723979137338177,2058,0.0500547966018191,2058,0.0603894678925925,2058,0.011964804763286,2058,0.0087289569693563,2058,0.061876585675628,7753,2058,5.546100844739855,2058,0.6945957330855793,2058,0.5484237404457468,2058,0.719372488018865,2058,0.6056164921343354,2058,0.7435582895896601,2058,0.662596003311124,Africa,Africa
4515.0,BGD,Bangladesh,296292.543049,1.0,632.0,1291110.72759,9958,351.0,1.0,994818.184536,11719,0.792959634987355,11719,0.4286958598832691,11719,0.8407432117179047,11696,0.4357148649154881,11719,0.8905691640525507,11719,0.5939007091815404,Lakshmipur,31082,0.0542643447465158,11696,0.0506905671184957,11696,0.0153986959131965,11696,0.0084628416324659,11696,0.0524717882701696,11696,0.0691342120004188,11696,0.0376930987225089,11696,0.053338986792724,11696,0.018017306398493,11696,0.0099113595145816,11696,0.0553342668687277,328,11719,2.5288213548259537,11719,0.974365601357864,11719,0.417302861699119,11719,0.9959065932406876,11696,0.429136761352981,11719,0.9976446616211236,11719,0.646435288706479,SAsia,S Asia
4523.0,ESP,Spain,,,1967.0,4609369.60955,,,,,8174,0.8071155015904843,8174,0.6256191573916466,8174,0.8388021743411022,8174,0.7042983179715686,8174,0.8747836646411807,8174,0.7680269908325549,Barcelona,11892,0.071582710078053,8174,0.069893701868339,8174,0.0057193519647646,8174,0.0031997340012532,8174,0.0716432687586366,8174,0.0752895291534469,8174,0.0539433205997564,8174,0.0641198841108624,8174,0.0052415569797622,8174,0.0029852889417409,8174,0.0656886031426214,7872,8174,5.99622883589728,8174,0.724399644098769,8174,0.5907784467524207,8174,0.7527504907356589,8174,0.6463749643827061,8174,0.7843588235915554,8174,0.6937443850046636,Europe,Europe
4532.0,JPN,Japan,1699326.06149,1.0,7350.0,9590442.43583,12914;12918;12927;12930,2747.0,4.0,7891116.37435,106814,0.731374124824719,106814,0.5610421043774195,106814,0.7613399142277043,106814,0.6404614846649261,106814,0.7935263529100238,106814,0.701686654442622,Nagoya,123700,0.0644064981478732,106814,0.0633992003666808,106814,0.0049787804477591,106814,0.0026873583039439,106814,0.0649862526687963,106814,0.0564107559095546,106814,0.0249016554546671,106814,0.0387206738597906,106814,0.003330884287683,106814,0.0017683431970266,106814,0.0398180635813638,5868,106814,7.863315533157035,106814,0.4791989485316791,106814,0.3235706854068224,106814,0.5116883321786968,106814,0.3830373955828507,106814,0.5486947258817,106814,0.442306176446491,EAsia,E Asia
4593.0,IDN,Indonesia,125218.982681,1.0,484.0,1373041.53767,11715;11719,202.0,2.0,1247822.55499,99,0.7438414895107907,99,0.6652365562745158,99,0.7593287491721274,99,0.7024666420455602,99,0.7696401106602646,99,0.727234130678416,Bandar Lampung,513,0.0760007764323082,99,0.0690448479255412,99,0.0087042862219902,99,0.005008228809883,99,0.0705841283516162,99,0.0811625967875538,99,0.0630494472478827,99,0.071880981840383,99,0.0088919922149701,99,0.0050113569369587,99,0.0735013124370684,5302,99,2.899956914465581,99,0.7788872857006801,99,0.6900890084265988,99,0.7940960607045919,99,0.7297841364996086,99,0.8101643480098396,99,0.7602053491013812,SEAsia,SE Asia
4617.0,COL,Colombia,101956.341187,1.0,342.0,1054587.12175,670,92.0,1.0,952630.78056,306,0.8872548968963374,306,0.8529411727696462,306,0.8941176417801115,306,0.8660130673179439,306,0.9035947662747764,306,0.8797385571341888,Bucaramanga,592,0.0854677329231976,306,0.0851450961302308,306,0.0869522879168001,306,0.0439784315268636,306,0.0869522879168001,306,0.0747114026438128,306,0.0545065619853214,306,0.0638043882593123,306,0.0652005570785452,306,0.0332845906073416,306,0.0652005570785452,2531,306,4.892772682352004,306,0.6767257984021521,306,0.6294247501018438,306,0.6867113729658859,306,0.6472138969495503,306,0.698083553658007,306,0.6655400243642575,SouthAmerica,S America
4644.0,BGD,Bangladesh,284934.903114,1.0,503.0,1390248.89849,9982,196.0,1.0,1105313.99538,2589,0.6022163277381267,2589,0.4168950665992638,2589,0.6389037424831535,2589,0.4872792853807706,2589,0.6624938860856594,2589,0.5656859504926174,Sylhet,12779,0.0580186319229507,2589,0.0492932453920761,2589,0.0122193957968571,2589,0.006379884396349,2589,0.0506182333009299,2589,0.0659747468220528,2589,0.0327156936533521,2589,0.0489560534739101,2589,0.0130533431718087,2589,0.006912332674004,2589,0.050413100909324,331,2589,2.87512146524634,2589,0.6444680663531008,2589,0.38476324130172,2589,0.6878324370891519,2589,0.4746166504424177,2589,0.7285236581043374,2589,0.5837340382737726,SAsia,S Asia
4686.0,IRN,Iran,,,3332.0,13408679.6999,,,,,2495,0.4277653495877013,2495,0.3587069148659486,2495,0.4416101964506523,2495,0.38834272061747,2495,0.4569013883948594,2495,0.4136831487602089,Tehran,6166,0.0381316618751907,2495,0.0384350775644402,2495,0.0393488803378612,2495,0.020672639400465,2495,0.0393488803378612,2495,0.0469922417014139,2495,0.0166430493890583,2495,0.0286295887151943,2495,0.0293420765125996,2495,0.0156105463833258,2495,0.0293420765125996,5555,2495,4.26739571777067,2495,0.3269278405779705,2495,0.2615148479837677,2495,0.3405125396868594,2495,0.287746355176521,2495,0.3562437781259847,2495,0.3116744413055013,SWAsia,SW Asia
4692.0,PAK,Pakistan,,,314.0,2054115.88953,,,,,12167,0.8126131591413407,12167,0.6577628863296272,12167,0.8354622660782416,12167,0.7251804366238653,12167,0.8593155125437281,12167,0.782360868957552,Hyderabad,26028,0.0741785184694555,12167,0.0718239275720502,12167,0.0735425587020123,12167,0.0735425587020123,12167,0.0735425587020123,12167,0.0775593602975472,12167,0.0549703637633917,12167,0.0663426956078278,12167,0.0679842264864671,12167,0.0679842264864671,12167,0.0679842264864671,7046,12167,4.624365320009967,12167,0.770281407473951,12167,0.5886431362545306,12167,0.7958799770594983,12167,0.6679508303651657,12167,0.8207650584452388,12167,0.7358403201129028,SAsia,S Asia
4710.0,EGY,Egypt,1263830.71497,1.0,2035.0,6114874.2701,3867;3872;3875;3877;3886;3887;3891;3895;3906;3907;3908;3912;3916;3919;3920;3923;3927;3933;3942;3959;3961;3962;3967;3971;3977;3980;3986;3991;3993,836.0,29.0,4851043.55513,61870,0.3599923511236916,62151,0.1870638338059738,61870,0.4085432232090258,62151,0.2491223396089232,61870,0.4699897916413296,61870,0.317065994953994,Mansoura,141348,0.0260140794774973,61870,0.0260165535349767,61870,0.0247989663721826,61870,0.0222374618869902,61870,0.0269565331897925,61870,0.0565882343274903,61870,0.0219223030758445,61870,0.037630197327131,61870,0.0352060252379053,61870,0.0310882022531374,61870,0.0388314549925333,2837,62151,3.485390085895549,61870,0.4999020050085311,62151,0.2897468073009195,61870,0.5488556231563126,62151,0.3642665856309875,61870,0.6006288322758454,61870,0.4482838721198783,Africa,Africa
4718.0,MEX,Mexico,,,1190.0,1237258.54368,,,,,1004,0.4451438833869371,1004,0.3839199936618194,1004,0.4557307225761758,1004,0.4134832422343134,1004,0.4686147064241546,1004,0.4358554302120994,Querétaro,3274,0.0454883863626284,1004,0.04071886213551,1004,0.0217210106377844,1004,0.0089809305726798,1004,0.0416560915399367,1004,0.0468964063218353,1004,0.016968632770317,1004,0.0289789705360378,1004,0.0156304354415265,1004,0.0065353351876482,1004,0.0296713510817212,6164,1004,5.593956208456635,1004,0.3235583152252099,1004,0.2674936736006577,1004,0.3339992309190783,1004,0.294142949881873,1004,0.3461901685203979,1004,0.3121970655773491,NorthAmerica,N America
4736.0,DEU,Germany,,,2638.0,2435209.28736,,,,,3741,0.4861377684330158,3741,0.4224164253201846,3741,0.4991898068885472,3741,0.4504107160927023,3741,0.5136478305355509,3741,0.4728200021120434,Munich,18057,0.0419628887219794,3741,0.0444465032000153,3741,0.0050098710109607,3741,0.0025465520946612,3741,0.0454737992157346,3741,0.064942601452655,3741,0.036340109445469,3741,0.0494650048426262,3741,0.0055548112779334,3741,0.0028237750219388,3741,0.0506046028131143,3271,3741,3.830600204771835,3741,0.5394279779261767,3741,0.4716716885622531,3741,0.5529865323309641,3741,0.501137486124846,3741,0.5697986415956897,3741,0.5257679906104212,Europe,Europe
4760.0,CHN,China,210209.31324,1.0,638.0,2206063.06948,10186,243.0,1.0,1995853.75624,3592,0.5966414544035367,3592,0.5059168861354868,3592,0.6146791184998711,3592,0.5381792048235503,3592,0.6378983908356863,3592,0.5757070192316343,Baotou,10920,0.0519697141977755,3592,0.0535796057662356,3592,0.0287529998799953,3592,0.0120447067785509,3592,0.0548554023559204,3592,0.0602406589722153,3592,0.0238064078546091,3592,0.041188108806299,3592,0.0226963380512701,3592,0.0097552990961343,3592,0.0422583829749955,997,3592,4.510823828229195,3592,0.479979856918424,3592,0.3721511551738276,3592,0.5051110394459774,3592,0.4103306419983527,3592,0.5351370294382236,3592,0.4524052860641282,EAsia,E Asia
4767.0,GBR,UnitedKingdom,,,2248.0,1562399.05848,,,,,6383,0.425171577416664,6383,0.3464317931630997,6383,0.4418799270907663,6383,0.377193596524026,6383,0.4610520295778787,6383,0.4060612610137292,Nottingham,19554,0.0405800363791203,6383,0.0375176484716031,6383,0.004444130745756,6383,0.0022765019851247,6383,0.0384397525195209,6383,0.0560677851152238,6383,0.0248109181436934,6383,0.0383736377115817,6383,0.0045013346305728,6383,0.0023035196945846,6383,0.0393064593433383,8439,6383,4.85787485720294,6383,0.4317376066238267,6383,0.3583181457608227,6383,0.4473883730438948,6383,0.3853474055423616,6383,0.4664106146549562,6383,0.4137293318468371,Europe,Europe
4798.0,MEX,Mexico,,,994.0,1365142.87819,,,,,3785,0.5076823947349578,3785,0.4083714087733983,3785,0.5229854427373297,3785,0.4568348229771686,3785,0.540003641158639,3785,0.4893756126729689,Ciudad Juárez,4899,0.045553983646601,3785,0.0449797557876723,3785,0.0457565848180698,3785,0.0242729957986044,3785,0.0460597627826743,3785,0.0398976886877842,3785,0.0103255235727185,3785,0.0210556280106653,3785,0.021291631420939,3785,0.0114301143467719,3785,0.0215841149652036,6167,3785,8.366479885735922,3785,0.2424837640837227,3785,0.1865578447311647,3785,0.2523862536073998,3785,0.2135480693812712,3785,0.264243411768899,3785,0.2312610415757603,NorthAmerica,N America
4809.0,BRA,Brazil,242772.900051,1.0,1842.0,2248199.0731,1174;1176;1177,511.0,3.0,2005426.17305,715,0.8857479443134738,715,0.8341979869901689,715,0.8931722588541601,715,0.8574515005005466,715,0.9022775508859864,715,0.8762224084672355,Goiânia,3882,0.0799670396614511,715,0.0842466715298556,715,0.0860512281269003,715,0.0437599909113269,715,0.0860512281269003,715,0.0748660291791081,715,0.0496008127053047,715,0.0621655618877591,715,0.0635932335934662,715,0.0329506154409584,715,0.0635932335934662,483,715,3.72425794359796,715,0.6771185568290459,715,0.5975404774048798,715,0.694561527082472,715,0.6281642412850647,715,0.7138352965884709,715,0.658654643141374,SouthAmerica,S America
4822.0,JPN,Japan,374382.806307,1.0,1419.0,1517061.18191,12931,331.0,1.0,1142678.3756,18027,0.9005724891923885,18027,0.7014872579341409,18027,0.9282736332884004,18027,0.7880413613856587,18027,0.9511348613099576,18027,0.8621378818231538,Sendai,28328,0.0788222102970912,18027,0.0781956841234915,18027,0.0051325864707219,18027,0.002328886401043,18027,0.0800979532613441,18027,0.0794397612502069,18027,0.0617802606188475,18027,0.0702371261023572,18027,0.0046485655655448,18027,0.0021417444780142,18027,0.0719409540041174,5875,18027,5.25372047439778,18027,0.8044395143576805,18027,0.634167259841261,18027,0.8295917233234097,18027,0.7085262625714198,18027,0.8519131590280822,18027,0.770618104859527,EAsia,E Asia
4823.0,MEX,Mexico,,,1193.0,1204447.63807,,,,,108,0.2776577972404185,108,0.2421597506042921,108,0.2875628432203129,108,0.2513200564130661,108,0.3013293673502313,108,0.2729100777245149,San Luis Potosí,710,0.0303091345864083,108,0.0252496762868426,108,0.0258523348975511,108,0.013515339861134,108,0.0258523348975511,108,0.0424667041765408,108,0.0065349883298043,108,0.0206992764665419,108,0.0211864421499767,108,0.0110305841538876,108,0.0211864421499767,6168,108,2.523379267183146,108,0.2278784271925438,108,0.198055840383371,108,0.2351303226659027,108,0.2081784842701969,108,0.2435829594567642,108,0.2202878566757413,NorthAmerica,N America
4829.0,RUS,Russia,,,1113.0,1245155.49802,,,,,11727,0.9546327261321584,11727,0.5699204429092714,11727,0.9716220035580744,11727,0.7805768669106844,11727,0.9745997641290368,11727,0.9133623838647802,Kazan,40112,0.0866104283238894,11727,0.076246465550119,11727,0.0444332333102027,11727,0.0190241444040134,11727,0.0781956666118702,11727,0.0809849625766651,11727,0.0630493694612422,11727,0.0719910161575761,11727,0.0415630816181908,11727,0.0178479942618791,11727,0.0738764248844737,7471,11727,5.512959397904212,11727,0.8876412010230765,11727,0.5565296943062883,11727,0.9165534076855928,11727,0.7360040310711506,11727,0.9427037571247612,11727,0.8450017507536002,Europe,C Asia
4833.0,BGD,Bangladesh,565985.452591,1.0,1591.0,5964578.13113,10035;10046,829.0,2.0,5398592.67854,17268,0.6028425225058839,17268,0.403500853089386,17268,0.6350670180076251,17210,0.4765257509092206,17268,0.6682695598763305,17268,0.5614702236502985,Chattogram,34324,0.0518145021138461,17210,0.0484540310756805,17210,0.0142739787171827,17210,0.0087564402245343,17210,0.0497884680907945,17210,0.0654662031598408,17210,0.0298019697304247,17210,0.0475796443167964,17210,0.0148633174198425,17210,0.0091537200680629,17210,0.0490689383232757,335,17268,2.797944939640604,17268,0.6350508939155407,17268,0.3655023917883102,17268,0.6908503782208606,17210,0.4613150449010392,17268,0.7454927831150021,17268,0.5665066256091089,SAsia,S Asia
4845.0,IRN,Iran,,,260.0,1062501.83935,,,,,4263,0.4041185500692631,4263,0.3196589885983498,4263,0.4196146183449207,4263,0.3532273441987332,4263,0.4379401544550895,4263,0.3858771538767141,Qom,6394,0.0361349897946657,4263,0.0352043694102694,4263,0.0360802496693823,4263,0.0192580912866829,4263,0.0360802496693823,4263,0.0335559144365398,4263,0.0057837406117376,4263,0.0149200809149262,4263,0.0153233034514746,4263,0.0083692973971013,4263,0.0153233034514746,5560,4263,7.298893462762189,4263,0.1790605058446476,4263,0.1301096342058571,4263,0.1894895232003224,4263,0.1480506079301566,4263,0.2016112496534761,4263,0.1670993502075179,SWAsia,SW Asia
4848.0,MEX,Mexico,,,2016.0,2451377.64921,,,,,896,0.4940923564020952,896,0.4091443072138844,896,0.5029935995504903,896,0.4460883093163781,896,0.5192299052729644,896,0.4764171448167187,Toluca,6100,0.046414695548779,896,0.0440969949088923,896,0.0099170574117457,896,0.0050645099334422,896,0.0451354546497157,896,0.0589051606250352,896,0.025971410157414,896,0.0407043372445977,896,0.009389854009752,896,0.0048419964078587,896,0.0417101820873511,6169,896,2.9898444510403706,896,0.4651353546923403,896,0.3740485104552822,896,0.4797325864013646,896,0.4075643136763622,896,0.5029221970318157,896,0.444436172044982,NorthAmerica,N America
4854.0,RUS,Russia,,,934.0,1062989.19813,,,,,9693,0.9895706489401096,9693,0.8612287710849474,9693,0.997331885196544,9693,0.9405503636923948,9693,0.9973733313319032,9693,0.9781558980995324,Saratov,38791,0.095179070996371,9693,0.091623017483881,9693,0.0485732880700318,9693,0.0197926931790022,9693,0.0936177665734009,9693,0.0922880481754966,9693,0.0853451169819779,9693,0.0889741489925509,9693,0.0472077902420184,9693,0.0193249099114491,9693,0.0909488258844941,7472,9693,4.810297102648583,9693,0.96290253554667,9693,0.8377652196058779,9693,0.978137364960914,9693,0.9118761874868212,9693,0.9873370378849888,9693,0.946982436593522,Europe,C Asia
4861.0,COD,DemocraticRepublicoftheCongo,58372.2739487,1.0,435.0,2303799.0033,3756,258.0,1.0,2245426.72935,452,0.395749945426609,452,0.3306026902410053,452,0.4135093075451182,452,0.3530822100756218,452,0.4308699535941149,452,0.3826071477832389,Lubumbashi,841,0.0376552306810052,452,0.0353089654478234,452,0.036170705009775,452,0.036170705009775,452,0.036170705009775,452,0.0566347264406764,452,0.0224780240718476,452,0.0378894193991017,452,0.0388034223065339,452,0.0388034223065339,452,0.0388034223065339,2703,452,4.8696847485599735,452,0.4236305064989357,452,0.3568264062683352,452,0.439009477706661,452,0.3804148644392741,452,0.4570013775839317,452,0.4066697999678763,Africa,Africa
4867.0,GBR,UnitedKingdom,,,2051.0,1338017.67463,,,,,1256,0.366593989351825,1256,0.2668958138994691,1256,0.39121568775237,1256,0.3020880005550871,1256,0.4164071526919631,1256,0.3436627658068286,Portsmouth,4787,0.032269856718944,1256,0.0305680988733237,1256,0.008679055341362,1256,0.0071309506655298,1256,0.0314009134229995,1256,0.0525559449118302,1256,0.0167110968477922,1256,0.0324116877650389,1256,0.0083398286751977,1256,0.0066566076598878,1256,0.0332899850221365,8442,1256,4.526679145620223,1256,0.3860085400499348,1256,0.2886526081096833,1256,0.4105184198027262,1256,0.3200763174153317,1256,0.4391486052868831,1256,0.3598229666368395,Europe,Europe
4881.0,USA,UnitedStates,,,1738.0,1166374.4557,,,,,5534,0.5392381316884413,5534,0.4452173348464959,5534,0.5543842710179334,5534,0.4840977619432036,5534,0.5743534633943599,5534,0.5193554178028229,Salt Lake City,7372,0.0474604749066004,5534,0.0480048058710644,5534,0.0011487069450458,5534,0.0005743534725229107,5534,0.0491535123212929,5534,0.0470446933823589,5534,0.0133892786544915,5534,0.0270272918245433,5534,0.0007000823080356668,5534,0.0003500411540178334,5534,0.027727374251531,8541,5534,6.265727392044042,5534,0.3159437160165554,5534,0.242266207523549,5534,0.3317373940309647,5534,0.2697105143411662,5534,0.3500411509164177,5534,0.2980313479991511,NorthAmerica,N America
4894.0,IDN,Indonesia,566037.561365,1.0,1298.0,3777015.47696,11862,603.0,1.0,3210977.91559,3142,0.5502275966335998,3142,0.4703910876567779,3142,0.5665320337177472,3142,0.5027547392635713,3142,0.584873665637273,3142,0.531777920681026,Jakarta,11400,0.0523348721386854,3142,0.0497756709589469,3142,0.005688754937209,3142,0.0028968558647994,3142,0.0509454178851827,3142,0.0655535756564235,3142,0.0336766327212251,3142,0.0488916315635627,3142,0.0057891730632888,3142,0.002960616976734,3142,0.0500893887432438,5312,3142,2.951381897162725,3142,0.55506061603088,3142,0.4525298156824744,3142,0.5763618262699346,3142,0.4911772409956909,3142,0.5988783590812586,3142,0.5282288696521296,SEAsia,SE Asia
4897.0,IDN,Indonesia,1121008.90733,1.0,5292.0,29753582.4462,11862,3373.0,1.0,28632573.5388,18253,0.4824187563650139,18253,0.3804065567783477,18253,0.5006755128592862,18253,0.4214380436077838,18253,0.5172552462714216,18253,0.4599574371951145,Jakarta,45307,0.042856964914406,18253,0.0419635599840521,18253,0.0050191422757253,18253,0.0025614066061217,18253,0.0429980703338824,18253,0.0476068999918108,18253,0.0133140271289191,18253,0.0276050258272141,18253,0.003565543535192,18253,0.0018480941111007,18253,0.0283581709370958,5313,18253,5.15187539746875,18253,0.3335862160929821,18253,0.239190564657104,18253,0.3533935547714253,18253,0.2735345985085108,18253,0.3765725090632544,18253,0.3101774120221339,SEAsia,SE Asia
4898.0,IDN,Indonesia,190115.764371,1.0,657.0,1651451.85818,11862;11952,307.0,2.0,1461336.09381,35,0.4000000059604645,35,0.4000000059604645,35,0.4000000059604645,35,0.4000000059604645,35,0.4000000059604645,35,0.4000000059604645,Jakarta,81,0.0392000004649162,35,0.0392000004649162,35,0.0040000001899898,35,0.0020000000949949,35,0.0399999991059303,35,0.0536848829138133,35,0.010415384215246,35,0.0303842190836105,35,0.0031004305608183,35,0.0015502152804091,35,0.0310043045951066,5314,35,3.797807641742198,35,0.3100430511517553,35,0.3100430511517553,35,0.3100430511517553,35,0.3100430511517553,35,0.3100430511517553,35,0.3100430511517553,SEAsia,SE Asia
4899.0,IDN,Indonesia,158760.301948,1.0,617.0,1727806.55775,11862,300.0,1.0,1569046.25581,59,0.6789506194522843,59,0.6603703725393172,59,0.6841975321985567,59,0.6656172865886747,59,0.6894444459872973,59,0.6743621409920508,Jakarta,241,0.076253428587573,59,0.0654842789074091,59,0.0068472222125142,59,0.0034393518406192,59,0.0668631687116475,59,0.0751794177745002,59,0.0513986892803714,59,0.0626919731100451,59,0.0066762802419278,59,0.0033594410033227,59,0.0640401825518315,5315,59,3.0320374596266104,59,0.6600176527871354,59,0.6233428162209619,59,0.6667180662496919,59,0.6363363072879112,59,0.6741039816939128,59,0.6513395435454016,SEAsia,SE Asia
4900.0,IDN,Indonesia,763326.150577,1.0,1737.0,2898313.04639,11862;12032;12050,619.0,3.0,2134986.89581,12309,0.5014474132628365,12309,0.4099435929390548,12309,0.5188622166571331,12309,0.4449422871694423,12309,0.5397937269912216,12309,0.4800196288939424,Jakarta,37915,0.0445567158099632,12309,0.0442926690104953,12309,0.0052183453959548,12309,0.0026675713377619,12309,0.0453722563325464,12309,0.0542127580732137,12309,0.0185528589704325,12309,0.0343788804249577,12309,0.0042868006089307,12309,0.0022140385428363,12309,0.0352796582081875,5316,12309,3.8525004712735593,12309,0.403986365713497,12309,0.307321530922247,12309,0.4251184622430367,12309,0.3423360087999666,12309,0.4503888166986254,12309,0.3798223545884557,SEAsia,SE Asia
4937.0,RUS,Russia,,,2075.0,1422694.91921,,,,,3782,0.8452935405892215,3782,0.7232877636611386,3782,0.863830323847973,3782,0.7775022339690455,3782,0.8769032110300085,3782,0.8213989576363744,Volgograd,26638,0.0639899891041607,3782,0.076720639013788,3782,0.0409546971993594,3782,0.0169711785837574,3782,0.0784744473537167,3782,0.0865362652382103,3782,0.0739012451802995,3782,0.0801109544223034,3782,0.0424463729373831,3782,0.0174179302277437,3782,0.0818837013924873,7474,3782,3.512605757348088,3782,0.8700794156750528,3782,0.7627252700469177,3782,0.8802642421327111,3782,0.8147678552359064,3782,0.8863723575570515,3782,0.8537949408843393,Europe,C Asia
4946.0,DEU,Germany,,,3572.0,4290482.74447,,,,,16950,0.4860970823552377,16950,0.3963317892927872,16950,0.5016659697794519,16950,0.4388646703710192,16950,0.5190842910760569,16950,0.4692373859148377,Berlin,43770,0.0470977873783561,16950,0.0432786477216651,16950,0.0050387015832222,16950,0.0025692939621006,16950,0.0443168162789843,16950,0.0577829104643192,16950,0.0249434418372756,16950,0.039662118884611,16950,0.0046186193458898,16950,0.0023533692050649,16950,0.0406127824022074,3278,16950,5.774132982411972,16950,0.446294367628062,16950,0.3638136612906114,16950,0.4598056937337257,16950,0.4013745890920208,16950,0.4753316218177593,16950,0.4306183020067238,Europe,Europe
4981.0,MEX,Mexico,,,970.0,1158093.30904,,,,,425,0.528937195453406,425,0.4500354177731109,425,0.5397509553829006,425,0.4838023346079556,425,0.5562099228193956,425,0.5107458057011277,Cuernavaca,1658,0.0454953552547547,425,0.0477782427456844,425,0.0255447184151108,425,0.0106264965121349,425,0.0488906622083327,425,0.0550227786512237,425,0.0230844182458352,425,0.0370469121934328,425,0.0199062843686898,425,0.0083575031283343,425,0.0379364474631832,6172,425,4.693477589247176,425,0.413557163353296,425,0.3486563657812752,425,0.4280738150705026,425,0.3725501570765784,425,0.4447674906101391,425,0.3973685900304851,NorthAmerica,N America
4985.0,PHL,Philippines,159974.702966,1.0,477.0,1356277.38533,13022;13024,173.0,2.0,1196302.68237,1076,0.772982880103891,1076,0.6371910770986161,1076,0.7911598793866914,1076,0.6959929959351255,1076,0.8161405966471125,1076,0.7436270646561892,Davao City,1613,0.0712736289233502,1076,0.0688282597191663,1076,0.0704605412069465,1076,0.0704605412069465,1076,0.0704605412069465,1076,0.0675751051466338,1076,0.0392268725148707,1076,0.0526144845804632,1076,0.0539367964139507,1076,0.0539367964139507,1076,0.0539367964139507,7299,1076,5.835846856321484,1076,0.6059988986969485,1076,0.4789337536096624,1076,0.6307217563809966,1076,0.5268568691820101,1076,0.6611554766402089,1076,0.5753627258877143,SEAsia,SE Asia
5005.0,JPN,Japan,1063975.41396,1.0,2717.0,2237876.44643,12947,630.0,1.0,1173901.03247,12671,0.5795082250676514,12671,0.454539475772821,12671,0.6012734412523243,12671,0.5099188381278309,12671,0.6257000068502098,12671,0.5538579733949138,Takasaki [Maebashi],19777,0.0570406336305135,12671,0.0505273553155224,12671,0.0030918601532857,12671,0.0012514000403043,12671,0.0517787553143218,12671,0.0534448357568482,12671,0.0238498380382667,12671,0.0361880965055457,12671,0.0023192075887962,12671,0.0009418209157987391,12671,0.0371299177809526,5881,12671,5.425584455228597,12671,0.4269959753780936,12671,0.3166292859839147,12671,0.4473473566966753,12671,0.3629788446308636,12671,0.4709104493204144,12671,0.4027492946825798,EAsia,E Asia
5006.0,MEX,Mexico,,,4831.0,21410705.8633,,,,,18754,0.5092539046622548,18754,0.4076636696743278,18754,0.5300616457578471,18754,0.4552976905714871,18754,0.5488838001933969,18754,0.4903712488557752,Mexico City,35454,0.0487039523363655,18754,0.0449739008486984,18754,0.0091533604835123,18754,0.0046536843249807,18754,0.0460716685235255,18754,0.0431567784302512,18754,0.0106618224909098,18754,0.0231574368300165,18754,0.005153679676241,18754,0.0026579311293142,18754,0.0237717250637066,6173,18754,6.542899282542602,18754,0.2737491747491003,18754,0.2024783324088153,18754,0.2884886579671336,18754,0.2314935312093307,18754,0.307144059864421,18754,0.2583973901128115,NorthAmerica,N America
5038.0,VNM,Vietnam,719658.851774,1.0,3036.0,12831945.0812,11778;11781;11784;11787;11800;11802;11830,1648.0,7.0,12112286.2294,83196,0.7276109365632993,83196,0.4947303958907398,83196,0.7544925412351827,83196,0.6166605993588197,83196,0.7828871929281191,83196,0.6922843277099306,Ho Chi Minh City,139314,0.0617686547438374,83196,0.060529753405518,83196,0.0620955276582297,83196,0.0614967236417932,83196,0.0620955276582297,83196,0.0690506032387711,83196,0.038587079130769,83196,0.0537194330073956,83196,0.0552579523636148,83196,0.0547995391417804,83196,0.0552579523636148,8913,83196,4.226441827570231,83196,0.6927148610602354,83196,0.4010698723524694,83196,0.7299667273290686,83196,0.539052795671508,83196,0.7692595782661261,83196,0.6430728376686254,SEAsia,SE Asia
5080.0,VNM,Vietnam,135145.097373,1.0,418.0,1138424.45552,11821,199.0,1.0,1003279.35815,16650,0.9381483155579134,16650,0.7445445933975472,16650,0.9546606173851396,16650,0.8481978388795165,16650,0.9696631566530286,16650,0.9129993837206608,Đà Nẵng,23490,0.0856514110098114,16650,0.0831107654388828,16650,0.0850500917593051,16650,0.0850500917593051,16650,0.0850500917593051,16650,0.0837719687621938,16650,0.0668264049208848,16650,0.0755557913541397,16650,0.0774039363188193,16650,0.0774039363188193,16650,0.0774039363188193,8914,16650,4.622911043526625,16650,0.8810686830069102,16650,0.6551343754206992,16650,0.9030717061406964,16650,0.7652150523237321,16650,0.9240717097028754,16650,0.8481210663056354,SEAsia,SE Asia
5091.0,JPN,Japan,380234.667239,1.0,1219.0,1099104.77467,12958,330.0,1.0,718870.10743,23335,0.9121768669121644,23335,0.720920062374111,23335,0.9317214887899712,23335,0.8202522718151856,23335,0.9479504521003808,23335,0.8804483569431233,Hamamatsu,28812,0.0807612923907259,23335,0.0804321977179692,23335,0.0052225497055444,23335,0.0024207108256246,23335,0.0823280980110428,23335,0.0762945567530499,23335,0.0540565494429932,23335,0.0651634188614183,23335,0.0047788049045956,23335,0.0022698920490337,23335,0.0668852160866804,5885,23335,6.10062785413476,23335,0.7869956290677024,23335,0.5520792956940513,23335,0.823598435395755,23335,0.6520976929818345,23335,0.8608981397732869,23335,0.7394660581757808,EAsia,E Asia
5107.0,IDN,Indonesia,594128.162532,1.0,2312.0,9310750.84446,12020;12035;12044;12122;12118;12128,1163.0,6.0,8716622.68193,4153,0.5621316903079706,4153,0.4882641983840873,4153,0.5751821502977279,4153,0.5187092194946067,4153,0.5900386644712189,4153,0.5453568646526237,Bandung,11166,0.0530566088982532,4153,0.0512638853968729,4153,0.0057711931423192,4153,0.0029279085378601,4153,0.052443962387355,4153,0.0570196151849072,4153,0.0208332896813804,4153,0.0373407261369314,4153,0.004330593420081,4153,0.0022099016110781,4153,0.038234042469183,5321,4153,4.647768210235911,4153,0.4172112740701909,4153,0.3499163913442218,4153,0.4310654504155306,4153,0.376003559612267,4153,0.4466581254893295,4153,0.4014670302181607,SEAsia,SE Asia
5129.0,JPN,Japan,2933253.90863,1.0,11971.0,36471786.9071,12962;12964;12966;12989;12995,5582.0,5.0,33538532.9985,142990,0.7328303393279714,142990,0.5706391414143628,142990,0.7588820960628337,142990,0.6429993699699735,142990,0.7869029121762598,142990,0.6995872998593005,Tokyo,202775,0.0677732854042731,142990,0.0636898095273653,142990,0.0041665209446415,142990,0.001858649206835,142990,0.0652636152122521,142990,0.0568928744131501,142990,0.0269129551467831,142990,0.0397395534434193,142990,0.0026982841778644,142990,0.0011736226199854,142990,0.0407881282000838,5886,142990,8.162593493693626,142990,0.4713929488917536,142990,0.3464077669444887,142990,0.4960586763155726,142990,0.3976455704720084,142990,0.5242871566269048,142990,0.4433712084011679,EAsia,E Asia
5137.0,TUR,Turkey,119752.806454,1.0,384.0,1554725.0461,4416;4424,157.0,2.0,1434972.23965,0,,0,,0,,0,,0,,0,,Gaziantep,2,0.0392000004649162,0,,0,,0,,0,,0,,0,,0,,0,,0,,0,,8241,0,,0,,0,,0,,0,,0,,0,,SWAsia,SW Asia
5182.0,IDN,Indonesia,252981.035738,1.0,710.0,2043805.03823,12082;12090;12103,368.0,3.0,1790824.00249,291,0.7604811004142171,291,0.6941580748844802,291,0.7742268051888115,291,0.7154639166655,291,0.784536083129673,291,0.74020618579232,Garut,924,0.0748336196964494,291,0.0707539512529406,291,0.0077439861922585,291,0.0039072164655999,291,0.0723230239016698,291,0.0818000871598515,291,0.0641212137536021,291,0.0728824187927844,291,0.0080787903117976,291,0.0040866958047023,291,0.0745268201541885,5323,291,2.835029726585572,291,0.7908399507044926,291,0.7055099483105735,291,0.8059978777241871,291,0.7358926643723065,291,0.822199729453657,291,0.7710187008598006,SEAsia,SE Asia
5222.0,JPN,Japan,256122.997032,1.0,1120.0,1153826.26576,12969;12972,335.0,2.0,897703.268726,6442,0.7577570607134685,6442,0.6041952684329202,6442,0.7785321542124312,6442,0.6693464607930703,6442,0.8065738731312471,6442,0.7271223379225503,Shizuoka,8721,0.0664489218050105,6442,0.0664283540312935,6442,0.005616947019901,6442,0.003302405194185,6442,0.0680415020538854,6442,0.0563387776039051,6442,0.0237424620263086,6442,0.0382454742347286,6442,0.0034146937831052,6442,0.0019463681216187,6442,0.0392840328125346,5888,6442,8.1503777997092,6442,0.4609189935380851,6442,0.3352131192978467,6442,0.4857316280101124,6442,0.3777653537874754,6442,0.5192791031752249,6442,0.428789735563351,EAsia,E Asia
5229.0,USA,UnitedStates,,,6233.0,2222515.74324,,,,,4152,0.6977152789071541,4152,0.5987633178123284,4152,0.7160858883801451,4152,0.6395743097682824,4152,0.7359210347888238,4152,0.6773397364684186,San Antonio,22228,0.0604188578762905,4152,0.0632999395042075,4152,0.0014718420994174,4152,0.000735921049708706,4152,0.06477178170597,4152,0.0783513063685489,4152,0.0571399111719335,4152,0.0676556061464414,4152,0.0016149160256775,4152,0.0008074580128387706,4152,0.069270523529992,8554,4152,2.809273585310766,4152,0.7573656643802358,4152,0.6331877716667009,4152,0.7810666947574959,4152,0.6809367408060003,4152,0.8074579868590057,4152,0.7286373453519366,NorthAmerica,N America
5288.0,GBR,UnitedKingdom,,,6605.0,12598186.4483,,,,,29227,0.508363061727917,29227,0.3772083889129017,29227,0.538081969797746,29227,0.4282347243829358,29227,0.5699696483664017,29227,0.4765084490608637,London,53882,0.0457632436782803,29227,0.0429097730096929,29227,0.003925353332153,29227,0.0021999866007602,29227,0.0440497122341676,29227,0.0593425450781023,29227,0.0273974545174891,29227,0.0418004285268193,29227,0.0041929396156788,29227,0.002361802788039,29227,0.0428919725357535,8454,29227,5.167811727251988,29227,0.4915946558654662,29227,0.3724461918940963,29227,0.5174319405927457,29227,0.4167447904948105,29227,0.5457718276186195,29227,0.4622068458029811,Europe,Europe
5291.0,IRN,Iran,,,1031.0,2515160.31491,,,,,12040,0.4167344692401722,12040,0.3274263329562971,12040,0.4336795478199708,12040,0.3636112043127602,12040,0.4521564453630621,12040,0.3969198838877492,Isfahan,24078,0.0362560851239654,12040,0.0362069655226532,12040,0.0371112784385368,12040,0.0198353398797187,12040,0.0371112784385368,12040,0.0412164299928906,12040,0.0119080315443838,12040,0.0225645121199622,12040,0.0231594418152383,12040,0.0125587464197398,12040,0.0231594418152383,5579,12040,5.437296901402544,12040,0.2672099974711706,12040,0.1992064692180692,12040,0.2812906710986322,12040,0.2248213452710335,12040,0.2974647519441753,12040,0.2508030951055636,SWAsia,SW Asia
5294.0,NGA,Nigeria,89497.6578148,1.0,772.0,1639736.42949,2354,305.0,1.0,1550238.77168,349,0.6885386813848271,349,0.5873925509545045,349,0.7103151866477677,349,0.6217765051519291,349,0.7366762183243702,349,0.6621776493879991,Benin City,1566,0.06816228838735,349,0.0619097415395854,349,0.0633830945918144,349,0.0633830945918144,349,0.0633830945918144,349,0.0774113036382591,349,0.0557266386916472,349,0.0664502125424212,349,0.0679947875765683,349,0.0679947875765683,349,0.0679947875765683,6631,349,4.043827098556781,349,0.7298956319134693,349,0.6350008373263487,349,0.7498254469011438,349,0.6700743062789939,349,0.7722868295359748,349,0.7070135463210607,Africa,Africa
5306.0,IDN,Indonesia,289229.336889,1.0,1130.0,2456059.97267,12136,533.0,1.0,2166830.63578,121,0.563636365508245,121,0.5479338870437678,121,0.568595043883836,121,0.5553719026983277,121,0.5735537215205263,121,0.5611570266898999,Tasikmalaya,747,0.0698631978385094,121,0.0544983468149319,121,0.0056909091351168,121,0.0028603306080576,121,0.0556454539822399,121,0.0685058624352798,121,0.0374386211797548,121,0.0521999446690575,121,0.0054881853188103,121,0.002757208725372,121,0.0533054710158016,5326,121,2.9207090543321343,121,0.5440311711435476,121,0.5238091724901652,121,0.5483594689487425,121,0.5307433837947767,121,0.5527627261216975,121,0.5386082525095663,SEAsia,SE Asia
5320.0,EGY,Egypt,274927.622967,1.0,294.0,1199687.43734,3968,108.0,1.0,924759.814377,12821,0.2943165349680629,12821,0.1129846244691221,12821,0.3388298280549334,12821,0.1717850303559194,12821,0.38929738038503,12821,0.2490976277745187,Al-Zaqaziq‎,26786,0.0201618387914075,12821,0.0188246088580063,12821,0.0190309550530268,12821,0.0185639535404719,12821,0.0196032037002937,12821,0.0490304223536479,12821,0.0107037613225739,12821,0.0274216982995126,12821,0.0275205566786905,12821,0.0268478143362011,12821,0.0284061360531763,2846,12821,3.881230434491066,12821,0.3870334172190333,12821,0.1962807506513035,12821,0.4358220570718242,12821,0.2591426178918034,12821,0.4922188778782056,12821,0.338230381957673,Africa,Africa
5324.0,IND,India,,,408.0,1553529.95837,,,,,890,0.432400804252299,890,0.3547103242623078,890,0.447212877271129,890,0.3847558510068586,890,0.4683831099123262,890,0.4128434094557501,Jodhpur,1663,0.0373124723006781,890,0.0382492926767442,890,0.0045091943798757,890,0.0023101601834558,890,0.0391860587040802,890,0.0550275929182764,890,0.0194381615058198,890,0.0351216262008688,890,0.0043317484064444,890,0.0022350323760465,890,0.0360303760177679,3549,890,2.6940726614406434,890,0.4088727491788486,890,0.3167023849230442,890,0.4298136655772163,890,0.3503753748324605,890,0.4543748236173198,890,0.3860844613585664,SAsia,S Asia
5327.0,MEX,Mexico,,,2350.0,3431638.47955,,,,,1995,0.650681237753596,1995,0.5605113450937246,1995,0.6643168643972588,1995,0.6034755787503844,1995,0.6791394182789171,1995,0.6339812281497464,Puebla,7561,0.0560349002720575,1995,0.0593875170269539,1995,0.0249627540664703,1995,0.0107718533007807,1995,0.06074579607329,1995,0.0632944697863095,1995,0.0333911392881917,1995,0.0471760481872088,1995,0.0198857760048502,1995,0.0087279831876712,1995,0.0483059330553601,6183,1995,5.636643238732519,1995,0.5315192020607948,1995,0.4323609840582745,1995,0.546959998687484,1995,0.4775427602583256,1995,0.5649422024052586,1995,0.5121833077854219,NorthAmerica,N America
5332.0,USA,UnitedStates,,,6917.0,2928613.32217,,,,,5201,0.5173536283628984,5201,0.461238551813416,5201,0.5277851857635346,5201,0.4833863459999454,5201,0.5406610377649673,5201,0.5037513183740145,Denver,20406,0.0500721810067216,5201,0.0477437284751275,5201,0.0010813220948914,5201,0.0005406610474457113,5201,0.0488250503243134,5201,0.0513163049910519,5201,0.0190633696831105,5201,0.0326566891476662,5201,0.0007670976497978591,5201,0.0003835488248989296,5201,0.0334237870083733,8560,5201,6.023546365342756,5201,0.3599148530289858,5201,0.3105528327279307,5201,0.3704785833878109,5201,0.3294677632911252,5201,0.3835488190764314,5201,0.3478779516829127,NorthAmerica,N America
5335.0,CHN,China,249745.415587,1.0,856.0,2130821.85576,10265,260.0,1.0,1881076.44018,7073,0.3107023888206856,7073,0.2591796639507834,7073,0.3199914769102807,7073,0.27963615334428,7073,0.3321984564013485,7073,0.2992755932628733,Hohhot,11391,0.0282702300826565,7073,0.0277589809722673,7073,0.014952982518019,7073,0.006269306340538,7073,0.0284233779707638,7073,0.0306900006538253,7073,0.0039149149643363,7073,0.0125663878288045,7073,0.0068793174541625,7073,0.0029328926231026,7073,0.0128841490920286,1024,7073,8.109561415546485,7073,0.1447068394249796,7073,0.1144110092221478,7073,0.1512363690256939,7073,0.125782256655276,7073,0.158880627303508,7073,0.137312731688047,EAsia,E Asia
5349.0,USA,UnitedStates,,,6117.0,1894805.9199,,,,,6177,0.7908679199113663,6177,0.6650126635995525,6177,0.8096212589562679,6177,0.7231267557583866,6177,0.8293660549371468,6177,0.7680789699810817,Austin,32300,0.0727771725321686,6177,0.0713260091874119,6177,0.0016587321518674,6177,0.0008293660759337021,6177,0.0729847416776546,6177,0.0835522614598469,6177,0.0668896624656138,6177,0.075358487702586,6177,0.0017847082599749,6177,0.0008923541299874825,6177,0.0771431976413621,8561,6177,3.0841954485887144,6177,0.8481618013922098,6177,0.6931846546144934,6177,0.8706011429476889,6177,0.7618600116954892,6177,0.8923540953252205,6177,0.8186161379255075,NorthAmerica,N America
5407.0,IDN,Indonesia,544677.165595,1.0,1225.0,2725179.94251,12159;12165;12179;12189,496.0,4.0,2180502.77691,1625,0.4357980576940331,1625,0.4041552897836136,1625,0.4415980902464752,1625,0.416277517344634,1625,0.4476786470014553,1625,0.4272928106205454,Cirebon,10175,0.0400158569466019,1625,0.0410072348805023,1625,0.0044227628259083,1625,0.0022292724266388,1625,0.0419025913657098,1625,0.0601008326648422,1625,0.0189982588875715,1625,0.038948587355313,1625,0.0042811874613118,1625,0.0021656402240908,1625,0.0398201455447707,5329,1625,2.699999662351613,1625,0.4192772047248057,1625,0.3797218199320971,1625,0.4269416809567412,1625,0.3940998320863223,1625,0.4357793374507178,1625,0.4092766967715887,SEAsia,SE Asia
5413.0,RUS,Russia,,,931.0,1247326.00165,,,,,19348,0.9982713465035372,19348,0.8682282464174872,19348,0.9983131266516068,19348,0.9673815222003538,19348,0.9983549067992872,19348,0.9965270045542964,Samara,77414,0.0962019164762639,19348,0.0933093255677185,19348,0.0494157933533521,19348,0.0199571643722217,19348,0.0953060375609142,19348,0.0940687914788867,19348,0.0891121050292251,19348,0.0917454842216602,19348,0.0486461383194784,19348,0.0197619263993169,19348,0.0937371321594669,7493,19348,4.074207229441336,19348,0.9880626182505344,19348,0.8569893648304869,19348,0.9928149639753412,19348,0.9466503712999276,19348,0.995822538267748,19348,0.9789636871453896,Europe,C Asia
5465.0,BRA,Brazil,157929.979159,1.0,867.0,1973463.71856,1210;1211;1219;1221,307.0,4.0,1815533.7394,313,0.6564233922697288,313,0.6487334046953226,313,0.6599479699119772,313,0.6512967339027066,313,0.6621908828789149,313,0.6535396469651358,Ceilândia,3945,0.0607322466793754,313,0.0638972512008627,313,0.0327208799872655,313,0.0131483334152973,313,0.0652216340856687,313,0.054535576064503,313,0.0112759774708902,313,0.0315636285362398,313,0.0161497874268875,313,0.0064792193750556,313,0.0322137470938494,516,313,2.964177343531526,313,0.3238232466483497,313,0.3205037657868013,313,0.3248966885107121,313,0.3220546327714456,313,0.3250595757512227,313,0.3226499307950659,SouthAmerica,S America
5483.0,COD,DemocraticRepublicoftheCongo,7734.83891296,1.0,80.0,1512870.2892,4099,56.0,1.0,1505135.45029,0,,0,,0,,0,,0,,0,,Beni,0,,0,,0,,0,,0,,0,,0,,0,,0,,0,,0,,2735,0,,0,,0,,0,,0,,0,,0,,Africa,Africa
5511.0,USA,UnitedStates,,,15114.0,6442256.18353,,,,,72068,0.5438885049069767,72068,0.4320149445822951,72068,0.5633968943882993,72068,0.4786241621212297,72068,0.5851818702128885,72068,0.5204960826956105,Houston,338037,0.0555754118221781,72068,0.0475657861327629,72068,0.001513660677337,72068,0.0009325988486880954,72068,0.0487361495451606,72068,0.0584946112481531,72068,0.0271990130249856,72068,0.0412718186557335,72068,0.00143299847867,72068,0.0008931203927122957,72068,0.0423599485912013,8570,72068,4.291720758307114,72068,0.4905663463083585,72068,0.3610207297882783,72068,0.5158130429970809,72068,0.4115646271724051,72068,0.5440648434944068,72068,0.4612559237041353,NorthAmerica,N America
5543.0,USA,UnitedStates,,,19826.0,7077557.75216,,,,,21127,0.6281408210535376,21127,0.5217632614935336,21127,0.6466899476373009,21127,0.5649159376916956,21127,0.6677552413463311,21127,0.6041070990529456,Dallas,173852,0.0495861579974537,21127,0.0560223098508612,21127,0.0013355105051377,21127,0.0006677552525688622,21127,0.0573578200441222,21127,0.065341460405743,21127,0.0356134377536386,21127,0.0494650472097399,21127,0.0012297450435606,21127,0.0006148725217803475,21127,0.0506947927701754,8572,21127,4.304277273994519,21127,0.5659223293443895,21127,0.4531235217029635,21127,0.5892639666397286,21127,0.4959623153858845,21127,0.614872506491262,21127,0.5387342438587722,NorthAmerica,N America
5554.0,MEX,Mexico,,,1849.0,4521204.92886,,,,,2260,0.6036390100288815,2260,0.5066232362245937,2260,0.6236631170519698,2260,0.5451010071463289,2260,0.6440361538401478,2260,0.5825795781987155,Monterrey,4198,0.0531087986273267,2260,0.0541092120816531,2260,0.0553972842360815,2260,0.029104178046413,2260,0.0553972842360815,2260,0.0593628148802469,2260,0.0308365596674153,2260,0.0433413129750386,2260,0.0444132815751627,2260,0.0235990253225423,2260,0.0444132815751627,6194,2260,5.0542852948515,2260,0.4944173542143654,2260,0.398052557782908,2260,0.5140581235585113,2260,0.434517688998236,2260,0.535984030878461,2260,0.4720476545628245,NorthAmerica,N America
5567.0,IDN,Indonesia,529057.628598,1.0,1565.0,3454395.57199,12227;12235;12253;12309;12321;12327,863.0,6.0,2925337.94339,5330,0.3833781160525054,5330,0.3307215404631488,5330,0.3954688806168211,5330,0.3516250454924969,5330,0.4058432289848482,5330,0.369998616375329,Tegal,24142,0.0344629074823906,5330,0.0347989887877245,5330,0.0049007278216744,5330,0.0030051730558736,5330,0.0356106751710232,5330,0.049517896557562,5330,0.0129141173424226,5330,0.0285878393906435,5330,0.0042457666301856,5330,0.0026664930212544,5330,0.0292806360909955,5334,5330,3.0023661452464605,5330,0.319431204391897,5330,0.2677306082200507,5330,0.3317514804114878,5330,0.2880244594479995,5330,0.3463983843451236,5330,0.3065629172303966,SEAsia,SE Asia
5572.0,PAK,Pakistan,,,401.0,1712393.76876,,,,,95,0.429227476551583,95,0.3681021133246075,95,0.443168349356967,95,0.3903528391861215,95,0.4616678659922641,95,0.4109971050237746,Abbottabad,340,0.0362844762818617,95,0.0387209896859102,95,0.0396443250422187,95,0.0396443250422187,95,0.0396443250422187,95,0.0508060355578828,95,0.0136174122188282,95,0.0295516614142003,95,0.0302821028674254,95,0.0302821028674254,95,0.0302821028674254,7085,95,3.686302240925885,95,0.3343560436608999,95,0.2752800883764529,95,0.3482409682784561,95,0.2960256749759463,95,0.3652206796484903,95,0.3190083563740753,SAsia,S Asia
5593.0,BRA,Brazil,253831.257072,1.0,1373.0,2907003.90809,1216;1217;1218;1226,537.0,4.0,2653172.65102,7187,0.951590316993808,7187,0.7646588079706521,7187,0.9708664465132888,7187,0.8745426187630834,7187,0.9848539802744186,7187,0.9342048933576932,Porto Alegre,18585,0.0895583610992293,7187,0.0852799466093062,7187,0.0478207098593341,7187,0.0216710171499541,7187,0.0872496546163677,7187,0.0692913769305967,7187,0.0427380096665921,7187,0.0552098062932413,7187,0.0334722130089977,7187,0.016254111868404,7187,0.0568073665124267,521,7187,4.934887795436929,7187,0.705584181225655,7187,0.433390437047392,7187,0.7508201403696954,7187,0.5447943873327519,7187,0.7987798295268973,7187,0.654496929257718,SouthAmerica,S America
5617.0,IND,India,,,369.0,1193165.84703,,,,,147,0.4974916512347805,147,0.3640133767239257,147,0.5253172882587058,147,0.4065005369210068,147,0.5646900608647657,147,0.4604152607283462,Jalandhar,604,0.0489104769569475,147,0.0412481531354931,147,0.0053214134533561,147,0.0027643911009433,147,0.0423775325618949,147,0.0594362456699882,147,0.0188271521529852,147,0.0384989053673144,147,0.0054314436544714,147,0.0028631045238304,147,0.0396757859618332,3566,147,2.582413960589104,147,0.4916265112919066,147,0.3170350789465977,147,0.5357091485304746,147,0.3747925454391815,147,0.5884402307451952,147,0.4434315482789814,SAsia,S Asia
5621.0,PAK,Pakistan,,,1152.0,4137957.27677,,,,,711,0.7197815719196626,711,0.6063004876954925,711,0.7397746138502285,711,0.6506159145581645,711,0.7583596958441351,711,0.6951775960974095,Rawalpindi [Islamabad],2470,0.0573959813063872,711,0.0645807001345208,711,0.0660974195347694,711,0.0660974195347694,711,0.0660974195347694,711,0.0664891988968071,711,0.0368126931050943,711,0.0509305876604253,711,0.0522039890870842,711,0.0522039890870842,711,0.0522039890870842,7088,711,5.641646301587807,711,0.5850416465509639,711,0.4640333334009193,711,0.6095440358002162,711,0.510287567380774,711,0.6367004790499662,711,0.5568606384389949,SAsia,S Asia
5645.0,EGY,Egypt,337003.868568,1.0,676.0,1674900.69329,3992;3995;4004;4018;4026;4030;4034,339.0,7.0,1337896.82472,19843,0.314457202831,19843,0.1244853569025338,19843,0.3580433855537125,19843,0.1950881154536506,19843,0.4113546575869644,19843,0.2716071313988491,An Nazlah,48832,0.022284221333275,19843,0.0207554357409438,19843,0.0215781451244742,19843,0.0215781451244742,19843,0.0215781451244742,19843,0.0527297778121956,19843,0.0146133090235836,19843,0.031596995639356,19843,0.0327126927502996,19843,0.0327126927502996,19843,0.0327126927502996,2849,19843,3.185795288504203,19843,0.4361406421090941,19843,0.2250111099896757,19843,0.4894122763494252,19843,0.3049034127954602,19843,0.5578485415796728,19843,0.3855052329939177,Africa,Africa
5666.0,IRN,Iran,,,578.0,1493433.00901,,,,,2297,0.4985917732419881,2297,0.4136611340059666,2297,0.5140097332798599,2297,0.4509877311775651,2297,0.5317360321240174,2297,0.4815623312842165,Shiraz,5261,0.0413112337214744,2297,0.0446053655255995,2297,0.0456688375101088,2297,0.024052615778539,2297,0.0456688375101088,2297,0.0389835192066622,2297,0.0097108879493852,2297,0.0202628746373729,2297,0.020767051055336,2297,0.0110621898681584,2297,0.020767051055336,5599,2297,8.603504353405626,2297,0.2316035859560719,2297,0.1840714309716671,2297,0.2410003752714151,2297,0.2041230164641879,2297,0.2520881572958109,2297,0.2208503822419598,SWAsia,SW Asia
5680.0,IDN,Indonesia,675873.130824,1.0,1735.0,3050149.12383,12266;12269;12271;12282;12287;12314;12323;12335,753.0,8.0,2374275.99301,2623,0.6741479782944964,2623,0.574396387744771,2623,0.6910547572392559,2623,0.6202079606781671,2623,0.7094670210627568,2623,0.6525978340681274,Purwokerto,10900,0.0631667426445399,2623,0.0611047138842971,2623,0.0073092600833037,2623,0.0039194512841165,2623,0.0625236480574455,2623,0.0740670024905237,2623,0.0495418172111065,2623,0.061483436626425,2623,0.0075229216093574,2623,0.0040440642883101,2623,0.0629485071621594,5337,2623,2.986035091243307,2623,0.6901814121125339,2623,0.5689236072748999,2623,0.7113777125379988,2623,0.6217910215827079,2623,0.7325347381988471,2623,0.6634016367028749,SEAsia,SE Asia
5705.0,USA,UnitedStates,,,4831.0,1177498.37541,,,,,6684,0.5873083885025615,6684,0.4735037793245707,6684,0.6075432610518826,6684,0.5225743000772909,6684,0.6286676818108011,6684,0.5638461347054514,Oklahoma City,54035,0.05598097097865,6684,0.0517954768482322,6684,0.0012573353808477,6684,0.0006286676904238746,6684,0.0530528117980036,6684,0.0671216742477706,6684,0.0350174428414185,6684,0.0506508189487453,6684,0.0013205613054356,6684,0.0006602806527178007,6684,0.0519713806288184,8576,6684,3.18551423489245,6684,0.5966655274324596,6684,0.4499268296707437,6684,0.6266677727557428,6684,0.5049295137007791,6684,0.6602806389475765,6684,0.5616692247902649,NorthAmerica,N America
5717.0,PAK,Pakistan,,,1120.0,2925388.02468,,,,,47141,0.6288504366315564,47141,0.4476396569110349,47141,0.6619003958508344,47141,0.5183487773358691,47141,0.6974942859671427,47141,0.5867887627938935,Multan,84556,0.0546921533752436,47141,0.0520709393715344,47141,0.0534659274118276,47141,0.0534659274118276,47141,0.0534659274118276,47141,0.0635363518924875,47141,0.0289456081518334,47141,0.045651797488087,47141,0.0470222685241729,47141,0.0470222685241729,47141,0.0470222685241729,7094,47141,3.712563728154645,47141,0.5886805712099324,47141,0.3644225238939489,47141,0.634790712013075,47141,0.446712356563889,47141,0.6852354641393102,47141,0.5345309928489941,SAsia,S Asia
5723.0,CHN,China,1959949.88202,1.0,4034.0,11749963.1495,10297;10300;10318;10343,1424.0,4.0,9790013.2675,14184,0.4403007303627916,14184,0.3236251367161863,14184,0.4625008631439873,14184,0.3713818929862105,14184,0.4886310775635975,14184,0.4149305298988651,Chengdu,26748,0.0402546774922954,14184,0.037129720328357,14184,0.0207318065091785,14184,0.008937120281132,14184,0.0381069824373751,14184,0.047162373331657,14184,0.0162944237589589,14184,0.0286174887434809,14184,0.0163627535493938,14184,0.0072248609691941,14184,0.0294294835827276,1046,14184,4.833038067121548,14184,0.354273427106058,14184,0.2401672166326447,14184,0.378341349294339,14184,0.2825019836891664,14184,0.4059973296581505,14184,0.3266908498305807,EAsia,E Asia
5781.0,EGY,Egypt,416814.797812,1.0,924.0,2694393.60084,3935;3949;3966;3984;4008;4012;4025;4027;4041,424.0,9.0,2277578.80302,36903,0.6748623018215253,36903,0.4505123645004468,36903,0.7227851350697012,36903,0.527162164206005,36903,0.7734296327328912,36903,0.6184270754742952,Asyut,79967,0.0594057614291702,36903,0.0538305893075805,36903,0.0326400474151945,36903,0.0149418226308394,36903,0.0553774486976615,36903,0.07897894349732,36903,0.0566115640432303,36903,0.0681634945499773,36903,0.0404374847831714,36903,0.0180178230964713,36903,0.0699328130292394,2850,36903,3.502697316047114,36903,0.8179916399165523,36903,0.5921676030574624,36903,0.8529255229812048,36903,0.6770540793036519,36903,0.8846588849775663,36903,0.7701757002754154,Africa,Africa
5810.0,IDN,Indonesia,266823.214941,1.0,668.0,1530751.90124,12334,339.0,1.0,1263928.6863,1667,0.3889189933566212,1667,0.3655817877945919,1667,0.3870268519109509,1667,0.3764690398941104,1667,0.389940402570151,1667,0.3847579005902152,Pekalongan,7162,0.0368228279448148,1667,0.0369433746922498,1667,0.006859695610093,1667,0.0050769312102862,1667,0.0377232549067935,1667,0.0524820473483094,1667,0.0118132072244107,1667,0.0304123864680057,1667,0.0061065927657673,1667,0.0046637514422584,1667,0.0310464026755448,5341,1667,3.266153029044061,1667,0.320413677330991,1667,0.3004023203216543,1667,0.3166135233549059,1667,0.3099354027050857,1667,0.3170082689995307,1667,0.3179921647982737,SEAsia,SE Asia
5821.0,ETH,Ethiopia,138019.588378,1.0,810.0,3968807.40781,5134,392.0,1.0,3830787.81944,172,0.6076967153244652,172,0.5446134482543775,172,0.6234681056018152,172,0.5694376383147867,172,0.644787541822379,172,0.5928026585461975,Addis Ababa,709,0.0475825329907999,172,0.0562676734559288,172,0.0575572490027594,172,0.0575572490027594,172,0.0575572490027594,172,0.0775090723672576,172,0.0573969015958048,172,0.0670913357110255,172,0.0686187059359648,172,0.0686187059359648,172,0.0686187059359648,3030,172,3.180516836119195,172,0.7274415401476257,172,0.6488321541613449,172,0.7443553424966307,172,0.6781893978477576,172,0.7636844108842271,172,0.7082098693123198,Africa,Africa
5864.0,RUS,Russia,,,959.0,1090326.56062,,,,,8366,0.7368319789734632,8366,0.4955261499280134,8366,0.7771643125370411,8366,0.59736860304411,8366,0.8247261591815364,8366,0.6882534232953865,Ufa,54343,0.0690913489608188,8366,0.059919952430329,8366,0.0342470361355754,8366,0.0149627056837933,8366,0.0615694048000485,8366,0.0787825345272251,8366,0.0566590045951729,8366,0.0679387688883446,8366,0.0383393981647223,8366,0.0164787989864612,8366,0.0696995012625171,7519,8366,3.948587984910364,8366,0.8179394056574147,8366,0.5715240121772871,8366,0.8476269685045515,8366,0.6828801073346061,8366,0.8803657342332124,8366,0.7744931410829677,Europe,C Asia
5894.0,IDN,Indonesia,380649.606472,1.0,682.0,1017174.15246,12365;12379,263.0,2.0,636524.545992,4,0.4000000059604645,4,0.4000000059604645,4,0.4000000059604645,4,0.4000000059604645,4,0.4000000059604645,4,0.4000000059604645,Temanggung,93,0.0392000004649162,4,0.0392000004649162,4,0.0040000001899898,4,0.0020000000949949,4,0.0399999991059303,4,0.0619806423783302,4,0.0156800001859664,4,0.0392000004649162,4,0.0040000001899898,4,0.0020000000949949,4,0.0399999991059303,5345,4,2.5,4,0.4000000059604645,4,0.4000000059604645,4,0.4000000059604645,4,0.4000000059604645,4,0.4000000059604645,4,0.4000000059604645,SEAsia,SE Asia
5906.0,IDN,Indonesia,851210.805461,1.0,2082.0,4086893.98249,12371;12384;12438,796.0,3.0,3235683.17703,5833,0.3558357229242157,5833,0.3146752237359369,5833,0.3625158620433552,5833,0.3317511812243261,5833,0.3709236960184288,5833,0.3462176366543028,Semarang,27494,0.0349059055687697,5833,0.0327364973795063,5833,0.0061660014868407,5833,0.0045109151194634,5833,0.0334783445472881,5833,0.0476013369073485,5833,0.0092829423826013,5833,0.025538192839732,5833,0.0051042604489348,5833,0.0038042382033546,5833,0.0261335441963297,5346,5833,3.060978935149843,5833,0.2802391070783882,5833,0.2434039457021162,5833,0.2884511331669672,5833,0.257859771718816,5833,0.2976757569329433,5833,0.2718295948222483,SEAsia,SE Asia
5918.0,IDN,Indonesia,1779563.34369,1.0,4298.0,7463686.59925,12394;12415;12435;12445;12452,1745.0,5.0,5684123.25556,7489,0.6562205645400919,7489,0.5270809472205631,7489,0.6751091865939225,7489,0.578982907277997,7489,0.6933880153591517,7489,0.6267357937543027,Yogyakarta,19645,0.0569531699373912,7489,0.0575332286272243,7489,0.0086583864180766,7489,0.0054455161376788,7489,0.0589200046377197,7489,0.0645505777081192,7489,0.0348262402361141,7489,0.0485340696964826,7489,0.0079722195049297,7489,0.0052250881494803,7489,0.0497548760461565,5347,7489,4.255281982306539,7489,0.563553997658323,7489,0.4360137448077659,7489,0.5861403105726017,7489,0.486321930212258,7489,0.6104029033733405,7489,0.5347014330923453,SEAsia,SE Asia
5926.0,BRA,Brazil,395037.509146,1.0,1593.0,3033042.20493,1242;1243;1251,586.0,3.0,2638004.69579,915,0.8398602050446793,915,0.7791880507944435,915,0.8475064628798114,915,0.8180550945251047,915,0.8510748932887386,915,0.8322978901003099,Curitiba,6489,0.0772004161502321,915,0.0798134518553374,915,0.0815156029551589,915,0.0415845240009815,915,0.0815156029551589,915,0.0712324682348934,915,0.0413976029654849,915,0.0561465703757938,915,0.0574417396892937,915,0.0299181560057264,915,0.0574417396892937,540,915,3.290817837737987,915,0.6152622939851607,915,0.5305161706903745,915,0.631262554393818,915,0.5704271731900479,915,0.6475843193397205,915,0.5977842934790021,SouthAmerica,S America
5930.0,IDN,Indonesia,383489.613632,1.0,632.0,1046216.25297,12395,205.0,1.0,662726.639343,199,0.723332524972588,199,0.6680769055989478,199,0.7375317747038296,199,0.6899386662634358,199,0.7548521148918813,199,0.7086732825369181,Magelang,795,0.0717137936937387,199,0.0679803334931842,199,0.0074004407345315,199,0.0037482800172887,199,0.0694900386312062,199,0.0778525834264652,199,0.058747807398795,199,0.0678103012868049,199,0.0074112366269509,199,0.0037514396824599,199,0.0693205281898862,5348,199,3.0872011504565595,199,0.724888167609079,199,0.6658956108151679,199,0.7390306346316569,199,0.6863318279341074,199,0.7551125089728838,199,0.709209323495549,SEAsia,SE Asia
5961.0,USA,UnitedStates,,,7540.0,1966035.11504,,,,,13428,0.7992164477989526,13428,0.5986877848333052,13428,0.8266542923273046,13428,0.6912453178010529,13428,0.8565489728181622,13428,0.7622307277521103,Kansas City,83481,0.0710560969127701,13428,0.068447185816131,13428,0.0062457965555259,13428,0.003184572095882,13428,0.0701602835201179,13428,0.0732430634176097,13428,0.0478193076841723,13428,0.060196612947292,13428,0.005824594930259,13428,0.0029728767397304,13428,0.0617738844256961,8594,13428,5.038125517955292,13428,0.7278388020357337,13428,0.5031851296618401,13428,0.7578859480271338,13428,0.604628216760832,13428,0.7886353619794356,13428,0.6879284339491618,NorthAmerica,N America
5963.0,CHN,China,336528.354173,1.0,649.0,1129793.16307,10319;10321,137.0,2.0,793264.808899,2937,0.7724748263440031,2937,0.6164211207649705,2937,0.7943573653261131,2937,0.6859804744538833,2937,0.8169063126099101,2937,0.7433033356900773,Mianyang,5792,0.0713552977526156,2937,0.0679121635437055,2937,0.0369859364812426,2937,0.0155466793122027,2937,0.0695459763390793,2937,0.0677718035451301,2937,0.04228576533558,2937,0.054082029514324,2937,0.0299899477805448,2937,0.0128301576876419,2937,0.0554586110147173,1063,2937,6.542180920058232,2937,0.6353507228950211,2937,0.4767963310805449,2937,0.6614580807979388,2937,0.5419501932059926,2937,0.6882903205021051,2937,0.6020357914790981,EAsia,E Asia
5991.0,IND,India,,,1133.0,7293273.58904,,,,,18219,0.4554372789098197,18219,0.3541444564692833,18219,0.474306483980437,18219,0.3954503456658919,18219,0.4960008839739739,18219,0.4333469000525747,Ahmedabad,39522,0.0424726633501804,18219,0.0393955701099776,18219,0.0047718221748546,18219,0.002447462785644,18219,0.0403875718659607,18219,0.0470909609534352,18219,0.0133088210847748,18219,0.0271204288692798,18219,0.0035103942903651,18219,0.001821791461098,18219,0.0278634866225179,3594,18219,4.733445769381156,18219,0.327814027752676,18219,0.233230750145796,18219,0.3476271061014256,18219,0.2692588223493398,18219,0.3715288024631485,18219,0.30564502318359,SAsia,S Asia
6012.0,EGY,Egypt,353667.343403,1.0,726.0,2382149.76174,4075;4088;4104;4109;4112,393.0,5.0,2028482.41834,28866,0.6569159176034179,28866,0.3901887584968513,28866,0.7118624995911157,28866,0.4903726517065953,28866,0.7727805543215703,28866,0.5924922302589369,Sohag,62202,0.0559409922450886,28866,0.0501529596997514,28866,0.0296844855310017,28866,0.0134415124068853,28866,0.051698520935425,28866,0.0768526926555703,28866,0.0522237046735791,28866,0.0649133769138346,28866,0.0374351553537091,28866,0.0164469999100859,28866,0.066699416593294,2862,28866,3.4020934851803317,28866,0.8152638248027698,28866,0.5271558134155747,28866,0.8569935804568893,28866,0.6434146342906509,28866,0.8930195829077778,28866,0.7557957061739258,Africa,Africa
6013.0,EGY,Egypt,447821.636176,1.0,953.0,2371731.01877,4133;4156;4157;4159;4176;4190;4199,482.0,7.0,1923909.38259,38589,0.6701568533737452,38589,0.3917688033737445,38589,0.7204131359546603,38589,0.506202337052343,38589,0.7758761884210725,38589,0.6093609597347034,Girga,84409,0.0563537065842239,38589,0.0513011758940399,38589,0.0367598850187454,38589,0.0249698496822665,38589,0.0528529282111204,38589,0.0782337103305156,38589,0.0545378709473833,38589,0.0668559417826121,38589,0.0468629191780896,38589,0.0313907459665977,38589,0.0686600777959079,2863,38589,3.3400258665530083,38589,0.8332122905936026,38589,0.5377901596662045,38589,0.8705559127750919,38589,0.6688630361545623,38589,0.9020677888296452,38589,0.7786124542824222,Africa,Africa
6015.0,IDN,Indonesia,604018.519068,1.0,1420.0,2363946.10273,12444;12491,493.0,2.0,1759927.58367,4351,0.4127044715232897,4351,0.3499363866429331,4351,0.4293354190106611,4351,0.379294387648684,4351,0.4401826596274123,4351,0.403864555637676,Pati,21882,0.0388108763912447,4351,0.0374703755322082,4351,0.0071191846691562,4351,0.0051971899053779,4351,0.0383507404366182,4351,0.055023747479497,4351,0.0152844602682642,4351,0.0336409983841647,4351,0.0067793935701642,4351,0.0050265461643159,4351,0.034463088012391,5352,4351,2.7239254787145644,4351,0.381956271538136,4351,0.3080874196578589,4351,0.3957654672940641,4351,0.3386034869799063,4351,0.4110449408242286,4351,0.3665186073499332,SEAsia,SE Asia
6030.0,IRN,Iran,,,830.0,3181980.71482,,,,,569,0.5876830963163172,569,0.4685039896975279,569,0.6052574656062383,569,0.5221503536686105,569,0.628292896801644,569,0.5619040567416497,Mashhad,2843,0.0499356418623511,569,0.0516077872225964,569,0.0528643730753269,569,0.0280980144996824,569,0.0528643730753269,569,0.0609772660700497,569,0.0337993597792754,569,0.0454751898485691,569,0.0466349489426895,569,0.0250629509761789,569,0.0466349489426895,5626,569,3.592973405121745,569,0.5297419509306933,569,0.4079389750985588,569,0.5533460232749391,569,0.454940935719678,569,0.5798791730256833,569,0.5011405494354465,SWAsia,SW Asia
6047.0,USA,UnitedStates,,,4050.0,1215391.27717,,,,,11170,0.7219183628105479,11170,0.5502686748259283,11170,0.7468839342066144,11170,0.6309219331159471,11170,0.7737894421836834,11170,0.6911286115112438,Memphis,92530,0.0689975571004774,11170,0.0623787740558707,11170,0.0015475789067462,11170,0.0007737894533731175,11170,0.0639263527590999,11170,0.0709502444544682,11170,0.0429320209258776,11170,0.0566682403494981,11170,0.0015220722592928,11170,0.0007610361296464228,11170,0.058190313097487,8601,11170,4.353167624569166,11170,0.692977026446016,11170,0.4687077870255092,11170,0.7266076442760468,11170,0.5680743528328065,11170,0.7610361078685746,11170,0.6491129731514822,NorthAmerica,N America
6065.0,IND,India,,,627.0,2130483.69702,,,,,5554,0.3576338321390494,5554,0.2923188679299385,5554,0.3706506607868727,5554,0.3176160129687147,5554,0.3872465582841557,5554,0.3438554510923812,Ludhiana,12811,0.0327559169895202,5554,0.0316354473987186,5554,0.0037320501338249,5554,0.0019113389205491,5554,0.0324099405918853,5554,0.039563714511746,5554,0.0064403578052272,5554,0.0188641832980109,5554,0.0023780229484148,5554,0.0012334250420238,5554,0.0193671219864657,3599,5554,4.827041540128238,5554,0.222317559819544,5554,0.1684626232848714,5554,0.2355216031091525,5554,0.1874929974037095,5554,0.2514693251276699,5554,0.2083112874051035,SAsia,S Asia
6116.0,NGA,Nigeria,564430.065693,1.0,1961.0,4359636.93424,2471;2484;2495;2522;2528,962.0,5.0,3795206.86855,3147,0.7355291157204321,3147,0.4266900931705359,3147,0.784891471206833,3147,0.5609520132623065,3147,0.8265262964407506,3147,0.6755085190405047,Onitsha,18197,0.0673147613926822,3147,0.0565113267803032,3147,0.0581643794085002,3147,0.0581643794085002,3147,0.0581643794085002,3147,0.0826524406924176,3147,0.0629225442091171,3147,0.0733952939394388,3147,0.075270228462931,3147,0.075270228462931,3147,0.075270228462931,6683,3147,3.018839714654056,3147,0.9012104571267971,3147,0.581046512108917,3147,0.9223221899290228,3147,0.7447695341801283,3147,0.9374669009258404,3147,0.8611891328018322,Africa,Africa
6124.0,IDN,Indonesia,758324.441751,1.0,1155.0,1678612.45238,12499;12507,339.0,2.0,920288.010628,3888,0.4455150219715555,3888,0.3679391817223699,3888,0.4613816503046812,3888,0.3988618365985462,3888,0.4777462213789558,3888,0.4273097863186043,Madiun,9709,0.0445117348181074,3888,0.039602657361359,3888,0.0046314258858004,3888,0.0023641842237031,3888,0.0405581496298042,3888,0.0507392178696383,3888,0.0167608351784264,3888,0.0311903252788019,3888,0.0038360725773668,3888,0.0019786992260418,3888,0.0319947829944281,5358,3888,3.685338587454417,3888,0.3623503294460443,3888,0.2819911502580129,3888,0.3805990125153631,3888,0.3112968160104488,3888,0.4022287760628675,3888,0.3422653653083665,SEAsia,SE Asia
6139.0,MEX,Mexico,,,858.0,1088364.6053,,,,,1391,0.4446551027792514,1391,0.3321105162715329,1391,0.4684407925385839,1391,0.3800736837287037,1391,0.4956121673746601,1391,0.4193958621954621,Mérida,7742,0.0407749042758369,1391,0.0378457224842732,1391,0.0388369463279242,1391,0.0210323414931362,1391,0.0388369463279242,1391,0.0536152906151409,1391,0.0139073433845631,1391,0.0319705545737083,1391,0.032924904617162,1391,0.018297359718215,1391,0.032924904617162,6236,1391,2.8434974489491616,1391,0.3948610547128404,1391,0.2703888564532485,1391,0.431792722754778,1391,0.3147129402159609,1391,0.4771750303168456,1391,0.3608962112200549,NorthAmerica,N America
6152.0,NGA,Nigeria,745789.629373,1.0,1636.0,3099677.57631,2491;2498;2510;2515;2536,660.0,5.0,2353887.94694,95,0.5313353739664672,95,0.4429381570692972,95,0.5482241920340396,95,0.4780321219114561,95,0.5640574551187996,95,0.508378174610856,Amaigbo,803,0.065500987238833,95,0.047386300013631,95,0.0485144151789972,95,0.0485144151789972,95,0.0485144151789972,95,0.0745628968933499,95,0.0493129066999784,95,0.0614877659409574,95,0.0628645487848053,95,0.0628645487848053,95,0.0628645487848053,6685,95,2.895577952447085,95,0.6645482182589102,95,0.5916524056750168,95,0.6782732340442057,95,0.6248334891072063,95,0.6883908834026807,95,0.6486663080949895,Africa,Africa
6153.0,PAK,Pakistan,,,1644.0,4979823.29122,,,,,5415,0.2985538622626912,5415,0.2361850883856665,5415,0.309735499383929,5415,0.2635639050514327,5415,0.3246640941829364,5415,0.286401505689524,Faisalabad,31286,0.028160681957372,5415,0.0261403054590128,5415,0.0267896338342266,5415,0.0267896338342266,5415,0.0267896338342266,5415,0.0404434482255588,5415,0.0047127900851832,5415,0.0182294371623135,5415,0.0187289536710302,5415,0.0187289536710302,5415,0.0187289536710302,7127,5415,2.8755921800300306,5415,0.2196403355821256,5415,0.1570579315054447,5415,0.2327501354184184,5415,0.1814794756811719,5415,0.249758242852971,5415,0.204543472030405,SAsia,S Asia
6192.0,USA,UnitedStates,,,6517.0,2469859.58033,,,,,36789,0.8684874897373199,36789,0.6621771736727391,36789,0.8976053656699966,36789,0.760541843269347,36789,0.9245781691411132,36789,0.8325596484524298,St. Louis,142776,0.0806124016415164,36789,0.0751182409798604,36789,0.0089976637359725,36789,0.0045824316210731,36789,0.0769673967892088,36789,0.082385657026838,36789,0.0643919931643393,36789,0.0735616419178548,36789,0.0089183372817824,36789,0.0045284333705829,36789,0.0753862931475606,8610,36789,4.245802051564886,36789,0.8657642003831916,36789,0.6291732547001937,36789,0.890197391563085,36789,0.745508024704545,36789,0.9123249606764384,36789,0.8294740929566546,NorthAmerica,N America
6206.0,CHN,China,333397.371912,1.0,693.0,1182083.7041,10342,170.0,1.0,848686.332184,3293,0.5757041775244117,3293,0.4196782739725467,3293,0.6057074636812324,3293,0.4811104629371467,3293,0.6415101471792858,3293,0.5404784805112175,Baoji,8546,0.05392419750447,3293,0.0482488214868442,3293,0.0270121229609718,3293,0.0116882890381737,3293,0.0495318415694022,3293,0.052469748903398,3293,0.0209656643244675,3293,0.0343205637125688,3293,0.0195948900269934,3293,0.0086481349192371,3293,0.035291738785029,1080,3293,6.033723193532812,3293,0.424215014850167,3293,0.2892361360805194,3293,0.4528092791940583,3293,0.3386378130023666,3293,0.4855874190003664,3293,0.3911458537403716,EAsia,E Asia
6229.0,EGY,Egypt,317884.0134,1.0,736.0,2468478.11061,4225;4230;4233;4238;4242;4243;4247;4250,318.0,8.0,2150594.09721,22007,0.8330831075884386,22007,0.5048501818438209,22007,0.8769024482841008,22007,0.6574857419957744,22007,0.9177572163172972,22007,0.774454630560977,Luxor,56290,0.0713839405447464,22007,0.0655421453464513,22007,0.0673776599570119,22007,0.0673776599570119,22007,0.0673776599570119,22007,0.0831235403819915,22007,0.0657410244536897,22007,0.0746881658045878,22007,0.0765575401077177,22007,0.0765575401077177,22007,0.0765575401077177,2868,22007,3.712715898173248,22007,0.895103847222935,22007,0.6150648685401627,22007,0.9169662509105304,22007,0.7601892703021883,22007,0.9346866028694673,22007,0.8560400091244975,Africa,Africa
6237.0,USA,UnitedStates,,,4168.0,2678157.68541,,,,,12279,0.4560257158463869,12279,0.4297978144120356,12279,0.4606598321553273,12279,0.4422396359597263,12279,0.4644754592612964,12279,0.4513018543218646,Tampa,29605,0.0463471149250204,12279,0.0434201131577769,12279,0.0042231058500837,12279,0.00379468859707,12279,0.044349062985365,12279,0.054469289221628,12279,0.015526854735092,12279,0.032952859682372,12279,0.0028354272948677,12279,0.0024960606361604,12279,0.0336807012394689,8613,12279,4.269046537441665,12279,0.3521223976669417,12279,0.3215339363744953,12279,0.3575380340638127,12279,0.3349545160834222,12279,0.3639208263625444,12279,0.3449689702904968,NorthAmerica,N America
6256.0,NGA,Nigeria,58304.9266834,1.0,291.0,1381502.38821,2511;2530,151.0,2.0,1323197.46152,1585,0.7867125607386778,1585,0.2761126490064727,1585,0.8323539196633314,1585,0.5110117384070642,1585,0.8788366696230862,1585,0.7022114040372602,Port Harcourt,4502,0.0492633169763212,1585,0.0519355286841015,1585,0.0536932018924699,1585,0.0536932018924699,1585,0.0536932018924699,1585,0.0671760557180926,1585,0.0348612236638212,1585,0.0506493728057605,1585,0.0523244881844882,1585,0.0523244881844882,1585,0.0523244881844882,6691,1585,5.076460733260659,1585,0.7422680928922345,1585,0.2890445827153678,1585,0.7921249559459066,1585,0.5015447038572841,1585,0.8375578177605415,1585,0.6684811337121638,Africa,Africa
6345.0,IDN,Indonesia,1629321.72884,1.0,2768.0,4479675.3634,12535;12546;12548;12552;12559;12562;12567;12568;12576,1159.0,9.0,2850353.63457,11014,0.5160051306725577,11014,0.4213039906059501,11014,0.5341492527131713,11014,0.4594547707443692,11014,0.5556289012563085,11014,0.4951214792743228,Jombang,27599,0.0471719670937537,11014,0.0456532990955155,11014,0.0053713109559983,11014,0.0027459250062472,11014,0.0467645567128598,11014,0.0590733543549654,11014,0.025982900537221,11014,0.0408920836649909,11014,0.0050063308495803,11014,0.0025763289296091,11014,0.0419380534325687,5369,11014,3.174771558633045,11014,0.4747457634875071,11014,0.368448210086211,11014,0.4972550098043831,11014,0.4090545385738932,11014,0.5229846947073851,11014,0.4492303400389593,SEAsia,SE Asia
6350.0,USA,UnitedStates,,,3489.0,1096307.26933,,,,,10133,0.9056943082005328,10133,0.7558593410350638,10133,0.924610413716246,10133,0.8269330125854326,10133,0.9427315760066348,10133,0.8787429912748537,Nashville,31577,0.07904443705029,10133,0.0814539095934594,10133,0.0018854632200597,10133,0.000942731610029868,10133,0.0833393732154433,10133,0.0861979533348259,10133,0.0715318458110041,10133,0.0792154636871012,10133,0.001889333481745,10133,0.0009446667408725276,10133,0.0811047988297542,8624,10133,4.618615173373892,10133,0.9022035786266404,10133,0.7147431864865833,10133,0.924638750304462,10133,0.8019263555815868,10133,0.9446667023840604,10133,0.869387449753002,NorthAmerica,N America
6390.0,IDN,Indonesia,381061.216293,1.0,606.0,1084952.26945,12601,194.0,1.0,703891.053162,4409,0.5020010838022797,4409,0.3951519253143462,4409,0.522543509707452,4409,0.4398762413121199,4409,0.5447243201708032,4409,0.4795768548460046,Mojokerto,13766,0.0478535819258957,4409,0.0437376536817258,4409,0.0052517118280183,4409,0.002690350355325,4409,0.0448271020628337,4409,0.0559331487623445,4409,0.0217958068711292,4409,0.0370094489550122,4409,0.0046905220548324,4409,0.0024242922244293,4409,0.0379959581901742,5373,4409,3.418006651748884,4409,0.4412242417626503,4409,0.323206454280406,4409,0.4652676937268711,4409,0.3686893393772345,4409,0.4932544840144334,4409,0.4135789935561157,SEAsia,SE Asia
6401.0,IDN,Indonesia,1322676.72213,1.0,4278.0,10752964.4412,12592;12621;12606;12610;12612;12624;12631;12635,2034.0,8.0,9430287.71907,12569,0.4778939288028295,12569,0.3686165012992998,12569,0.5045885002295052,12569,0.4108256538740642,12569,0.5377468942951918,12569,0.4500947502607664,Surabaya,40949,0.0430941477579367,12569,0.0410595126120836,12569,0.0074781156345716,12569,0.0051792316179005,12569,0.0421350061465012,12569,0.0502449831764847,12569,0.0145492517431639,12569,0.0298620577318404,12569,0.0057037045477678,12569,0.0039393458690518,12569,0.0307257256382315,5374,12569,4.189458116390652,12569,0.3625656953653665,12569,0.26033618633584,12569,0.3917283361645416,12569,0.2945359104422465,12569,0.4318339135811411,12569,0.3319154902399908,SEAsia,SE Asia
6422.0,PAK,Pakistan,,,808.0,3182474.90245,,,,,183,0.4000000059604645,183,0.4000000059604645,183,0.4000000059604645,183,0.4000000059604645,183,0.3985653995444739,183,0.4000000059604645,Gujranwala,746,0.0391994707986706,183,0.0391978485545262,183,0.0399949779876251,183,0.0399949779876251,183,0.0399949779876251,183,0.0569597673532802,183,0.012409757431389,183,0.0338050108667587,183,0.0344917704232117,183,0.0344917704232117,183,0.0344917704232117,7146,183,3.2493531346318547,183,0.3449734793300719,183,0.3449734793300719,183,0.3449734793300719,183,0.3449734793300719,183,0.3433801097910761,183,0.3449734793300719,SAsia,S Asia
6433.0,USA,UnitedStates,,,9833.0,3273026.74564,,,,,16419,0.6211301694217323,16419,0.5476654540547894,16419,0.6329747164394535,16419,0.5799671333688521,16419,0.6456743771194249,16419,0.6077251561531565,Minneapolis [Saint Paul],106553,0.0588072705850582,16419,0.0572037113811935,16419,0.0063445846239106,16419,0.0032093224009341,16419,0.0584950595369968,16419,0.0715056742419159,16419,0.0423000208205038,16419,0.0566304848862805,16419,0.0063562149726886,16419,0.0032164966935624,16419,0.0579248988903035,8631,16419,3.268235123191632,16419,0.6217051372806172,16419,0.5365629503185404,16419,0.6341821819941279,16419,0.5736501574603431,16419,0.6472066985603538,16419,0.6050039079456977,NorthAmerica,N America
6442.0,USA,UnitedStates,,,6494.0,5808585.48127,,,,,30110,0.4161146996961166,30110,0.3767573635618522,30110,0.4211480516029334,30110,0.3915294815854318,30110,0.4276214354444661,30110,0.4068665816767531,Miami,236310,0.0382386368164472,30110,0.0386643296379956,30110,0.002132139707818,30110,0.0017171928219595,30110,0.0395195715927872,30110,0.0473500732378043,30110,0.0095345202514718,30110,0.0253042953461586,30110,0.0013204370768183,30110,0.0010342987241381,30110,0.0258910965391171,8632,30110,4.757479212084194,30110,0.2781660578078264,30110,0.2413256564698958,30110,0.2849197096972884,30110,0.2553279059404965,30110,0.2934006786586861,30110,0.2696006213596102,NorthAmerica,N America
6451.0,USA,UnitedStates,,,12348.0,5591339.31794,,,,,8324,0.6845223725430245,8324,0.6072964428572918,8324,0.699338098351537,8324,0.6412601219144386,8324,0.7155723402724465,8324,0.6699995417284627,Atlanta,39809,0.0653254905408748,8324,0.0632374350890568,8324,0.0014311447201832,8324,0.0007155723600916402,8324,0.0646685797229853,8324,0.0741398084987361,8324,0.0479158709444004,8324,0.0608703988544326,8324,0.0014200922336669,8324,0.0007100461168334604,8324,0.0622904919549572,8633,8324,3.7838329551964742,8324,0.6734487136172805,8324,0.5723164315327434,8324,0.6916550201125532,8324,0.6152793483501958,8324,0.7100460935637455,8324,0.653438014046437,NorthAmerica,N America
6458.0,PAK,Pakistan,,,3154.0,11786290.5854,,,,,37281,0.4735464325930036,37281,0.3600188067048497,37281,0.496331846781756,37281,0.4040174403680833,37281,0.5220581912935903,37281,0.4476954900259211,Lahore,139793,0.044397925294869,37281,0.0404350905753393,37281,0.0414792068094555,37281,0.0414792068094555,37281,0.0414792068094555,37281,0.0523285107073162,37281,0.0157244996391411,37281,0.0318069243482115,37281,0.0327111255608197,37281,0.0327111255608197,37281,0.0327111255608197,7149,37281,3.685608800443352,37281,0.3921749705835822,37281,0.2688615988269916,37281,0.4196111359410502,37281,0.3138638790956072,37281,0.4521005582819045,37281,0.361646080772026,SAsia,S Asia
6461.0,BRA,Brazil,463954.186516,1.0,1571.0,2509882.22362,1284;1288;1291,497.0,3.0,2045928.0371,1897,0.9234439396291028,1897,0.8550201209047622,1897,0.9309975509029552,1897,0.8905187527355393,1897,0.937953759821174,1897,0.9135495441794166,Campinas,7097,0.0893506947906559,1897,0.0873239932274351,1897,0.0455614306289845,1897,0.018500405322058,1897,0.0891999024203113,1897,0.0822029292646328,1897,0.0645798324945517,1897,0.0733872817591644,1897,0.0392564544772048,1897,0.0163276164878551,1897,0.0750845876280843,583,1897,3.2994782329014845,1897,0.812578672044724,1897,0.6920769718605531,1897,0.8313226100876602,1897,0.7410483431601425,1897,0.8486520458572352,1897,0.7875408174681935,SouthAmerica,S America
6466.0,NGA,Nigeria,257009.287891,1.0,627.0,1306034.18119,2557;2581,233.0,2.0,1049024.8933,24,0.7958333306014538,24,0.708333327434957,24,0.8041666646798452,24,0.7416666659216086,24,0.8083333323399226,24,0.7708333333333334,Oboama Nguru,474,0.0736137593630889,24,0.0731895822876443,24,0.0748062497780968,24,0.0748062497780968,24,0.0748062497780968,24,0.0879387273453176,24,0.0761769203236326,24,0.082016778178513,24,0.0837903376668691,24,0.0837903376668691,24,0.0837903376668691,6704,24,2.52912320693334,24,0.8657284528017044,24,0.8110784521947304,24,0.8754951183994611,24,0.8329451195895672,24,0.8867784490187963,24,0.8548451190193495,Africa,Africa
6476.0,PAK,Pakistan,,,1129.0,2804575.29863,,,,,15778,0.3365144062358692,15778,0.2549425487865041,15778,0.3532341289909804,15778,0.2864493515804682,15778,0.3731363357026678,15778,0.3171655204868585,Sialkot,62115,0.031635106637563,15778,0.0286713471752082,15778,0.029375621542028,15778,0.0293728929209696,15778,0.0294176199663826,15778,0.0419498195266951,15778,0.0060970012126879,15778,0.0200591282041694,15778,0.0206198110091492,15778,0.0206178303490084,15778,0.0206461837665801,7151,15778,3.197400882147045,15778,0.2494446540153205,15778,0.1688539703475536,15778,0.2695446486713457,15778,0.1971069719057393,15778,0.2935277806250561,15778,0.2282097448381105,SAsia,S Asia
6487.0,USA,UnitedStates,,,5531.0,2399058.54997,,,,,12243,0.4217661365603888,12243,0.408716867946456,12243,0.4246094339737876,12243,0.4150210754574426,12243,0.4274576761269055,12243,0.4191010749217622,Orlando,107110,0.0457264156113913,12243,0.0407036563976711,12243,0.0008549153776579022,12243,0.0004274576888289511,12243,0.0415585704846297,12243,0.0539314113256292,12243,0.0124173888105692,12243,0.0313416592829192,12243,0.0006710756825865362,12243,0.0003355378412932681,12243,0.0320127346002111,8636,12243,3.9656266983372768,12243,0.3285543352850153,12243,0.3122107284962239,12243,0.3317003398902952,12243,0.3188527563820551,12243,0.335537835794005,12243,0.3244007632012131,NorthAmerica,N America
6502.0,NGA,Nigeria,223528.504781,1.0,1027.0,2578149.67849,2541;2544;2552;2565;2573;2608;2609,530.0,7.0,2354621.17371,91,0.334957931471493,91,0.3069996430078102,91,0.3435195139997745,91,0.3204081645108709,91,0.3652031897479515,91,0.3283968854140699,Abuja,567,0.023728318737398,91,0.0314933226466835,91,0.0322237282519495,91,0.0322237282519495,91,0.0322237282519495,91,0.0600075077819359,91,0.0241176722253133,91,0.0404388127389013,91,0.0413213638205153,91,0.0413213638205153,91,0.0413213638205153,6708,91,3.699289518628887,91,0.4270254087851459,91,0.401162878807262,91,0.4333753601954352,91,0.4101666500148351,91,0.441275445107508,91,0.4202484961431053,Africa,Africa
6518.0,IDN,Indonesia,684880.498307,1.0,1290.0,2041651.87199,12650,429.0,1.0,1356771.37368,1931,0.4171260008255957,1931,0.3505617906173834,1931,0.4282387383023867,1931,0.3750620581415207,1931,0.4411983469228822,1931,0.4026787305460276,Jember,8571,0.0416566911885373,1931,0.0373232990434744,1931,0.004495110438065,1931,0.0023943761510938,1931,0.0382056957129426,1931,0.0486341031802996,1931,0.0172908997340953,1931,0.0299197930798149,1931,0.0037520666162265,1931,0.0020278124579859,1931,0.0306559241394648,5380,1931,3.555392825635692,1931,0.3413475417804179,1931,0.2743892617574103,1931,0.3539310289227457,1931,0.3002013394843151,1931,0.3680654238401087,1931,0.3262039639388233,SEAsia,SE Asia
6529.0,NGA,Nigeria,143463.333419,1.0,491.0,1745138.94857,2570,213.0,1.0,1601675.61515,734,0.6422308368873191,734,0.4695871201216501,734,0.6814473634006282,734,0.5357343622431778,734,0.7128907079152635,734,0.6031433194111949,Kaduna,1612,0.0573190982504853,734,0.0538437753750062,734,0.0552695571018503,734,0.0552695571018503,734,0.0552695571018503,734,0.071095853984614,734,0.0448927963533364,734,0.0575116430439451,734,0.0589821507394304,734,0.0589821507394304,734,0.0589821507394304,6710,734,4.179046807357199,734,0.6717579921165784,734,0.5147642986846905,734,0.7020496769866547,734,0.5753623825734389,734,0.7352534357035648,734,0.6339388508094502,Africa,Africa
6556.0,NGA,Nigeria,71818.9377115,1.0,258.0,1267678.97894,2574,96.0,1.0,1195860.04123,50,0.2000000029802322,50,0.2000000029802322,50,0.2000000029802322,50,0.2000000029802322,50,0.2000000029802322,50,0.2000000029802322,Aba,99,0.0196000002324581,50,0.0196000002324581,50,0.0199999995529651,50,0.0199999995529651,50,0.0199999995529651,50,0.0472401804476976,50,0.0073803366231732,50,0.024271110985428,50,0.0247664393018931,50,0.0247664393018931,50,0.0247664393018931,6712,50,5.414160943031311,50,0.2476643971353769,50,0.2476643971353769,50,0.2476643971353769,50,0.2476643971353769,50,0.2476643971353769,50,0.2476643971353769,Africa,Africa
6567.0,BRA,Brazil,1217578.9919,1.0,6077.0,21684522.8166,1300;1302;1303;1306;1308;1309;1310;1311;1317;1318,2329.0,10.0,20466943.8247,11086,0.8860926040534479,11086,0.82328070738953,11086,0.8933238933708003,11086,0.8548014162676251,11086,0.8998938906916814,11086,0.8753461234960657,São Paulo,34410,0.0771255910506348,11086,0.0838498266425638,11086,0.0436975627606697,11086,0.0177453490490887,11086,0.0856496160238977,11086,0.0580072497142412,11086,0.0252569431395014,11086,0.0397745420261127,11086,0.021254074869173,11086,0.0088601122256258,11086,0.0407078991644552,592,11086,8.30232312329779,11086,0.4392759741321713,11086,0.3766280882150176,11086,0.4521179349538227,11086,0.4015248819648306,11086,0.4666783669921252,11086,0.4247392884278573,SouthAmerica,S America
6574.0,USA,UnitedStates,,,3558.0,1136539.9349,,,,,9461,0.5770849401646211,9461,0.4518631888514827,9461,0.5950581294854811,9461,0.5077258586984711,9461,0.6143316318486219,9461,0.5517231304472991,Jacksonville,32099,0.0489204252776079,9461,0.0502699436655771,9461,0.0012502233693566,9461,0.0006361335786081964,9461,0.0514986063576999,9461,0.0617336820013782,9461,0.0277702465372898,9461,0.0435967302162925,9461,0.0011857883123352,9461,0.0006037334114382883,9461,0.0447613049515797,8643,9461,4.195601970033946,9461,0.5305103053258484,9461,0.3665441829929398,9461,0.5562078806837071,9461,0.4351876818618075,9461,0.5822873118628511,9461,0.4974264362488594,NorthAmerica,N America
6611.0,IND,India,,,680.0,5704834.34959,,,,,5433,0.8460190247559896,5433,0.5973521099880086,5433,0.8648313881667469,5433,0.7551882355157885,5433,0.893966905495969,5433,0.8196962948278929,Surat,14355,0.0766469769595448,5433,0.0726806767191988,5433,0.0284072264781637,5433,0.0253835764963523,5433,0.0744686105701883,5433,0.0762106229729745,5433,0.0533939317773564,5433,0.0646988252329444,5433,0.0279052802078449,5433,0.0252121504897425,5433,0.0663564997142137,3650,5433,5.035075706394761,5433,0.7813338514424091,5433,0.4988608377726924,5433,0.8040684461317695,5433,0.6721353898806248,5433,0.8288368686167366,5433,0.7511178083847816,SAsia,S Asia
6630.0,USA,UnitedStates,,,6849.0,1304467.18323,,,,,22112,0.9374033555641644,22112,0.6676831848620887,22112,0.9593713230986302,22112,0.8121145193850784,22112,0.9815332330501582,22112,0.8978238193914103,Louisville,61455,0.0849147781856303,22112,0.0794734471103336,22112,0.0019630665505184,22112,0.0009815332752592496,22112,0.0814365135463022,22112,0.0773759063877714,22112,0.056474417700265,22112,0.0667154100323277,22112,0.0018056024032714,22112,0.000902801201635734,22112,0.0685210135514745,8648,22112,5.944106684389644,22112,0.8247140902636115,22112,0.5353044290153326,22112,0.8634217416488807,22112,0.6712737301276556,22112,0.9028011696214712,22112,0.7744303218613207,NorthAmerica,N America
6639.0,BRA,Brazil,178178.634424,1.0,555.0,1455771.20985,1312,236.0,1.0,1277592.57543,233,0.8438467911131702,233,0.7079596102007674,233,0.8568182104351851,233,0.7966490279865625,233,0.8643384985540382,233,0.8322536618068405,São Luís,1758,0.0796074567592424,233,0.0772626558994084,233,0.0789913333584153,233,0.0464426198233885,233,0.0789913333584153,233,0.0719152813436491,233,0.0395349038561916,233,0.0561245915449487,233,0.0576167648043521,233,0.0358739215702849,233,0.0576167648043521,596,233,2.744530657347678,233,0.6952924502129164,233,0.4542460722653886,233,0.7216108690428643,233,0.5605956124584311,233,0.7460867802528902,233,0.6562174144665895,SouthAmerica,S America
6640.0,CHN,China,232486.360683,1.0,827.0,1733548.66568,10398,210.0,1.0,1501062.305,1523,0.3849412454436187,1523,0.3325161810487363,1523,0.3965997911558561,1523,0.3517023046107344,1523,0.4115559998654108,1523,0.3719971828298764,Datong,3754,0.0351089407951793,1523,0.0349117328747808,1523,0.0186293826547509,1523,0.0077738903624332,1523,0.0357348447838156,1523,0.0449159833027012,1523,0.0099776998068012,1523,0.0241794010561098,1523,0.0131314471266537,1523,0.0055761734772893,1523,0.0247811576106461,1124,1523,4.281386911723913,1523,0.2753317779377014,1523,0.2241817000260058,1523,0.2871800686459614,1523,0.2418067191800757,1523,0.3008782595938201,1523,0.2618781915078692,EAsia,E Asia
6644.0,NGA,Nigeria,175230.968036,1.0,716.0,1153081.77191,2593,151.0,1.0,977850.803873,4,0.2000000029802322,4,0.2000000029802322,4,0.2000000029802322,4,0.2000000029802322,4,0.2000000029802322,4,0.2000000029802322,Enugu,31,0.0196000002324581,4,0.0196000002324581,4,0.0199999995529651,4,0.0199999995529651,4,0.0199999995529651,4,0.0570685435086488,4,0.0115359142655506,4,0.0333643821068108,4,0.0340452892705798,4,0.0340452892705798,4,0.0340452892705798,6721,4,2.98482483625412,4,0.3404528871178627,4,0.3404528871178627,4,0.3404528871178627,4,0.3404528871178627,4,0.3404528871178627,4,0.3404528871178627,Africa,Africa
6651.0,IND,India,,,591.0,2280235.37294,,,,,5256,0.424931062900271,5256,0.3417702721893775,5256,0.4423164258660636,5256,0.3752806345937988,5256,0.4630398720169804,5256,0.4067308184583355,Vadodara,12781,0.0390514705666902,5256,0.0373409071239236,5256,0.0044522328670678,5256,0.0022841141611842,5256,0.0382669868026187,5256,0.040668673749352,5256,0.0085477714031985,5256,0.02061018071164,5256,0.0026106644097131,5256,0.0013515213344913,5256,0.0211607365364742,3655,5256,5.9173444388846566,5256,0.2449580864630181,5256,0.1816199295245122,5256,0.2586991454557413,5256,0.2048939164070078,5256,0.2752778911290635,5256,0.2294513389554118,SAsia,S Asia
6654.0,USA,UnitedStates,,,13185.0,8797568.99435,,,,,38760,0.5989152417458321,38760,0.4987761006422313,38760,0.6159188249238737,38760,0.5417892990767268,38760,0.6332502581484771,38760,0.577819070665793,Chicago,256994,0.0312522629048435,38760,0.0536027708966913,38760,0.0053968902290762,38760,0.0027424374215285,38760,0.0548692710735189,38760,0.060237242602159,38760,0.031496838205041,38760,0.0440713756359564,38760,0.0044529013568503,38760,0.0022689895301876,38760,0.0451450843716248,8651,38760,4.9033035759975805,38760,0.5024799854932578,38760,0.40291150883084,38760,0.5190626799740584,38760,0.4431782964990456,38760,0.536854080858768,38760,0.4810662357408655,NorthAmerica,N America
6666.0,IDN,Indonesia,351528.575442,1.0,1032.0,2478880.68954,12706;12708;12713,485.0,3.0,2127352.1141,0,,0,,0,,0,,0,,0,,Denpasar,0,,0,,0,,0,,0,,0,,0,,0,,0,,0,,0,,5395,0,,0,,0,,0,,0,,0,,0,,SEAsia,SE Asia
6674.0,IDN,Indonesia,196941.393004,1.0,706.0,1360146.27868,12710;12711,201.0,2.0,1163204.88567,10029,0.4107826487572697,10029,0.3446911376821242,10029,0.4259015199757614,10029,0.3690274851399031,10029,0.4404788340903123,10029,0.3940572771197302,Banjarmasin,27523,0.038656224804379,10029,0.0367047175282379,10029,0.0042722385784724,10029,0.0021805281742198,10029,0.0375856751405325,10029,0.0454732137109199,10029,0.0126581909189916,10029,0.0258430723207161,10029,0.0031132021631243,10029,0.0016001242693784,10029,0.0264923897544225,5396,10029,4.728410498460934,10029,0.2960184675506735,10029,0.2366232889379784,10029,0.3092126919214294,10029,0.2590046972382303,10029,0.3246586388057272,10029,0.2811662544016943,SEAsia,SE Asia
6700.0,BRA,Brazil,146290.9044,1.0,722.0,1712548.22359,1313;1319;1320,302.0,3.0,1566257.31919,2888,0.7015740365287364,2888,0.6716068640261796,2888,0.7043241826891187,2888,0.6856865600755548,2888,0.7083866054275146,2888,0.6964600064185462,Santos,8643,0.067222626315179,2888,0.067288515978103,2888,0.0386383434369314,2888,0.0202199240369007,2888,0.0687052904722691,2888,0.0511141412134917,2888,0.0094651344217041,2888,0.0280953924002576,2888,0.0161903301689998,2888,0.0083708773664546,2888,0.0287227591762501,600,2888,4.1634440220267726,2888,0.3015505950286549,2888,0.2752005130091159,2888,0.3070090468172981,2888,0.2840535390394422,2888,0.3136835123774221,2888,0.2946523569146155,SouthAmerica,S America
6720.0,USA,UnitedStates,,,7597.0,1897002.79816,,,,,10801,0.603223424260854,10801,0.5086077667287714,10801,0.6190021927354313,10801,0.5484083357466693,10801,0.6377358232793235,10801,0.5828647253697983,Indianapolis,38721,0.0556558358228791,10801,0.0542656104058004,10801,0.0012754716666886,10801,0.0006377358333443087,10801,0.0555410817597107,10801,0.0595021321057048,10801,0.0284213741675016,10801,0.0423256607766398,10801,0.0010523110741201,10801,0.0005261555370600691,10801,0.0433779722786456,8657,10801,5.265138047530218,10801,0.483268020596392,10801,0.3883113351652051,10801,0.5028814716111489,10801,0.4245750777498419,10801,0.5261555272548039,10801,0.4604802627117139,NorthAmerica,N America
6731.0,IDN,Indonesia,317924.653452,1.0,634.0,1287364.87294,12725,220.0,1.0,969440.21949,0,,0,,0,,0,,0,,0,,Mataram,0,,0,,0,,0,,0,,0,,0,,0,,0,,0,,0,,5402,0,,0,,0,,0,,0,,0,,0,,SEAsia,SE Asia
6769.0,USA,UnitedStates,,,4542.0,1617648.12035,,,,,9358,0.6656278912328459,9358,0.5715618381524088,9358,0.6814424258477443,9358,0.612187700818043,9358,0.6992908428563125,9358,0.6447293221720605,Milwaukee,41670,0.0508922272966984,9358,0.0604380553127162,9358,0.0068373573692022,9358,0.0034696815773783,9358,0.0618366368386926,9358,0.0708585620549666,9358,0.0419764117783285,9358,0.0561363957568371,9358,0.0065530291857459,9358,0.0033417632892689,9358,0.0574866399818543,8662,9358,4.277563796949134,9358,0.6319483344289908,9358,0.519006863622072,9358,0.6525580340696394,9358,0.5660664846217803,9358,0.675121790124529,9358,0.6078018998163524,NorthAmerica,N America
6781.0,IND,India,,,769.0,2513988.31837,,,,,144,0.4552818228359951,144,0.3725022994319739,144,0.4703778934263135,144,0.3990017571999417,144,0.4919139182359927,144,0.4325918351442415,Chandigarh,1207,0.0425109520033118,144,0.0399584608523919,144,0.004741414859678,144,0.00242726554659,144,0.0409422879308332,144,0.0570123040433289,144,0.018186060356769,144,0.0362094387239366,144,0.0046665959985098,144,0.0024176920598477,144,0.0371940255555,3673,144,2.851557619920467,144,0.4364517626026544,144,0.3157654706391509,144,0.4631098204362305,144,0.3584984631503155,144,0.4922935183159774,144,0.4055547825582941,SAsia,S Asia
6790.0,USA,UnitedStates,,,5802.0,1927622.20852,,,,,16417,0.9242836273321372,16417,0.781317420059196,16417,0.9382863326647332,16417,0.8545622510399968,16417,0.9500297801018058,16417,0.9034670245230724,Cincinnati,49180,0.0850442736211397,16417,0.0838950825663769,16417,0.0019000596375002,16417,0.0009500298187501328,16417,0.0857951428337848,16417,0.0880421028908104,16417,0.0765841040919242,16417,0.0824411333682735,16417,0.0018984280764923,16417,0.0009492140382461504,16417,0.0843395636102261,8664,16417,4.200540298840565,16417,0.916240252393848,16417,0.7590687193341652,16417,0.9332112381130732,16417,0.8399081429201365,16417,0.9492139979522586,16417,0.8919811621839452,NorthAmerica,N America
6794.0,IDN,Indonesia,120493.35915,1.0,495.0,1114038.75335,12763,141.0,1.0,993545.394199,4028,0.7731259071741018,4028,0.5664324167246799,4028,0.8063837276076944,4028,0.6591838781640386,4028,0.8370332868444854,4028,0.7371163283890437,Samarinda,10989,0.0646651969913111,4028,0.065550020927954,4028,0.0080879661897961,4028,0.0041391921175648,4028,0.0672240875342205,4028,0.0772868314877306,4028,0.0523401270526776,4028,0.0652492428345302,4028,0.0084355519032314,4028,0.0043211923195576,4028,0.0669976024007244,5410,4028,3.5166601772609454,4028,0.8047014547693069,4028,0.5319302948120506,4028,0.8410423980518155,4028,0.6536369679674634,4028,0.8741796531985838,4028,0.7547403440830792,SEAsia,SE Asia
6851.0,USA,UnitedStates,,,5134.0,2020478.22832,,,,,5654,0.6118561274407256,5654,0.510044180305816,5654,0.6287552003774136,5654,0.5457534900707447,5654,0.6511328082524754,5654,0.5883719247445277,Charlotte,24862,0.0602882519565943,5654,0.0544293236052337,5654,0.0013022656415716,5654,0.0006511328207858373,5654,0.0557315886972482,5654,0.0727387568438759,5654,0.0437129448741987,5654,0.0583157048406226,5654,0.0014597018444323,5654,0.000729850922216174,5654,0.0597754070917425,8672,5654,2.744012903825731,5654,0.6725873748059144,5654,0.5268339687714647,5654,0.7004047718132457,5654,0.5847617933485081,5654,0.7298509027861733,5654,0.6406791740323936,NorthAmerica,N America
6852.0,BRA,Brazil,142599.055097,1.0,1028.0,1036955.51972,1343,178.0,1.0,894356.464624,2506,0.9830089348735496,2506,0.8627129426913851,2506,0.989069804000458,2506,0.9416388400487145,2506,0.9913442218940728,2506,0.9693045549862476,Teresina,12278,0.0933588670844095,2506,0.0914353299665569,2506,0.052167436137929,2506,0.0221831605110477,2506,0.0934180192454083,2506,0.0855971093758955,2506,0.0712582474744017,2506,0.0786141882347648,2506,0.0465645590348856,2506,0.0205444793434138,2506,0.0804930838577067,621,2506,3.6509426785908174,2506,0.9048327987401192,2506,0.688064487777316,2506,0.9221735529146275,2506,0.7993874767521436,2506,0.9394469400439388,2506,0.8776483729074848,SouthAmerica,S America
6870.0,BRA,Brazil,811117.808686,1.0,3099.0,4966926.83222,1346;1347;1349,618.0,3.0,4155809.02354,3558,0.9513616422547244,3558,0.9120418615440264,3558,0.9539796507914944,3558,0.9359500842976204,3558,0.955953690976524,3558,0.9467649487411643,Belo Horizonte,11955,0.0859161471236873,3558,0.0915594087197894,3558,0.0934713186635616,3558,0.0472715197350267,3558,0.0934713186635616,3558,0.0850146506865466,3558,0.0707579167314209,3558,0.0778262182238397,3558,0.0795264882289061,3558,0.04087704600406,3558,0.0795264882289061,624,3558,4.4317898659366,3558,0.8323396256917406,3558,0.753119449549482,3558,0.8416897840290629,3558,0.792858225906959,3558,0.8501339122367843,3558,0.8199698593718754,SouthAmerica,S America
6878.0,IDN,Indonesia,305386.081835,1.0,945.0,2508648.68574,12863,373.0,1.0,2203262.6039,3409,0.4208060232990927,3409,0.3491515161289251,3409,0.4394788341808465,3409,0.3814204713943934,3409,0.4571290734891016,3409,0.408622155927801,Makassar,11958,0.0394911114302744,3409,0.0377577039799292,3409,0.0045012977095194,3409,0.0023573159844048,3409,0.0386719618950005,3409,0.0528030118408371,3409,0.0131362860578384,3409,0.0310504594625027,3409,0.0038745484713415,3409,0.0020524317478939,3409,0.031848735263025,5424,3409,3.06796786036334,3409,0.3570019214614049,3409,0.2834574149432047,3409,0.375004099300765,3409,0.3105992643591436,3409,0.3991379660320637,3409,0.3381907889547186,SEAsia,SE Asia
6887.0,USA,UnitedStates,,,8211.0,1885222.15851,,,,,5637,0.64933468655849,5637,0.5620846159232246,5637,0.6640727584950875,5637,0.598169761588944,5637,0.6820883866081198,5637,0.6302316218536841,Columbus,29554,0.0579899463891627,5637,0.059132972099655,5637,0.0013641767973756,5637,0.0006820883986878328,5637,0.0604971486410428,5637,0.0697958730596883,5637,0.0426857561086385,5637,0.055596628246737,5637,0.0013247353059778,5637,0.0006623676529889473,5637,0.0569213643446496,8678,5637,3.88333875711654,5637,0.6201158786897097,5637,0.5223949376396106,5637,0.639855887201346,5637,0.5601406582829458,5637,0.6623676355076424,5637,0.5963642486456266,NorthAmerica,N America
6942.0,USA,UnitedStates,,,3950.0,1611391.05295,,,,,1216,0.6362750102641389,1216,0.577146337565168,1216,0.6442650221697347,1216,0.6005740157748537,1216,0.6563735973596957,1216,0.624461679808383,Raleigh,10739,0.0546892806475177,1216,0.0592745353129082,1216,0.0013127472274449,1216,0.0006563736137224537,1216,0.0605872822367149,1216,0.0723251304714571,1216,0.0450956400600881,1216,0.0582971047067497,1216,0.0013207568216948,1216,0.0006603784108474297,1216,0.0596178622942204,8686,1216,3.3410051205420594,1216,0.6330333023600114,1216,0.5620790257300554,1216,0.6463451405062037,1216,0.5895916834808073,1216,0.6603783895292061,1216,0.6168882252199055,NorthAmerica,N America
6948.0,USA,UnitedStates,,,8184.0,4065588.8548,,,,,21356,0.531937990332521,21356,0.4386720633082526,21356,0.5462683579745736,21356,0.4752780768277637,21356,0.5628854634157531,21356,0.5074626830404019,Detroit,86296,0.0624381837476813,21356,0.0471461149354386,21356,0.002148913139376,21356,0.0009918034951201609,21356,0.0482718854138583,21356,0.0560535802770536,21356,0.0239115684604289,21356,0.0379231104971467,21356,0.0019876606912694,21356,0.0009103921513455816,21356,0.0388607038013185,8687,21356,4.555168940598211,21356,0.4319923934393263,21356,0.3490398490843708,21356,0.449259471998121,21356,0.3806399715784697,21356,0.468796547248343,21356,0.4115669993262012,NorthAmerica,N America
6961.0,BRA,Brazil,623551.478186,1.0,3598.0,10814391.2338,1360;1361;1363;1368,1467.0,4.0,10190839.7556,8506,0.7399933578822782,8506,0.6742377577593257,8506,0.7507180588516321,8506,0.701860320462148,8506,0.7618819473642185,8506,0.7247672347873066,Rio de Janeiro,31830,0.0704165612780176,8506,0.0691213464887205,8506,0.037782113350164,8506,0.0173215730066833,8506,0.0706451113482528,8506,0.0549885997212662,8506,0.0170364902226541,8506,0.0342684720227079,8506,0.018997753321759,8506,0.0087649837632645,8506,0.0350925772998626,636,8506,4.070817683539343,8506,0.380049962452654,8506,0.3256845611559745,8506,0.3944527658558208,8506,0.3443440303072908,8506,0.412052672917568,8506,0.3653166065243818,SouthAmerica,S America
6990.0,USA,UnitedStates,,,4770.0,1880819.79008,,,,,2903,0.5902680353421432,2903,0.5229887941775738,2903,0.6069509588440339,2903,0.5471700865553585,2903,0.6202699201746411,2903,0.5750238445590641,Cleveland,29197,0.0427585455478325,2903,0.0542472190744185,2903,0.0012405398676676,2903,0.0006202699338338163,2903,0.0554877587688523,2903,0.059486666468087,2903,0.0275014291200991,2903,0.0417236514673775,2903,0.0009918931223628217,2903,0.0004959465611814107,2903,0.0427155450374781,8692,2903,5.297892400402659,2903,0.4619366456040163,2903,0.3965734490052996,2903,0.4775075019181288,2903,0.4205364594432032,2903,0.49594655061027,2903,0.4434691281736341,NorthAmerica,N America
6995.0,NGA,Nigeria,592127.304428,1.0,1397.0,4821779.42683,2717;2742,400.0,2.0,4229652.1224,361,0.4252517016256291,361,0.3070246165604836,361,0.4476861292137332,361,0.3512983498831448,361,0.4799864627161371,361,0.3975288862907886,Kano,3587,0.03931237880225,361,0.0353782391079797,361,0.0363382119396813,361,0.0363382119396813,361,0.0363382119396813,361,0.0683354973199036,361,0.0385674668710629,361,0.0528869474111423,361,0.0542412355942046,361,0.0542412355942046,361,0.0542412355942046,6768,361,2.5200630967038915,361,0.6142836308715377,361,0.4786223279063176,361,0.6433661688197195,361,0.5276362235983322,361,0.677143748639402,361,0.5809816581797971,Africa,Africa
7020.0,USA,UnitedStates,,,6150.0,1980861.23633,,,,,10168,0.8891316127567513,10168,0.7358749833491571,10168,0.9092005888860172,10168,0.8061156045769112,10168,0.9291148065167506,10168,0.8627537744876923,Pittsburgh,22355,0.0836477781755575,10168,0.079595535783225,10168,0.0018582296780052,10168,0.0009291148390026424,10168,0.0814537647638177,10168,0.0838899409415825,10168,0.0689547596588869,10168,0.0763986855066581,10168,0.0017945742885725,10168,0.0008972871442862605,10168,0.0781932616245552,8696,10168,4.416248883681523,10168,0.8586228584574933,10168,0.7029876463224082,10168,0.8782128920939797,10168,0.7728290129547487,10168,0.8972871085058934,10168,0.830619067392797,NorthAmerica,N America
7021.0,BRA,Brazil,284528.396549,1.0,1215.0,1998757.60557,1372;1373,323.0,2.0,1714229.20902,1441,0.740632771193183,1441,0.6217665704145153,1441,0.768287543490299,1441,0.6670110690230814,1441,0.7931417134180981,1441,0.7188109878127948,Sao Goncalo,14576,0.0687221257870947,1441,0.0664184349906669,1441,0.0395842732007728,1441,0.0211964502483168,1441,0.0680047191098664,1441,0.0533642317621615,1441,0.0122452972739857,1441,0.0311480374322367,1441,0.0193489751381085,1441,0.0105969100963549,1441,0.032090030221681,643,1441,3.593582321419585,1441,0.3860599775023954,1441,0.2702768074259369,1441,0.423840067325715,1441,0.3024203140949235,1441,0.4709964436873766,1441,0.3498499977334598,SouthAmerica,S America
7032.0,USA,UnitedStates,,,2792.0,1082917.90882,,,,,3414,0.9134343338913292,3414,0.746909017071731,3414,0.9254848061753412,3414,0.8361356257527094,3414,0.9377682083437736,3414,0.8906949141766873,Richmond,18616,0.0851018414929962,3414,0.0818913973476281,3414,0.0018755365008079,3414,0.0009377682504039788,3414,0.0837669341622866,3414,0.0868045236507208,3414,0.0741601109226585,3414,0.0805448907285431,3414,0.0018429334535465,3414,0.0009214667267732936,3414,0.0823878260008897,8697,3414,3.923821272528627,3414,0.9023464492670898,3414,0.7216081180215931,3414,0.9131930985314278,3414,0.825815212813178,3414,0.9214666863623684,3414,0.8834754843219115,NorthAmerica,N America
7050.0,USA,UnitedStates,,,3949.0,1624468.98039,,,,,9861,0.4271084906523546,9861,0.3893703400138329,9861,0.433137760660482,9861,0.4060305901292201,9861,0.4390566668971386,9861,0.4195943279850193,Virginia Beach,27242,0.039722759490465,9861,0.0399618183106271,9861,0.0035787548627274,9861,0.0031700449996454,9861,0.0408399306177869,9861,0.0516860795646905,9861,0.0109488836334802,9861,0.0291755251256912,9861,0.0025925321199458,9861,0.0022770245151708,9861,0.0298525246014175,8699,9861,4.229327535806038,9861,0.3214362317385401,9861,0.2778906053934192,9861,0.3300022506674064,9861,0.2940981984926318,9861,0.3384999033792519,9861,0.3112900737552769,NorthAmerica,N America
7068.0,USA,UnitedStates,,,7446.0,5638693.81468,,,,,3943,0.691919229199808,3943,0.5617455902747741,3943,0.7126665736837096,3943,0.620073931973736,3943,0.7325329918279152,3943,0.6667494241844055,Washington D.C.,26006,0.0617540109837567,3943,0.0613204453143545,3943,0.0137583974414773,3943,0.0131741453471884,3943,0.0627855109726127,3943,0.0726849039624081,3943,0.0457360756481808,3943,0.0589672788559097,3943,0.0138884485693556,3943,0.0133090116487629,3943,0.0604402883408838,8700,3943,3.930506004857934,3943,0.6864913817053596,3943,0.522550937940546,3943,0.7117688082273089,3943,0.593096346754839,3943,0.7365044266929766,3943,0.6539567410588583,NorthAmerica,N America
7076.0,CHN,China,330048.427993,1.0,1384.0,3554514.06121,10476;10504,401.0,2.0,3224465.63321,2967,0.588441336396339,2967,0.4851003670155467,2967,0.5995003372315206,2967,0.5418114633360978,2967,0.6108965029626914,2967,0.5733026432784084,Kunming,11256,0.0336022173828582,2967,0.0529936765901228,2967,0.0285426737685207,2967,0.0118159623094776,2967,0.0542154694647839,2967,0.0365829619346273,2967,0.0047657137913323,2967,0.0162378566234307,2967,0.0088564384667033,2967,0.003726455128644,2967,0.0166305241467938,1186,2967,14.53910902350288,2967,0.1849455346479012,2967,0.1468586946435941,2967,0.190681149751039,2967,0.164104733073937,2967,0.1963337775242614,2967,0.177894158453674,EAsia,E Asia
7094.0,CHN,China,1139266.46667,1.0,2083.0,6576880.03533,10479;10494;10507;10517,735.0,4.0,5437613.56866,18596,0.5189123386253107,18596,0.3905375208457121,18596,0.5455963076393846,18596,0.4406713929242918,18596,0.5750717429700759,18596,0.4892648672826801,Xi'an,29969,0.0498229200773624,18596,0.0441124265896094,18596,0.0244823468452681,18596,0.010533303142838,18596,0.0452625698729572,18596,0.0503510537559523,18596,0.0178412911310505,18596,0.0313829876785034,18596,0.0177966215955928,18596,0.0078167447664167,18596,0.0322580390842563,1189,18596,5.366194350322641,18596,0.3834882615451493,18596,0.2681484466342292,18596,0.4085397135928721,18596,0.3103082520912039,18596,0.4375256168600896,18596,0.3550168648534549,EAsia,E Asia
7108.0,IND,India,,,374.0,1139259.60881,,,,,1195,0.8737758372430646,1195,0.6725758239149907,1195,0.8926798472881126,1195,0.7795768670944252,1195,0.9140880594465042,1195,0.8465546964163451,Silvassa,3358,0.0792662478127704,1195,0.0764237341811397,1195,0.0089544671200455,1195,0.004538327940068,1195,0.0782519106223606,1195,0.0842931815981781,1195,0.0690064805687126,1195,0.0767109527690029,1195,0.0089801742350953,1195,0.0045312455396763,1195,0.0785316160785933,3720,1195,3.47092946316438,1195,0.882846503004824,1195,0.6586665553721928,1195,0.8967250071737913,1195,0.7860544257625739,1195,0.910330890180703,1195,0.8614183834942539,SAsia,S Asia
7123.0,USA,UnitedStates,,,4070.0,2265090.93459,,,,,3884,0.6358860212074392,3884,0.4965325169505843,3884,0.658683602368296,3884,0.5591725815964109,3884,0.6807107102597002,3884,0.6091212427155861,Baltimore,10213,0.0572603412986361,3884,0.0553875866215316,3884,0.0102838098397597,3884,0.0097187921189413,3884,0.0567490075591323,3884,0.0624411095637584,3884,0.0297569462008726,3884,0.0448583133243181,3884,0.0081898677440071,3884,0.0076970414832821,3884,0.0460538751970252,8704,3884,4.794560334244372,3884,0.5413539264717796,3884,0.3838166566130456,3884,0.5693188273042223,3884,0.4470576200792638,3884,0.5977807877434691,3884,0.5073245719636795,NorthAmerica,N America
7139.0,IND,India,,,292.0,1487095.45834,,,,,4337,0.8816731598050981,4337,0.7149844277947038,4337,0.9096715756623508,4337,0.7809151283303088,4337,0.9342863253647632,4337,0.8438347403381236,Vasai-Virar,11984,0.0826507504679752,4337,0.0776405749601637,4337,0.0109935382536945,4337,0.006631760694364,4337,0.0795091472079727,4337,0.0768052195732161,4337,0.0554032956066499,4337,0.0658666096961665,4337,0.009940647780476,4337,0.0061830472139735,4337,0.0674970517026826,3725,4337,6.070675788102095,4337,0.7624441027903569,4337,0.5948817064813142,4337,0.7894389989229419,4337,0.6594970488236651,4337,0.8152204279675697,4337,0.7257884208211065,SAsia,S Asia
7140.0,NGA,Nigeria,215889.585011,1.0,648.0,1022185.26254,2765,154.0,1.0,806295.677528,79,0.2000000029802322,79,0.2000000029802322,79,0.2000000029802322,79,0.2000000029802322,79,0.2000000029802322,79,0.2000000029802322,Jos,514,0.0196000002324581,79,0.0196000002324581,79,0.0199999995529651,79,0.0199999995529651,79,0.0199999995529651,79,0.056829336936338,79,0.0121048655054425,79,0.0335281089160449,79,0.0342123553722719,79,0.0342123553722719,79,0.0342123553722719,6790,79,3.1991591785527485,79,0.3421235608903668,79,0.3421235608903668,79,0.3421235608903668,79,0.3421235608903668,79,0.3421235608903668,79,0.3421235608903668,Africa,Africa
7141.0,USA,UnitedStates,,,3623.0,1085097.21818,,,,,4901,0.4770679622801396,4901,0.3877805175850503,4901,0.4868527640132389,4901,0.4269730301396346,4901,0.4997488619024777,4901,0.4609486443866571,Buffalo,26564,0.0498889271506714,4901,0.0422674511045642,4901,0.0012011455435103,4901,0.0005828000738662557,4901,0.0432669486953953,4901,0.0526048357167246,4901,0.0185952069740227,4901,0.0334122146514488,4901,0.0010550978659345,4901,0.000512606903301837,4901,0.0342577768873905,8707,4901,4.219682869811706,4901,0.3897688543527994,4901,0.2929644563328014,4901,0.4057716896586235,4901,0.3369444824800687,4901,0.4227811209114138,4901,0.3714899557287933,NorthAmerica,N America
7163.0,IND,India,,,2367.0,22277275.0699,,,,,10374,0.8359924508027275,10374,0.6289172995016616,10374,0.8642967245492451,10374,0.7272176562688317,10374,0.8893208798934394,10374,0.7989432917356574,Mumbai,35096,0.0730195501749747,10374,0.0718516161366386,10374,0.0182621642520412,10374,0.0146302592264539,10374,0.0736302579029455,10374,0.0709625116056583,10374,0.0460019721508662,10374,0.0578012239333072,10374,0.0158770962618608,10374,0.0128829813768214,10374,0.0593145766254141,3729,10374,6.641735788971819,10374,0.6986846799466558,10374,0.4862747977455451,10374,0.7277974952378324,10374,0.5798036186981785,10374,0.7566759779665058,10374,0.6582935326402367,SAsia,S Asia
7165.0,USA,UnitedStates,,,11525.0,6113871.23775,,,,,28592,0.8332974879536202,28592,0.6234508465448205,28592,0.8641253165468065,28592,0.72174719878707,28592,0.8928484218211219,28592,0.7951401730917519,Philadelphia,76173,0.0672098654602994,28592,0.0714044676693606,28592,0.0134304551572417,28592,0.0126809446880955,28592,0.073190163849167,28592,0.074065649313052,28592,0.0498401699735859,28592,0.0615922299271153,28592,0.0111069145421954,28592,0.0104128313556114,28592,0.0632270451579721,8709,28592,5.307349203806697,28592,0.7469697656251907,28592,0.5165298080578934,28592,0.7818213815668659,28592,0.6174862188384898,28592,0.8174071731085408,28592,0.7011933510507775,NorthAmerica,N America
7190.0,BRA,Brazil,244697.23834,1.0,911.0,1710333.44125,1400;1401;1402,281.0,3.0,1465636.20291,5817,0.8260320042669848,5817,0.7196658572154974,5817,0.8479084559811284,5817,0.7705614430533958,5817,0.8635112578461525,5817,0.8068853633520172,Vila Velha,15888,0.0778748015000929,5817,0.0758339515201811,5817,0.0434545974270127,5817,0.0218374966368234,5817,0.0775609747507383,5817,0.0496803713419483,5817,0.0152438728393528,5817,0.0295543879245268,5817,0.0172773637011519,5817,0.0084622506627051,5817,0.0303560392505603,669,5817,6.931571839729434,5817,0.3538393605474463,5817,0.2598943902728929,5817,0.3757342007760742,5817,0.2927064140071324,5817,0.4008256199497664,5817,0.3295400616604854,SouthAmerica,S America
7195.0,USA,UnitedStates,,,4365.0,1036069.82641,,,,,2895,0.8677400516297892,2895,0.7172015977016131,2895,0.8866725720319587,2895,0.7908117424464816,2895,0.9043953458687226,2895,0.8411197692719885,Allentown,9147,0.0741831326563536,2895,0.0777962382276875,2895,0.0018087907573643,2895,0.0009043953786821808,2895,0.0796050293075966,2895,0.0852503970696341,2895,0.0710341782844901,2895,0.0781865175839747,2895,0.0018023906691428,2895,0.0009011953345714024,2895,0.0799889101126352,8713,2895,3.7125921983786223,2895,0.8739952652394389,2895,0.7112830169050766,2895,0.8878615381960964,2895,0.7969429293901471,2895,0.9011952963015432,2895,0.8534261329003973,NorthAmerica,N America
7226.0,BRA,Brazil,339040.770837,1.0,1557.0,3611864.22693,1405;1406,418.0,2.0,3272823.45609,965,0.7375490896354892,965,0.7114415443661064,965,0.7402534570455351,965,0.7234031694877505,965,0.745246136146969,965,0.7324523982705669,Fortaleza,10490,0.0723797193358439,965,0.0709817144319702,965,0.0366738281183157,965,0.0148874379017802,965,0.072472208096312,965,0.0604472108438765,965,0.0200416233127363,965,0.0395000079720085,965,0.0207048931568374,965,0.0085082918984679,965,0.0403794176637297,672,965,3.231884451040924,965,0.4201462237944381,965,0.3875506120876415,965,0.4282241632986327,965,0.4002664360562044,965,0.4397050200702384,965,0.413851729969904,SouthAmerica,S America
7244.0,USA,UnitedStates,,,17489.0,19523052.7576,,,,,35053,0.6849014763690509,35053,0.5323537054121174,35053,0.7067834923049823,35053,0.6022037233196224,35053,0.7297606632047654,35053,0.6555483194217692,New York,90109,0.0576893786855631,35053,0.0595664940255213,35053,0.0077660553568985,35053,0.0071172963179433,35053,0.0610260148223648,35053,0.0630661836393921,35053,0.031327263798337,35053,0.0459888638039393,35053,0.006054008268938,35053,0.0055103241697775,35053,0.0472133297501442,8718,35053,5.515165877113603,35053,0.5556475028204205,35053,0.3913969577827706,35053,0.5828722132072903,35053,0.4592305349256995,35053,0.6122328040293066,35053,0.5208762207512533,NorthAmerica,N America
7277.0,USA,UnitedStates,,,2197.0,1091714.9067,,,,,11924,0.90674301505844,11924,0.6898084677524244,11924,0.9289019919644974,11924,0.7995857212456351,11924,0.9497995178728296,11924,0.8748126532350181,Bridgeport,19106,0.0749063467904513,11924,0.0786657736912702,11924,0.0193905872280066,11924,0.0186465160839772,11924,0.0805653719818321,11924,0.0808373727796658,11924,0.0625002180112846,11924,0.0715796581956863,11924,0.0192102721944062,11924,0.0185287227713817,11924,0.0733415224348589,8721,11924,4.8609303931785,11924,0.8355853199017711,11924,0.6125320339352422,11924,0.8580582554788637,11924,0.7291692001165048,11924,0.8809314188691368,11924,0.8039535089123211,NorthAmerica,N America
7302.0,USA,UnitedStates,,,2440.0,1050203.46937,,,,,5379,0.895544652448909,5379,0.6998170241285718,5379,0.9191363602734952,5379,0.7909897538167078,5379,0.9395248343260167,5379,0.8593903176107518,Hartford,19847,0.0814199186436507,5379,0.0781252395200849,5379,0.0018790497397439,5379,0.0009395248698719624,5379,0.0800042889428597,5379,0.0851673142598946,5379,0.0690207363918951,5379,0.0774831161415952,5379,0.00188248895467,5379,0.0009412444773350104,5379,0.0793656064469984,8724,5379,3.978513862378556,5379,0.90472697723906,5379,0.6747614269052359,5379,0.9237814921792852,5379,0.7822066867126829,5379,0.9412444376323909,5379,0.8716684487034508,NorthAmerica,N America
7303.0,BRA,Brazil,123979.675988,1.0,623.0,3252523.07781,1420;1421,328.0,2.0,3128543.40183,663,0.7546707877539122,663,0.7161055759455816,663,0.7578233825114872,663,0.7286069161823714,663,0.7650312708913729,663,0.7435792085770409,Salvador,3243,0.0703183491623168,663,0.0717573712061999,663,0.0732874350201555,663,0.0374886950496159,663,0.0732874350201555,663,0.0569540111091271,663,0.0191326745126411,663,0.0365441656163795,663,0.0373904290686015,663,0.0194082382723031,663,0.0373904290686015,686,663,4.301505061523613,663,0.396643412853431,663,0.3572649818697263,663,0.4070061494646966,663,0.3671260952080963,663,0.423131757223529,663,0.384497484731679,SouthAmerica,S America
7312.0,USA,UnitedStates,,,3751.0,1448456.55319,,,,,6121,0.6745185204312671,6121,0.5648167498873322,6121,0.6960625020792861,6121,0.619620192668723,6121,0.7148851390641943,6121,0.6526226557762052,Providence,18219,0.053313207739473,6121,0.0608731460880479,6121,0.0087794909218196,6121,0.0081519808319077,6121,0.062302916078704,6121,0.0640367481264971,6121,0.0300308879908215,6121,0.0462901610753318,6121,0.0066368803068139,6121,0.0061119372304184,6121,0.0474828765058753,8726,6121,5.937995371534867,6121,0.543218094283564,6121,0.4055378306646047,6121,0.568535009638416,6121,0.4657459925876077,6121,0.5963575910699678,6121,0.5139531852389959,NorthAmerica,N America
7320.0,IND,India,,,799.0,4070557.21288,,,,,28,0.4000000059604645,28,0.4000000059604645,28,0.4000000059604645,28,0.4000000059604645,28,0.4000000059604645,28,0.4000000059604645,Jaipur,116,0.0392000004649162,28,0.0392000004649162,28,0.0040000001899898,28,0.0020000000949949,28,0.0399999991059303,28,0.0561107366477322,28,0.0119501844546934,28,0.032950101841976,28,0.0033622553689184,28,0.0016811276844592,28,0.0336225519905419,3757,28,3.418511451676029,28,0.3362255288728495,28,0.3362255288728495,28,0.3362255288728495,28,0.3362255288728495,28,0.3362255288728495,28,0.3362255288728495,SAsia,S Asia
7347.0,USA,UnitedStates,,,2800.0,2703581.58821,,,,,4364,0.5942707391945107,4364,0.4958793684480868,4364,0.6116848871633341,4364,0.540394867920545,4364,0.6325948693799499,4364,0.5748784779709792,Boston,14661,0.0562869186386548,4364,0.0533630108342588,4364,0.0043941919185012,4364,0.003799088852295,4364,0.054628199966339,4364,0.0594639276287436,4364,0.0258292910038618,4364,0.0409855805063529,4364,0.0034472850350856,4364,0.0029655869854807,4364,0.0420129771580235,8731,4364,5.186967893217205,4364,0.4760099581274994,4364,0.3635124036255829,4364,0.4937673362063905,4364,0.4134843746113781,4364,0.5136982004739387,4364,0.4521352164042638,NorthAmerica,N America
7359.0,CHN,China,367182.146782,1.0,1065.0,3818782.52794,10532,375.0,1.0,3451600.38115,10815,0.4525402004430355,10815,0.3589479880359769,10815,0.470494679494177,10815,0.3989115886721001,10815,0.4911994783487395,10815,0.4325460047652757,Taiyuan,19549,0.0418091377463648,10815,0.0395939128986865,10815,0.0216298221954353,10815,0.009157958321615,10815,0.0405763117927339,10815,0.0440536669514741,10815,0.0109959389586597,10815,0.0241564043857803,10815,0.0134387337268749,10815,0.0058000404462724,10815,0.0247937636279958,1229,10815,6.407032234982754,10815,0.2854129842522394,10815,0.2131379037055635,10815,0.3007874896592759,10815,0.2410632913928694,10815,0.3186795688833385,10815,0.268182925385603,EAsia,E Asia
7390.0,BRA,Brazil,154572.017542,1.0,682.0,1184064.69007,1438,157.0,1.0,1029492.67253,592,0.6920760648472978,592,0.6798410601743494,592,0.6927543465437994,592,0.684856354502295,592,0.6930934872909783,592,0.6870607703823107,Maceió,5771,0.0686831597736294,592,0.0671327242791857,592,0.0504004457355717,592,0.0394159827883913,592,0.0685189123976416,592,0.0592049076869065,592,0.0153654778098783,592,0.036843944812616,592,0.027712555925173,592,0.0216634244664915,592,0.0376152654552474,702,592,2.725138526629349,592,0.381801263459769,592,0.3719576892976477,592,0.383159817066596,592,0.3751613007440607,592,0.3856607217814321,592,0.3781955408964423,SouthAmerica,S America
7406.0,BRA,Brazil,164347.374874,1.0,694.0,1321459.96645,1440;1441;1442,188.0,3.0,1157112.59158,631,0.741696450791932,631,0.6906460371599439,631,0.7551724924429984,631,0.7122077036882525,631,0.7702339490704359,631,0.7334522851801257,Natal,7461,0.0694801450195798,631,0.0701622689506537,631,0.0366948102021057,631,0.0150503381780063,631,0.0717027374696456,631,0.0611823037780542,631,0.0212754404811098,631,0.0408501383424065,631,0.0219169295817497,631,0.0092999067354748,631,0.041861089643603,704,631,2.983905371852022,631,0.4516531355035752,631,0.3910094213491017,631,0.4746882165409516,631,0.4084007460592364,631,0.5054757205627313,631,0.4347254081725064,SouthAmerica,S America
7418.0,BRA,Brazil,248756.095761,1.0,1262.0,3679510.14639,1445,477.0,1.0,3430754.05063,2537,0.7869401628841868,2537,0.7421654117922742,2537,0.7939288202053498,2537,0.7616112703543675,2537,0.8026696701742047,2537,0.7755823962838115,Recife,8902,0.0722854906795265,2537,0.0748120043497271,2537,0.042313562390939,2537,0.02139146390702,2537,0.0764173448916171,2537,0.0573723999378751,2537,0.0246013551329248,2537,0.0392898852710292,2537,0.021879036127176,2537,0.0105629136100872,2537,0.0401645322546473,707,2537,5.464336547113024,2537,0.4195844737798473,2537,0.3852413975319663,2537,0.4271527348264096,2537,0.3987582218692265,2537,0.4373233712469693,2537,0.4098521123810297,SouthAmerica,S America
7434.0,BRA,Brazil,105807.927816,1.0,446.0,1124050.37118,1448;1449,180.0,2.0,1018242.44337,790,0.9001775856612794,790,0.7733300648339979,790,0.9151562855196532,790,0.8400677366157474,790,0.9280552488266736,790,0.8876437870144172,João Pessoa,6319,0.0816900898273425,790,0.0824928763195464,790,0.0520476705070182,790,0.0313662379786545,790,0.0843489867144261,790,0.075860307667698,790,0.0507184121421504,790,0.0633682366147841,790,0.0412977782060126,790,0.0249123136612321,790,0.0650200735410017,710,790,3.2175072456743274,790,0.7646409798795637,790,0.5302371911132508,790,0.7971033650716446,790,0.6357920457917945,790,0.8259182247618966,790,0.7259263619457181,SouthAmerica,S America
7466.0,IND,India,,,5569.0,30076707.7518,,,,,68471,0.5406413272951843,68471,0.4261893382125341,68471,0.5649139054708023,68471,0.4733808343393824,68471,0.5940554740518998,68471,0.5139188348936669,Delhi [New Delhi],152848,0.048496330703658,68471,0.0470738925579118,68471,0.0056904530627935,68471,0.0029265649822753,68471,0.0482620032449611,68471,0.0496856999944738,68471,0.0154223546122665,68471,0.029909004198029,68471,0.0038578243589313,68471,0.0020106224412231,68471,0.0307310089463413,3790,68471,5.938194294908027,68471,0.3574712435274795,68471,0.2617319639600008,68471,0.3814095250146584,68471,0.297225783407038,68471,0.4110023315558875,68471,0.3326748946351177,SAsia,S Asia
7490.0,IND,India,,,225.0,1260280.28569,,,,,4,0.4000000059604645,4,0.4000000059604645,4,0.4000000059604645,4,0.4000000059604645,4,0.4000000059604645,4,0.4000000059604645,Saharanpur,4,0.0392000004649162,4,0.0392000004649162,4,0.0040000001899898,4,0.0020000000949949,4,0.0399999991059303,4,0.053323907777667,4,0.0099606163566932,4,0.0297841280698776,4,0.0030391967738978,4,0.0015195983869489,4,0.03039196645841,3797,4,3.6602065563201904,4,0.3039196729660034,4,0.3039196729660034,4,0.3039196729660034,4,0.3039196729660034,4,0.3039196729660034,4,0.3039196729660034,SAsia,S Asia
7499.0,IND,India,,,485.0,1897850.97149,,,,,309,0.7678658166119091,309,0.6549333959669488,309,0.7849390181258921,309,0.6961634831175806,309,0.8039681900175765,309,0.740122982495912,Nashik,996,0.0707688674806661,309,0.0691270353571639,309,0.0078733092298228,309,0.0039912971591951,309,0.070734972023672,309,0.0752053102096197,309,0.0515385137117393,309,0.0630774831880079,309,0.0074198344291118,309,0.0037916045235004,309,0.0646115890214395,3800,309,4.431281874285362,309,0.7133445342399892,309,0.5839706029693569,309,0.7379474423153091,309,0.633714238681816,309,0.7670524034602748,309,0.6838598406560822,SAsia,S Asia
7524.0,NGA,Nigeria,42855.1654253,1.0,241.0,1112394.56467,3044,126.0,1.0,1069539.39924,2265,0.2827685928953838,2265,0.2357236616540724,2265,0.2915131005996753,2265,0.2514292997965184,2265,0.3041577867849547,2265,0.2701850843121165,Maiduguri,4249,0.0215303136962447,2265,0.0250970184886862,2265,0.0257053342846054,2265,0.0257053342846054,2265,0.0257053342846054,2265,0.0376094093250137,2265,0.008438917608407,2265,0.0188832261305039,2265,0.0193317392939193,2265,0.0193317392939193,2265,0.0193317392939193,6876,2265,7.191006996355435,2265,0.209491868955378,2265,0.1789125826079674,2265,0.2159401508685376,2265,0.1898824257088786,2265,0.2242565451873561,2265,0.2021890070729196,Africa,Africa
7578.0,CHN,China,879107.861057,1.0,2267.0,6036834.03391,10577;10581;10583;10596;10605;10607,618.0,6.0,5157726.17285,1809,0.9259798719261878,1809,0.8269415882522139,1809,0.9340223096780578,1809,0.8844284754815924,1809,0.9399169130689,1809,0.9134051523505332,Chongqing,9857,0.0920746430060192,1809,0.0864095938820574,1809,0.0455051781502966,1809,0.018537672935237,1809,0.0882894298177231,1809,0.0862525977842623,1809,0.0762304102715328,1809,0.0808934692366272,1809,0.0430938120927017,1809,0.0176983577520013,1809,0.0827063833001984,1286,1809,5.599625766756044,1809,0.8822482310327262,1809,0.7568614434897725,1809,0.8954891559942244,1809,0.827641391675413,1809,0.9064558669131676,1809,0.8653888412955139,EAsia,E Asia
7581.0,IND,India,,,284.0,1157124.99511,,,,,0,,0,,0,,0,,0,,0,,Dehradun,0,,0,,0,,0,,0,,0,,0,,0,,0,,0,,0,,3827,0,,0,,0,,0,,0,,0,,0,,SAsia,S Asia
7601.0,IND,India,,,287.0,1147922.81901,,,,,710,0.5252761883017375,710,0.4448502431744313,710,0.5404725705496969,710,0.4782912060766731,710,0.5606148862301064,710,0.508069422734897,Kota,2334,0.0522878982461993,710,0.0473566766520542,710,0.0054372327953733,710,0.0027728609225716,710,0.0484779065511888,710,0.0602168059048047,710,0.0294815281937763,710,0.0430049338686897,710,0.0051278634098212,710,0.0026283630223712,710,0.0440697765956763,3836,710,3.081005771724173,710,0.4898741127582914,710,0.3933542210387304,710,0.5099260506863017,710,0.4323148430098236,710,0.5324211336027003,710,0.4683046591939786,SAsia,S Asia
7617.0,IND,India,,,1558.0,7292984.88056,,,,,2994,0.8414903550636914,2994,0.6794746640061061,2994,0.863727951615819,2994,0.7525700323179038,2994,0.8873082324518066,2994,0.8108117133650132,Pune,7203,0.0761326880691133,2994,0.0744029534353975,2994,0.0086642164440348,2994,0.0044011707136267,2994,0.0761775704471844,2994,0.0741141917546418,2994,0.05192209308173,2994,0.0624809732165269,2994,0.0075730064181767,2994,0.0038656366423056,2994,0.0640424613251771,3843,2994,5.862968251375949,2994,0.7275916040560043,2994,0.5568600751063287,2994,0.7553563264130874,2994,0.6267209493140189,2994,0.7807434881162276,2994,0.6920578262500396,SAsia,S Asia
7631.0,IND,India,,,361.0,1056634.65482,,,,,624,0.6115909379733845,624,0.5057169313206274,624,0.630104130821014,624,0.5428237588158182,624,0.6497314471331312,624,0.5865975882306802,Haridwar,3531,0.0593352609159378,624,0.0541697709773655,624,0.0063234539357466,624,0.0032192162565126,624,0.0554692336857927,624,0.067058618942786,624,0.0380482969422664,624,0.0516381261793957,624,0.0062547411229517,624,0.0032042487803322,624,0.0529356307114327,3850,624,3.3236624097502747,624,0.5977857184332834,624,0.467551499344196,624,0.6224112307798864,624,0.516559301064475,624,0.6487519913820156,624,0.567040062790935,SAsia,S Asia
7643.0,IND,India,,,577.0,2422104.31333,,,,,3377,0.3325479648900969,3377,0.2704996023075698,3377,0.342167522396621,3377,0.2959684482423247,3377,0.3539376565017217,3377,0.3165868021927133,Meerut,12252,0.0281425345264745,3377,0.0293266502588389,3377,0.0034388217590028,3377,0.0017520330588807,3377,0.0300345256569686,3377,0.0384409389316197,3377,0.0045363501042508,3377,0.0170436266081597,3377,0.0021124756850449,3377,0.0010893339767523,3377,0.0174864395411975,3856,3377,4.026030146025924,3377,0.1996490964080148,3377,0.1524646971267984,3377,0.2096075867864673,3377,0.1700349944648889,3377,0.2214064562105005,3377,0.1881350571869773,SAsia,S Asia
7704.0,CHN,China,2094890.40153,1.0,5536.0,21279474.4756,10675;10685;10687;10697;10738;10786,2439.0,6.0,19184584.0741,46371,0.5168554605854638,46371,0.4297109701933102,46371,0.5332147343271327,46371,0.4655841473940272,46371,0.5509573919542495,46371,0.4985579933628733,Beijing,81596,0.0475515734846164,46371,0.0461730111472347,46371,0.0248925476480535,46371,0.0104304156572984,46371,0.0472749256447155,46371,0.0501044587288175,46371,0.0165857210340143,46371,0.030687582906444,46371,0.0168125095563885,46371,0.0071574266916428,46371,0.0314596743562474,1342,46371,5.823415300506353,46371,0.3534948817616478,46371,0.2783575424657065,46371,0.3685849159489822,46371,0.3075290485301339,46371,0.3860456412406034,46371,0.3361431388877945,EAsia,E Asia
7744.0,CHN,China,917336.473716,1.0,1780.0,4232106.67047,10718,586.0,1.0,3314770.19675,10401,0.5070442845925245,10401,0.390874112211593,10401,0.5301440826914317,10401,0.436959510051472,10401,0.557392075975519,10401,0.4814545796695727,Shijiazhuang,24751,0.0447530682564692,10401,0.0436388216104519,10401,0.0240577647232331,10401,0.0102815535506698,10401,0.0447536055269593,10401,0.0548946195085821,10401,0.0199275827227781,10401,0.0356119549603081,10401,0.0200928542356946,10401,0.008792489664571,10401,0.0365936134319838,1359,10401,3.9593602983159344,10401,0.431447478449581,10401,0.3074287819196634,10401,0.4587378131056072,10401,0.352601584702192,10401,0.4908291697088349,10401,0.4007560500392999,EAsia,E Asia
7798.0,CHN,China,446394.481887,1.0,905.0,1697773.41899,10753,238.0,1.0,1251378.9371,10549,0.3232835227393024,10549,0.2661172110407978,10549,0.3340782567915379,10549,0.2869423617892389,10549,0.3471224960304592,10549,0.3104510346605898,Baoding,34223,0.0292327572157667,10549,0.0286212684957416,10549,0.0154890242531565,10549,0.0065281232916446,10549,0.0293155136246386,10549,0.039475587623431,10549,0.0049778565116286,10549,0.0179614754381303,10549,0.0099166663251302,10549,0.004261915902204,10549,0.0184284616968362,1384,10549,3.782181401707609,10549,0.2097740925665209,10549,0.1613388769066449,10549,0.2205330390218988,10549,0.1791329382379555,10549,0.2334931258081018,10549,0.1978504227979954,EAsia,E Asia
7839.0,IND,India,,,809.0,3288988.09682,,,,,73,0.4000000059604645,73,0.4000000059604645,73,0.4000000059604645,73,0.4000000059604645,73,0.4000000059604645,73,0.4000000059604645,Indore,465,0.0392000004649162,73,0.0392000004649162,73,0.0040000001899898,73,0.0020000000949949,73,0.0399999991059303,73,0.0541974558460033,73,0.0104611972998698,73,0.0307225838083506,73,0.0031349575925713,73,0.0015674787962856,73,0.031349574865135,3945,73,3.575853463370878,73,0.3134957546785938,73,0.3134957546785938,73,0.3134957546785938,73,0.3134957546785938,73,0.3134957546785938,73,0.3134957546785938,SAsia,S Asia
7881.0,IND,India,,,279.0,1055484.07049,,,,,467,0.6990137859400415,467,0.5222668519639838,467,0.7283611295337759,467,0.5945924146045087,467,0.758157759734193,467,0.6617103494536398,Kolhapur,4767,0.0658411642190589,467,0.059367859302107,467,0.0073145311424769,467,0.0037460938336286,467,0.0608841745231688,467,0.0749316195644015,467,0.0480036706098506,467,0.061722959147887,467,0.008046225782912,467,0.0041580634558674,467,0.0634133150911296,3965,467,2.80691492401312,467,0.7553037201872869,467,0.5238156171775993,467,0.799961220762021,467,0.6122535729464433,467,0.8451776204230055,467,0.7002518503422044,SAsia,S Asia
7884.0,CHN,China,198436.697069,1.0,511.0,1079361.07326,10809;10814,122.0,2.0,880924.376193,287,0.7597872555588159,287,0.7420621642337452,287,0.7641085592138304,287,0.7512331771198911,287,0.7665776782123356,287,0.7562156787968114,Zunyi,848,0.0729967954423821,287,0.0736298986213068,287,0.0378306718442455,287,0.0152189387830393,287,0.0751630553490207,287,0.080342340624266,287,0.0638281088387444,287,0.071495532935717,287,0.0367018508244359,287,0.0147506738491215,287,0.072977621808721,1422,287,3.463487365448214,287,0.7371165436552978,287,0.7219536976555554,287,0.7392437690794126,287,0.7290771303267961,287,0.7410433605816651,287,0.7343346315989103,EAsia,E Asia
7895.0,IND,India,,,338.0,1749764.90379,,,,,4581,0.4170905783964959,4581,0.3411310435795853,4581,0.4285445364967592,4581,0.3682824981575636,4581,0.4441497739772379,4581,0.3905059149985581,Aligarh,13739,0.0380231146688803,4581,0.0365782764766259,4581,0.0043114287478468,4581,0.0021973409813102,4581,0.0374665759396671,4581,0.0445969121344912,4581,0.0091614028518286,4581,0.0236329230265462,4581,0.0029579150115523,4581,0.0015205582641127,4581,0.0242501308496945,3972,4581,4.804630822191999,4581,0.2813129786760352,4581,0.2129145168462502,4581,0.2936297199984903,4581,0.2349170753095714,4581,0.3086039101089128,4581,0.2583052504944728,SAsia,S Asia
7933.0,IND,India,,,420.0,1842998.23819,,,,,3172,0.4360648013551552,3172,0.3568657788979861,3172,0.4491585193800029,3172,0.3873828959819028,3172,0.4675285754967131,3172,0.4173865338156211,Moradabad,15271,0.0389018360473727,3172,0.0385331041357412,3172,0.0045231460373982,3172,0.002310087758382,3172,0.0394681610879227,3172,0.0447034154706672,3172,0.010028376697195,3172,0.0239761553883081,3172,0.0030051127759816,3172,0.0015532148139736,3172,0.0246083149111975,3988,3172,4.946958922274853,3172,0.2828020651912054,3172,0.2134240364963369,3172,0.2979571191498003,3172,0.2383707281007499,3172,0.3160797536339947,3172,0.2659380886887574,SAsia,S Asia
7952.0,CHN,China,335774.866976,1.0,1223.0,3244349.99904,10840;10854;10881;10891,409.0,4.0,2908575.13207,1148,0.8242112781396157,1148,0.7692063684567861,1148,0.8303391079637683,1148,0.794110073915374,1148,0.8360292348833378,1148,0.8171754309714664,Guiyang,3597,0.0640771733850891,1148,0.0780950544835389,1148,0.0406842033142705,1148,0.0165149202690504,1148,0.079767114199843,1148,0.0755631008241019,1148,0.0576324725067793,1148,0.0655985503035508,1148,0.0342698946859987,1148,0.0139280338711354,1148,0.0670085577279939,1453,1148,7.583757470755545,1148,0.6955310763436174,1148,0.6420060527285815,1148,0.7002808192831215,1148,0.6675404591579447,1148,0.7050028440988023,1148,0.6885835584125569,EAsia,E Asia
7957.0,IND,India,,,535.0,2737028.21967,,,,,1185,0.7441358055321835,1185,0.5833274605274815,1185,0.7625369701432321,1185,0.6623217755705776,1185,0.783712191142298,1185,0.7172677739479165,Agra,5960,0.0698900641457604,1185,0.0652281475423876,1185,0.00765347999042,1185,0.0038867980854535,1185,0.0667955721455626,1185,0.0728226776218769,1185,0.0485901595509064,1185,0.0600880856918095,1185,0.00726596647325,1185,0.0037008586992114,1185,0.061581876678969,3997,1185,3.969663400109453,1185,0.7015588939482665,1185,0.5234926651279042,1185,0.7244842340157779,1185,0.6069578160650085,1185,0.7468949715826306,1185,0.6721242992087315,SAsia,S Asia
7960.0,CHN,China,370871.321234,1.0,674.0,1111698.43006,10859,125.0,1.0,740827.108826,435,0.4245975724375543,435,0.338975679581921,435,0.4425837796216142,435,0.3694568863150089,435,0.4642828631828682,435,0.4011268237413333,Xingtai,1207,0.0375484114341101,435,0.0369264452794115,435,0.0201441964454131,435,0.0085854409855204,435,0.037855010603775,435,0.0504317492189995,435,0.0124521617047687,435,0.0291180117644902,435,0.0162528174425727,435,0.0070633026762404,435,0.0299029144201746,1457,435,3.633575251047808,435,0.3465921067591626,435,0.2574721440635918,435,0.3674423102401709,435,0.2885317341762063,435,0.3924513411008845,435,0.3241025879398975,EAsia,E Asia
7961.0,IND,India,,,345.0,1861221.88509,,,,,1,0.4000000059604645,1,0.4000000059604645,1,0.4000000059604645,1,0.4000000059604645,1,0.4000000059604645,1,0.4000000059604645,Aurangabad,52,0.0392000004649162,1,0.0392000004649162,1,0.0040000001899898,1,0.0020000000949949,1,0.0399999991059303,1,0.0423247776925563,1,0.0034095766022801,1,0.018279455602169,1,0.0018652506405487,1,0.0009326253202743828,1,0.018652506172657,3999,1,5.361209869384766,1,0.1865250617265701,1,0.1865250617265701,1,0.1865250617265701,1,0.1865250617265701,1,0.1865250617265701,1,0.1865250617265701,SAsia,S Asia
7962.0,CHN,China,489819.90623,1.0,1115.0,2359897.52587,10860;10866,390.0,2.0,1870077.61964,3104,0.6335952407122135,3104,0.5027795129613247,3104,0.6563633589110454,3104,0.5567843123275185,3104,0.683720477146795,3104,0.605484916220374,Luoyang,9656,0.0591197048943244,3104,0.0553535570412711,3104,0.0302319021521496,3104,0.0127978639158817,3104,0.0567209979247512,3104,0.0634663530693399,3104,0.0329023251700238,3104,0.0471750841133846,3104,0.0263706733247827,3104,0.0114168313561798,3104,0.0484230051259572,1458,3104,4.883443504336304,3104,0.5632867079064564,3104,0.412905977565618,3104,0.5924106633587367,3104,0.4691872928739326,3104,0.62396028671779,3104,0.5277354933141248,EAsia,E Asia
7996.0,IND,India,,,225.0,1027678.6373,,,,,1667,0.7409589901219615,1667,0.5550640204692328,1667,0.771267580944063,1667,0.6340248830555479,1667,0.8053510045283382,1667,0.7038990937063304,Sangli,5995,0.067454249226429,1667,0.0631658667525093,1667,0.007756196295089,1667,0.0039756298736512,1667,0.0647765687151986,1667,0.0759906711379086,1667,0.0512046093262926,1667,0.0637583414095551,1667,0.0082593220593676,1667,0.0042622182447422,1667,0.0654899445476456,4015,1667,3.224694479669543,1667,0.7775653426841952,1667,0.5364598547574424,1667,0.821276200712225,1667,0.6351863265788109,1667,0.8658011423754423,1667,0.7261922977213727,SAsia,S Asia
8039.0,CHN,China,435588.786914,1.0,843.0,1414484.64244,10885;10910,249.0,2.0,978895.855526,5031,0.4310078615295566,5031,0.3374627945100011,5031,0.4511008287693692,5031,0.3729736188960127,5031,0.4743443984559967,5031,0.4086007911519812,Jiaozuo,11197,0.0378412094868035,5031,0.037276009411091,5031,0.0204637876681232,5031,0.0087401715218823,5031,0.0382246980931139,5031,0.0503871569074957,5031,0.0132304922341146,5031,0.0293158656258124,5031,0.0164400330512833,5031,0.0071719897381723,5031,0.0301164511644718,1489,5031,3.328859583185808,5031,0.3517770151979901,5031,0.2566745419456099,5031,0.373800191924048,5031,0.290382181401733,5031,0.4002927175676161,5031,0.3274873712313693,EAsia,E Asia
8043.0,CHN,China,477768.758465,1.0,856.0,1698252.07214,10912;10925,221.0,2.0,1220483.31368,6450,0.3631829015343735,6450,0.297456250323629,6450,0.3760663275128373,6450,0.3228852301798165,6450,0.3927770224760354,6450,0.3482629840016261,Handan,12367,0.0315526755548186,6450,0.0321343777471994,6450,0.0174113947297387,6450,0.0073441714878747,6450,0.0329199317061424,6450,0.0385332366680794,6450,0.0044732683169854,6450,0.0171640926241608,6450,0.0095224165202351,6450,0.0041088490414312,6450,0.0176161977226266,1491,6450,5.344489996079547,6450,0.2021109843946409,6450,0.1528001563577772,6450,0.2130164177777593,6450,0.1709510921113553,6450,0.2260525573281308,6450,0.1899534071478356,EAsia,E Asia
8055.0,CHN,China,1009857.70273,1.0,2413.0,8317096.11403,10901;10919;10922;10993;11001,882.0,5.0,7307238.4113,119918,0.5433371126701172,119918,0.439579864159299,119918,0.5626660990047351,119918,0.4824730605724003,119918,0.5834727630743678,119918,0.5206987595433463,Tianjin,203448,0.0502446509291724,119918,0.047903296363471,119918,0.0260189182909527,119918,0.0109713411408629,119918,0.049070241611779,119918,0.048669120757989,119918,0.0152298825960983,119918,0.0292397117903404,119918,0.01626146028465,119918,0.0070094509386779,119918,0.0300060061829746,1496,119918,6.795060290958722,119918,0.3454239110212174,119918,0.2581433966773668,119918,0.3629864229156377,119918,0.2916384383873667,119918,0.3831471481576909,119918,0.3251621824936672,EAsia,E Asia
8057.0,CHN,China,485887.97566,1.0,951.0,1562152.21147,10923,223.0,1.0,1076264.23581,8440,0.4454665767227061,8440,0.3511486990307615,8440,0.463575317060698,8440,0.3890719258936427,8440,0.4840257855479321,8440,0.4251583470895439,Anyang,16756,0.0403228630386085,8440,0.0387661006716378,8440,0.0212286365252552,8440,0.0090151824822564,8440,0.0397341522514026,8440,0.0416537571282464,8440,0.01136997214448,8440,0.0228504725552845,8440,0.0127743945986777,8440,0.0055416279688006,8440,0.023462641091828,1497,8440,6.984346638310957,8440,0.2724535620720628,8440,0.2003618893890504,8440,0.2879623097772033,8440,0.2271679695984917,8440,0.3060841968723929,8440,0.2550164689679954,EAsia,E Asia
8144.0,IND,India,,,232.0,1602739.6697,,,,,2,0.4000000059604645,2,0.4000000059604645,2,0.4000000059604645,2,0.4000000059604645,2,0.4000000059604645,2,0.4000000059604645,Gwalior,17,0.0392000004649162,2,0.0392000004649162,2,0.0040000001899898,2,0.0020000000949949,2,0.0399999991059303,2,0.0616902131587266,2,0.0153902126476168,2,0.0388343557715415,2,0.0039626893121749,2,0.0019813446560874,2,0.0396268926560878,4088,2,2.5237624645233154,2,0.3962689340114593,2,0.3962689340114593,2,0.3962689340114593,2,0.3962689340114593,2,0.3962689340114593,2,0.3962689340114593,SAsia,S Asia
8157.0,CHN,China,616037.793452,1.0,1214.0,2044707.24557,10960;10963;10986;10990;10997;11014,311.0,6.0,1428669.45212,42198,0.6838169550895944,42198,0.5123244310689232,42198,0.7149476987210729,42198,0.5837806433949736,42198,0.7462823245300987,42198,0.6474648468017264,Xinxiang,80770,0.0583426601252912,42198,0.0582164748542758,42198,0.0323064122404704,42198,0.0138377302551558,42198,0.0597090392754104,42198,0.0583051719543312,42198,0.0266740035506436,42198,0.0407908338245146,42198,0.0232689452669009,42198,0.0102298578779425,42198,0.0419326951709349,1538,42198,6.354140323119279,42198,0.5022212996555061,42198,0.3423987945376309,42198,0.5348337216100713,42198,0.4041512003927773,42198,0.570930541198192,42198,0.4651212828622904,EAsia,E Asia
8159.0,CHN,China,647628.108574,1.0,1676.0,2358087.33009,10991;11028;11037,390.0,3.0,1710459.22151,14023,0.3693958858847895,14023,0.304849473034676,14023,0.3821614861932093,14023,0.3331773315230991,14023,0.3970236268765405,14023,0.3553456881144013,Tangshan,50952,0.0332929076319074,14023,0.0329498943202684,14023,0.0177932714210958,14023,0.007465426161629,14023,0.0337439415265552,14023,0.0407279085877654,14023,0.0067503761126785,14023,0.0197496874813077,14023,0.010851056665493,14023,0.0046350930641709,14023,0.0202535316821911,1539,14023,4.933767903941355,14023,0.2285387957767885,14023,0.1783047806232978,14023,0.2390770100468537,14023,0.1977942198290153,14023,0.2519220826202316,14023,0.2166033537620012,EAsia,E Asia
8189.0,CHN,China,993065.685759,1.0,2310.0,5884051.26194,10966;10974;11009;11059,752.0,4.0,4890985.57618,43896,0.6662717345705149,43896,0.5419968909251165,43896,0.6891118563370925,43896,0.5917999283986329,43896,0.7144089772073398,43896,0.6378969817761879,Zhengzhou,74641,0.0608830014812095,43896,0.0588049583633578,43896,0.0318888549959226,43896,0.0134434017806174,43896,0.0602337757583087,43896,0.0633962539406626,43896,0.0305657651476414,43896,0.0462228479172681,43896,0.0257679427739575,43896,0.0111347208072122,43896,0.0474420821346421,1549,43896,5.288486314104181,43896,0.5487320292395498,43896,0.406584482764643,43896,0.5774339727051191,43896,0.4603810907740553,43896,0.6096170210338071,43896,0.51516703407952,EAsia,E Asia
8193.0,CHN,China,265395.25235,1.0,993.0,2004427.09937,11002;11010;11011;11018,433.0,4.0,1739031.84702,32082,0.5666421519298848,32082,0.4065351644384873,32082,0.590273578490622,32082,0.4776889258913068,32082,0.6316983375981501,32082,0.5338848795356592,Binhai,64860,0.0463291837595581,32082,0.0475070918322736,32082,0.0272288845109688,32082,0.0124231014593101,32082,0.0487704883191022,32082,0.052290309363805,32082,0.0161825238925461,32082,0.0320638598898078,32082,0.0190816380356504,32082,0.0090745588691432,32082,0.0329967142988811,1550,32082,5.369089228246044,32082,0.4017208311955749,32082,0.258826442909288,32082,0.4279456883943732,32082,0.31854205818024,32082,0.4664271894482359,32082,0.3713593374688718,EAsia,E Asia
8224.0,IND,India,,,294.0,1761174.35043,,,,,845,0.4197229652796703,845,0.3020609612537169,845,0.4430972330798736,845,0.3456349614199716,845,0.4678315404217042,845,0.3956240399247311,Bareilly,4130,0.0392635204139178,845,0.034911461895365,845,0.0044591066896995,845,0.0023020562072478,845,0.0358471248686684,845,0.0495699847004218,845,0.0122123425911686,845,0.0282613702548654,845,0.0039091256964299,845,0.0020495288614483,845,0.0291014295102852,4127,845,3.004598781382561,845,0.3575553102699793,845,0.2298866941639821,845,0.3862834268423088,845,0.2781182263858353,845,0.4200296343258159,845,0.3266315417247359,SAsia,S Asia
8258.0,IND,India,,,500.0,2239295.72971,,,,,146,0.4000000059604645,146,0.4000000059604645,146,0.4000000059604645,146,0.4000000059604645,146,0.4000000059604645,146,0.4000000059604645,Bhopal,1691,0.0392000004649162,146,0.0392000004649162,146,0.0040000001899898,146,0.0020000000949949,146,0.0399999991059303,146,0.052669110361792,146,0.0099696005684412,146,0.0294412254085467,146,0.003004206732754,146,0.001502103366377,146,0.0300420663533486,4144,146,4.0651702559242215,146,0.3004206685912113,146,0.3004206685912113,146,0.3004206685912113,146,0.3004206685912113,146,0.3004206685912113,146,0.3004206685912113,SAsia,S Asia
8274.0,CHN,China,485457.011151,1.0,878.0,1261384.99125,11068,183.0,1.0,775927.980103,1687,0.5705590665045939,1687,0.4312187290670514,1687,0.5953490709985225,1687,0.4873083524657516,1687,0.6220149210217342,1687,0.5397057770404334,Nanyang,7091,0.0549884277595478,1687,0.0486605296968043,1687,0.0269413820019021,1687,0.0115361703604766,1687,0.0499045591300181,1687,0.0621792417585756,1687,0.0280555940665895,1687,0.0441825284004175,1687,0.0250559422098326,1687,0.0109621922425772,1687,0.0453988230689807,1581,1687,3.4158507245654786,1687,0.5388197420611699,1687,0.3751262653002465,1687,0.5718893181402163,1687,0.438588967024441,1687,0.6081471848102096,1687,0.5009943590711521,EAsia,E Asia
8298.0,CHN,China,215868.156856,1.0,435.0,1018607.28401,11088,134.0,1.0,802739.127151,3252,0.5012239180634249,3252,0.4019711744991172,3252,0.5187430766198389,3252,0.4430467548060705,3252,0.5404201081008889,3252,0.4790067748773674,Pingdingshan,10716,0.0474385764158522,3252,0.0439960671431202,3252,0.0239514586420739,3252,0.0101206558841374,3252,0.04507690705756,3252,0.0559297660318082,3252,0.0209451931634924,3252,0.0366101425975303,3252,0.0203161336223574,3252,0.0087384772156253,3252,0.0375641652565061,1592,3252,3.5726053985661586,3252,0.4306854711194308,3252,0.3242064073863874,3252,0.4520381080223755,3252,0.365714855688069,3252,0.4770112268030603,3252,0.4061288994477315,EAsia,E Asia
8319.0,IND,India,,,764.0,1574536.59142,,,,,3080,0.9046083496843216,3080,0.6536125946470213,3080,0.9294878257886956,3080,0.800394107571451,3080,0.9462610565349896,3080,0.8736411317609283,Mangaluru,6841,0.0805863184137098,3080,0.0777508072822424,3080,0.019197567116364,3080,0.015251282639024,3080,0.0796433293969119,3080,0.0833354263988263,3080,0.0661842276091392,3080,0.0749697406583552,3080,0.0185974956299774,3080,0.0147336716442129,3080,0.0768267947219582,4173,3080,4.034640388868501,3080,0.8894719468059208,3080,0.614074063017668,3080,0.9106901196719156,3080,0.7691401268624917,3080,0.9285263988583844,3080,0.8572847541015757,SAsia,S Asia
8332.0,CHN,China,459895.859048,1.0,1548.0,4590552.64352,11112,457.0,1.0,4130656.78447,14434,0.781304361890878,14434,0.6218913602285308,14434,0.8082902279026924,14434,0.6881546299114202,14434,0.8358936287841423,14434,0.7484276341233395,Harbin,37366,0.0726701952065148,14434,0.0683888053473807,14434,0.037309443004652,14434,0.0157607093507457,14434,0.0700605929292591,14434,0.0689382114103971,14434,0.0414072783004247,14434,0.0545251518033961,14434,0.0304540794036645,14434,0.0131449545008379,14434,0.0559574261569732,1609,14434,6.121523242107141,14434,0.6487524983470692,14434,0.4757755828087804,14434,0.681228788825589,14434,0.5443582835737059,14434,0.7161368427348982,14434,0.609583356818958,EAsia,E Asia
8334.0,CHN,China,333877.836547,1.0,930.0,1401398.91231,11113,202.0,1.0,1067521.07576,5771,0.6922032400228034,5771,0.5470569487872734,5771,0.7147781974836331,5771,0.609530296843399,5771,0.7373904103710627,5771,0.6650654115226148,Fancheng,20395,0.0698789767625112,5771,0.0605156664717914,5771,0.0071704872849927,5771,0.0036530337113742,5771,0.0619904472275023,5771,0.0601205323779624,5771,0.0330048285334073,5771,0.0445991564353862,5771,0.0055018260531405,5771,0.002808825871313,5771,0.0457343763060845,1610,5771,6.475058582180198,5771,0.5290719050454693,5771,0.3868861001886525,5771,0.5481281791024788,5771,0.4470437137110625,5771,0.5676096105416397,5771,0.5016644692105277,EAsia,E Asia
8341.0,IND,India,,,280.0,1145587.29718,,,,,61,0.6782823839583881,61,0.4350843964711348,61,0.7033213587188804,61,0.5439503884558708,61,0.728007861541779,61,0.635531758107404,Solapur,428,0.0514464465039513,61,0.0543381759854831,61,0.0070570189311887,61,0.0036030095946181,61,0.055794191275226,61,0.0725947956598844,61,0.0428022513171861,61,0.0579536217215275,61,0.0080879817877737,61,0.0041313267672164,61,0.0596194308577386,4184,61,2.8540556020981684,61,0.7718885834834167,61,0.4255149061251541,61,0.8107734488366636,61,0.5740700505165328,61,0.8329047552439782,61,0.7035665793149567,SAsia,S Asia
8356.0,CHN,China,354094.128496,1.0,657.0,1021674.00303,11131,156.0,1.0,667579.874535,3446,0.366581145771397,3446,0.286759840278669,3446,0.383165939889829,3446,0.3204187225297891,3446,0.4014809107783783,3446,0.3502668738750749,Xuchang,14634,0.0342234979824459,3446,0.0318753261106027,3446,0.017498823804535,3446,0.0074385398199677,3446,0.0326782878438928,3446,0.0445847750036051,3446,0.0083571436264984,3446,0.0231653169806212,3446,0.0130444989890909,3446,0.0056981582386852,3446,0.0238007178034548,1620,3446,3.8042956223041102,3446,0.2796519648630821,3446,0.2007783465485831,3446,0.2968472204238441,3446,0.2294704067702558,3446,0.3177004036355258,3446,0.2602856424365214,EAsia,E Asia
8366.0,CHN,China,156017.618825,1.0,639.0,1019239.06764,11140,143.0,1.0,863221.448811,1944,0.930607060772202,1944,0.8141771345925122,1944,0.9395926984902424,1944,0.8871580479571367,1944,0.9499726593027272,1944,0.9218192816877916,Yichang,6822,0.0921371678874779,1944,0.0864400174598404,1944,0.0094097925902961,1944,0.0047342932731042,1944,0.0883399642174421,1944,0.0870917128093945,1944,0.0760874778516106,1944,0.0815114447063146,1944,0.0091601886032638,1944,0.0046227116623458,1944,0.0833695382944261,1625,1944,4.9762005611985085,1944,0.9009562493638368,1944,0.7479046910545046,1944,0.9140345608599768,1944,0.8341464422969908,1944,0.9290456889138974,1944,0.8820546241922096,EAsia,E Asia
8372.0,CHN,China,124946.718754,1.0,443.0,1044685.58494,11144;11153,146.0,2.0,919738.866188,1574,0.6119860427160436,1574,0.4934546950349748,1574,0.635036665489507,1574,0.5412410927691541,1574,0.6563907224466851,1574,0.5820073740247964,Qinhuangdao,2263,0.0550625266964059,1574,0.0537407869078377,1574,0.0293236750530802,1574,0.0125652107916117,1574,0.0550535679641508,1574,0.052575958447674,1574,0.0179932231199046,1574,0.0329780655975354,1574,0.0184791335284583,1574,0.0080979411888106,1574,0.0338547766592778,1628,1574,6.503246982553817,1574,0.3921746834152211,1574,0.2896811589146396,1574,0.4139407421894833,1574,0.3284951667313959,1574,0.4383554796443277,1574,0.3670811837018536,EAsia,E Asia
8396.0,CHN,China,223473.549115,1.0,575.0,1171199.29514,11161;11198,164.0,2.0,947725.746025,4309,0.6206606114105027,4309,0.4663808534927985,4309,0.6476117840516639,4309,0.5306776797460888,4309,0.6771162058195208,4309,0.5867334906891347,Jinzhou,11947,0.0573043592616842,4309,0.0528823745179273,4309,0.0293101431801937,4309,0.0125489758273183,4309,0.0542366066133371,4309,0.0623947445207683,4309,0.0310726045859071,4309,0.0455248429127364,4309,0.025740612768216,4309,0.0112209642096621,4309,0.0467642915943806,1639,4309,4.211824105008373,4309,0.5522391875571346,4309,0.3880788559703348,4309,0.5836486532349883,4309,0.4528682963728544,4309,0.6197241336448606,4309,0.5151082607295672,EAsia,E Asia
8419.0,IND,India,,,76.0,1028592.72311,,,,,424,0.5443626227719024,424,0.4090502274617246,424,0.5756107804494534,424,0.4597605422404666,424,0.6027158300369808,424,0.5120045681052035,Farrukhabad,2579,0.0581043187849335,424,0.046146005515832,424,0.005772855030847,424,0.0029729215307929,424,0.0473514367729332,424,0.0637820544936679,424,0.0270390194691541,424,0.0450032306940458,424,0.0060767874145538,424,0.0031691944158677,424,0.0462988678778706,4221,424,2.545080161952189,424,0.5618173019010484,424,0.3765026349218737,424,0.6012199028949079,424,0.4435398574084315,424,0.6478184501904005,424,0.5129416868858804,SAsia,S Asia
8433.0,IND,India,,,218.0,1044912.3782,,,,,1456,0.4130837386023752,1456,0.3357015148684997,1456,0.4309134881792277,1456,0.3655156961899756,1456,0.4507830144090334,1456,0.3981114650530734,Shahjahanpur,9075,0.0403151742374428,1456,0.0364733516309907,1456,0.0043341038021624,1456,0.0022241107520764,1456,0.0373749173101088,1456,0.050011086954608,1456,0.0117873046373905,1456,0.0282545180599506,1456,0.0035755909039483,1456,0.0018540117015651,1456,0.0290103147003878,4228,1456,3.1486070130534234,1456,0.3343865447606061,1456,0.249804752945344,1456,0.3542451374600086,1456,0.2807701405969148,1456,0.3778982849206553,1456,0.3143433302866737,SAsia,S Asia
8448.0,CHN,China,511579.978528,1.0,852.0,1188290.35848,11199,172.0,1.0,676710.379951,22480,0.4494742823620478,22480,0.3550315370420108,22480,0.4692495876515211,22480,0.3910346380414124,22480,0.4922946633432997,22480,0.4273820267449474,Luohe,71407,0.0451178871999083,22480,0.0390513121066437,22480,0.0213842467749453,22480,0.0091079968170644,22480,0.0400359013082508,22480,0.0465999991284019,22480,0.0115839739145278,22480,0.026286223199308,22480,0.0147832449495077,22480,0.0064651404473654,22480,0.0270098440341852,1664,22480,5.291758858458812,22480,0.3169400685857759,22480,0.228939345397808,22480,0.3374187779549953,22480,0.2601246175380167,22480,0.3618104042996277,22480,0.294415682160034,EAsia,E Asia
8476.0,CHN,China,803253.820699,1.0,1923.0,4264024.41164,11223,529.0,1.0,3460770.59094,36939,0.7663654956625529,36939,0.6586258687197732,36939,0.7848536264191097,36939,0.70265679234727,36939,0.8046645295712963,36939,0.7434426949449109,Jinan,68308,0.0667700081112546,36939,0.0695349246725057,36939,0.0371121871327963,36939,0.0154206949587325,36939,0.071144253620815,36939,0.0687207052129352,36939,0.0389773471050442,36939,0.0534773096794447,36939,0.0291553383534403,36939,0.0123599468904302,36939,0.0548010250961537,1678,36939,6.363869351608949,36939,0.6114568125996582,36939,0.4894295674436013,36939,0.6352614264554338,36939,0.5363978985395036,36939,0.661857408782231,36939,0.583294850555647,EAsia,E Asia
8497.0,IND,India,,,754.0,1602872.64541,,,,,1277,0.7437800406335643,1277,0.5338665876403791,1277,0.7717098870453871,1277,0.6151395469802872,1277,0.8056621420883517,1277,0.6917081695236996,Kannur,5033,0.0614861805932754,1277,0.06166009353201,1277,0.0292305140611487,1277,0.0269144785428755,1277,0.0632714171160542,1277,0.0785969452943119,1277,0.0543201326649847,1277,0.0669224898431597,1277,0.0322230442804286,1277,0.0296556993664324,1277,0.0686954846612776,4259,1277,2.790844859178389,1277,0.8297581319983561,1277,0.5407480852952768,1277,0.8638515010428148,1277,0.6710725549330594,1277,0.8864971677461142,1277,0.7776274110463417,SAsia,S Asia
8510.0,CHN,China,444560.904613,1.0,1847.0,3868822.1543,11248;11281,450.0,2.0,3424261.24969,4334,0.5467673577707627,4334,0.4801522571505391,4334,0.5601169338584935,4334,0.5058871679845124,4334,0.5749504599567257,4334,0.5320089166171003,Changchun,15971,0.0400961965934293,4334,0.0500831200811885,4334,0.0265820351624518,4334,0.0110135940446095,4334,0.0512330206840463,4334,0.0518958589652294,4334,0.0211395779886505,4334,0.0339309080158838,4334,0.0181850899603361,4334,0.007606443288214,4334,0.0347367451983946,1694,4334,7.119110287280327,4334,0.3767284170235694,4334,0.3201372496340454,4334,0.3885487474146429,4334,0.3419289580154737,4334,0.4029184223942543,4334,0.3633141470931808,EAsia,E Asia
8587.0,IND,India,,,52.0,1195723.57036,,,,,0,,0,,0,,0,,0,,0,,Hardoi,0,,0,,0,,0,,0,,0,,0,,0,,0,,0,,0,,4302,0,,0,,0,,0,,0,,0,,0,,SAsia,S Asia
8595.0,IND,India,,,610.0,1480750.51278,,,,,247,0.7435693403808562,247,0.5831934574148868,247,0.7762086791708842,247,0.6563512648373108,247,0.8055427675050327,247,0.7176036898373871,Thalassery,1265,0.0629160257431518,247,0.0650758796474731,247,0.0077831577214944,247,0.0039837127123989,247,0.0666869649317716,247,0.0802053030482502,247,0.0582626742117638,247,0.0695026151714146,247,0.0083756095535943,247,0.0042657883623105,247,0.0712220047909448,4306,247,2.741979318841741,247,0.806022751043422,247,0.6117897933533708,247,0.8379057414294959,247,0.7009195771269929,247,0.859694233014745,247,0.7742376564358489,SAsia,S Asia
8604.0,CHN,China,297359.952933,1.0,562.0,1006438.02257,11317,124.0,1.0,709078.069641,371,0.4839262486719713,371,0.4309498481011514,371,0.4931683343623295,371,0.4496332746134031,371,0.5043146282122949,371,0.4672105790560946,Tai'an,2043,0.0509869124334315,371,0.0444618809950739,371,0.0234559315436936,371,0.0097032744751849,371,0.0454705092018465,371,0.0619822098403144,371,0.0209208177414304,371,0.0412927165175635,371,0.0223267982627067,371,0.0094397286127029,371,0.0423057402152764,1738,371,3.184133891906692,371,0.4665820886063567,371,0.3848189769083697,371,0.485893524927618,371,0.41433871272026,371,0.5065121070964926,371,0.4447992816465909,EAsia,E Asia
8620.0,CHN,China,557487.061968,1.0,1005.0,1136814.74397,11329;11362,179.0,2.0,579327.682007,3036,0.3257305019758158,3036,0.2596259565210966,3036,0.3387109709253359,3036,0.286512088763181,3036,0.3507962350763384,3036,0.3101842439317041,Shangqiu,11266,0.0303591215035344,3036,0.0284788342575451,3036,0.015526975594427,3036,0.0065765306321201,3036,0.0291804267800125,3036,0.0435869178139645,3036,0.0065721456573026,3036,0.0214151142628587,3036,0.0119641097921855,3036,0.0051910763360763,3036,0.0219895075477532,1745,3036,2.90259629286937,3036,0.255159227649377,3036,0.1879619439101599,3036,0.2699464485828632,3036,0.2130539671234901,3036,0.2871966647230297,3036,0.2384815989184542,EAsia,E Asia
8630.0,CHN,China,677093.513889,1.0,2024.0,6219708.34811,11334;11365,566.0,2.0,5542614.83422,22355,0.489212359908017,22355,0.3658028975375939,22355,0.5146869628389813,22355,0.4135422185671291,22355,0.544385106883917,22355,0.4606742918313175,Shenyang,59505,0.0456242966887891,22355,0.0414446653292588,22355,0.0230498073120966,22355,0.0099365597890566,22355,0.0425334354101837,22355,0.0482954535657642,22355,0.0143708165374913,22355,0.0285037846046951,22355,0.0162924859071535,22355,0.0072168983868,22355,0.0293232496012722,1750,22355,5.075621055102794,22355,0.3528779805157231,22355,0.2403672589736275,22355,0.3788426526985246,22355,0.2808632880954878,22355,0.4097324430056396,22355,0.3241758774635229,EAsia,E Asia
8644.0,CHN,China,298489.429992,1.0,525.0,1023093.18866,11341,108.0,1.0,724603.758667,15156,0.4880493808025656,15156,0.3258860366805521,15156,0.5106959773298094,15156,0.4148281902896393,15156,0.5331437716822632,15156,0.461917345057536,Jining,32851,0.0408112699433033,15156,0.0404814952311871,15156,0.0230299270364212,15156,0.0098787441440941,15156,0.0415477828599656,15156,0.0484000665529034,15156,0.0143711940889237,15156,0.0287101233152961,15156,0.017313793872732,15156,0.0077343209868191,15156,0.0295860198290686,1755,15156,5.023282875238192,15156,0.3783214847434787,15156,0.1990726601930609,15156,0.4075038084762131,15156,0.2918163776576504,15156,0.4379482547168386,15156,0.3468151476395965,EAsia,E Asia
8664.0,CHN,China,1168766.93208,1.0,2900.0,3699954.75321,11313;11335;11353;11354;11388,770.0,5.0,2531187.82113,16094,0.4002092978062734,16094,0.3243976513453364,16094,0.4159414460315034,16094,0.3543831521057746,16094,0.4336608743848398,16094,0.3828320393512366,Zibo,33333,0.0370334332368825,16094,0.0352577349759055,16094,0.019155536530347,16094,0.0080973087104944,16094,0.0361250566353243,16094,0.0379528769809989,16094,0.0074783015276267,16094,0.0185064351061298,16094,0.010273522458775,16094,0.0044344808622778,16094,0.0189939501006488,1764,16094,6.999683900037487,16094,0.2181878788945014,16094,0.1645441624543977,16094,0.2299845310529365,16094,0.1842729432126442,16094,0.2437574783951746,16094,0.2049964956338267,EAsia,E Asia
8673.0,IND,India,,,993.0,2598494.42344,,,,,1769,0.8729113954739617,1769,0.7456091568809083,1769,0.8853945167064375,1769,0.811330865184584,1769,0.8986603823920627,1769,0.8489694026574288,Kozhikode,5469,0.0829011643411313,1769,0.0795092547910819,1769,0.0093249829896451,1769,0.0049588260161427,1769,0.0813065765512855,1769,0.088637148102389,1769,0.0771843117879541,1769,0.0831183635781676,1769,0.009743792262035,1769,0.0051707517516722,1769,0.0849940944483059,4344,1769,2.823374833794073,1769,0.9150058019492296,1769,0.7746026876673971,1769,0.9265039617569424,1769,0.8477090450209522,1769,0.9378642294946952,1769,0.8934790185100044,SAsia,S Asia
8674.0,IND,India,,,1571.0,2981880.87738,,,,,4481,0.788320355560109,4481,0.6128002659541012,4481,0.8104911453238123,4481,0.6925465850098141,4481,0.8339651984324089,4481,0.7528468618314805,Guruvayur,13145,0.0751362731543452,4481,0.0684841219148472,4481,0.011296674887529,4481,0.0075145744813466,4481,0.0701520526183435,4481,0.0836967167620279,4481,0.0656244477367923,4481,0.0751109363927368,4481,0.012582157005478,4481,0.0083427080490627,4481,0.0769877496333803,4345,4481,2.572059039328277,4481,0.8829657630520175,4481,0.6541175228570622,4481,0.9114338492677276,4481,0.7585741171358215,4481,0.9384059379175576,4481,0.8369723483386532,SAsia,S Asia
8675.0,IND,India,,,611.0,1166411.94332,,,,,2230,0.877559918868656,2230,0.7700403278877388,2230,0.8924705715104979,2230,0.81239542038115,2230,0.9072680655731752,2230,0.8575165505206084,Malappuram,4774,0.0848696774082567,2230,0.0804096387638771,2230,0.0089392202177526,2230,0.0045141440386153,2230,0.0822241760130095,2230,0.0895482791315249,2230,0.0788251704366422,2230,0.084474391521839,2230,0.0094625000941436,2230,0.0047733332429845,2230,0.0863917304972,4346,2230,2.8759610841129493,2230,0.9303373018201408,2230,0.8026307764541696,2230,0.9453294712883746,2230,0.852350014579781,2230,0.9586683225985374,2230,0.9058886435522115,SAsia,S Asia
8686.0,IND,India,,,55.0,1001347.21231,,,,,4,0.3827922147783366,4,0.3655844210320479,4,0.3827922147783366,4,0.3655844210320479,4,0.3827922147783366,4,0.3827922147783366,Lakhimpur,14,0.0287249900153753,4,0.0363951302919682,4,0.0038279222397061,4,0.001913961119853,4,0.0371607137275496,4,0.0400398219633218,4,0.0029033529919922,4,0.0165361396170088,4,0.0018262863397301,4,0.000925825309127799,4,0.0169091958147413,4350,4,5.23496137810992,4,0.1781993512693163,4,0.1606474035455808,4,0.1819850655345173,4,0.1674616905050231,4,0.1865279226527585,4,0.1738629885888719,SAsia,S Asia
8717.0,CHN,China,227001.147444,1.0,927.0,2818094.81367,11382;11400;11412;11422,283.0,4.0,2591093.66623,11897,0.983263797622074,11897,0.7449630180571817,11897,0.9976267058077908,11897,0.9004388205425946,11897,0.998310421883548,11897,0.9628731370448412,Nanning,19033,0.0884095363273771,11897,0.086761541843256,11897,0.0476231174743386,11897,0.0196734371618985,11897,0.0887581622922239,11897,0.0818797837382484,11897,0.064155000254921,11897,0.073098493506664,11897,0.0414605109939653,11897,0.0176189088036099,11897,0.0749575502208623,1783,11897,6.685270626377847,11897,0.8752172302792842,11897,0.5872338547571327,11897,0.9043677129261686,11897,0.7526477085101402,11897,0.929527719171048,11897,0.8367923955048997,EAsia,E Asia
8722.0,IND,India,,,807.0,4341524.84992,,,,,4178,0.6349387142913887,4178,0.4490537384054263,4178,0.6627406855822975,4178,0.5291029401020142,4178,0.6922963399240802,4178,0.597618394201849,Kanpur,16679,0.0629145053512123,4178,0.0527942765785417,4178,0.0066613467143347,4178,0.003417148213587,4178,0.0541788691281469,4178,0.0662215515157814,4178,0.0342457606972372,4178,0.0498260024207899,4178,0.0068876403924776,4178,0.0035608906248174,4178,0.0512731988527535,4366,4178,3.320848953431205,4178,0.6451683432016375,4178,0.3883889318039889,4178,0.6855315689747129,4178,0.49149180787509,4178,0.7235980875582788,4178,0.5895160478645061,SAsia,S Asia
8747.0,CHN,China,390827.205236,1.0,837.0,1470959.82606,11398,244.0,1.0,1080132.62082,2294,0.6674899500449836,2294,0.4901981228982038,2294,0.6964095102694787,2294,0.5611237357199911,2294,0.7288382895776094,2294,0.6301485707181436,Fushun,5323,0.0622132752677579,2294,0.0561879437784252,2294,0.0313625738458504,2294,0.0134934894744365,2294,0.0576456203099253,2294,0.0577842327641879,2294,0.0276487980645228,2294,0.0407330717081323,2294,0.0231476289030156,2294,0.0101528338575385,2294,0.0418644342616671,1795,2294,6.103206169759879,2294,0.4989990060065254,2294,0.345213931754382,2294,0.5290376815134938,2294,0.4034582793875748,2294,0.5656810733843317,2294,0.4628613803046849,EAsia,E Asia
8753.0,CHN,China,319962.17564,1.0,759.0,1846134.212,11390;11393;11401,232.0,3.0,1526172.03636,432,0.3802650100069989,432,0.3198592234594483,432,0.3903945937092105,432,0.3391716844742721,432,0.4085683696041449,432,0.3686231404104566,Anshan,1177,0.033675021598702,432,0.0339622291677347,432,0.0183035928535961,432,0.0076866710215314,432,0.034779365348742,432,0.0450731913840289,432,0.0062623680103616,432,0.0221975051311761,432,0.0122503210837756,432,0.0052796403393342,432,0.0227806165693986,1797,432,4.264889618172128,432,0.2593365945623817,432,0.2003926963962572,432,0.2736764860234825,432,0.2208191243767916,432,0.2915557835457194,432,0.2438929322416901,EAsia,E Asia
8777.0,CHN,China,189255.929902,1.0,659.0,1690756.19417,11415,174.0,1.0,1501500.26427,1823,0.7063408312149536,1823,0.5621792957038658,1823,0.7291289868560105,1823,0.6261699764873067,1823,0.7525146604356588,1823,0.679662098952555,Jilin,4737,0.0701673134817303,1823,0.0620373677243085,1823,0.0338336650744363,1823,0.0142461838825492,1823,0.0635423967302132,1823,0.0683226494076387,1823,0.0403071320566124,1823,0.0535786308690782,1823,0.0298532088875497,1823,0.0128133395344158,1823,0.0549574675796841,1807,1823,4.261905239175984,1823,0.6342585532010834,1823,0.4682950805383892,1823,0.6607143117900747,1823,0.535875264617437,1823,0.6894180608532552,1823,0.6001160082794488,EAsia,E Asia
8809.0,CHN,China,285168.89974,1.0,773.0,1737108.20055,11438,232.0,1.0,1451939.30081,651,0.9436970319772862,651,0.8590710840691079,651,0.9486331826542512,651,0.9099920743333854,651,0.9535693331243444,651,0.9355021743671011,Liuzhou,3850,0.093002212573968,651,0.0888891163811732,651,0.0465696782916331,651,0.0188872636665125,651,0.090796257321598,651,0.089679682720728,651,0.080329185880362,651,0.085020949341291,651,0.045096035717836,651,0.0184412907748529,651,0.0869036110244182,1821,651,5.114009442991598,651,0.9191340747886376,651,0.8013704887562526,651,0.9307199335026298,651,0.8709325099204499,651,0.9413296275142846,651,0.9060504275559932,EAsia,E Asia
8848.0,IND,India,,,1203.0,5244876.15644,,,,,5184,0.8076859047363548,5184,0.714281324386061,5184,0.8237230709269223,5184,0.7509297618671271,5184,0.842577515526582,5184,0.7852762416405976,Lucknow,10876,0.0780878065320632,5184,0.0742161506136747,5184,0.0082631282725989,5184,0.0041846058664219,5184,0.0759013062085919,5184,0.0743700268241703,5184,0.0544077962632551,5184,0.0636535377703327,5184,0.0071336495388604,5184,0.003619694396753,5184,0.0651124041975576,4425,5184,5.279819236864308,5184,0.6944614494381965,5184,0.6113941321778761,5184,0.7111206266022141,5184,0.643114542380731,5184,0.7294324313997189,5184,0.6748505866951089,SAsia,S Asia
8891.0,CHN,China,242031.072901,1.0,947.0,1311446.36238,11492,232.0,1.0,1069415.28948,4790,0.7294582442124082,4790,0.6038873815889382,4790,0.7519420382709,4790,0.6554958352918618,4790,0.7739687610965125,4790,0.7041016035526632,Guilin,10997,0.0668783350508019,4790,0.0650387080534182,4790,0.0351020649238571,4790,0.0147081035953722,4790,0.0665866454425851,4790,0.0686499744784797,4790,0.0399537026904348,4790,0.0537343118660145,4790,0.0296074888812986,4790,0.0126532900462556,4790,0.0551003965484812,1857,4790,5.261426113424463,4790,0.6249051297692313,4790,0.4815981884157858,4790,0.653761469288336,4790,0.5381181148155556,4790,0.6830419630198492,4790,0.5921617891338342,EAsia,E Asia
8896.0,IND,India,,,377.0,1460486.32509,,,,,40,0.6586500889242859,40,0.5078981659984434,40,0.6859325051237098,40,0.5792658370016875,40,0.7027590277775144,40,0.632409711615301,Mysuru,139,0.0627172118344553,40,0.057254026265999,40,0.0068500118722721,40,0.0034885553721131,40,0.0586595433241979,40,0.0741826075683372,40,0.0465853911062758,40,0.0604527352986523,40,0.0073879369219286,40,0.0037377455585047,40,0.0619550655756417,4443,40,2.887135310876009,40,0.7209637757216494,40,0.508399226775866,40,0.7391127841210775,40,0.6117182553061513,40,0.7511646989660196,40,0.6891799039940214,SAsia,S Asia
8900.0,IND,India,,,2029.0,4079939.19612,,,,,12607,0.7031996409587943,12607,0.5774685581351061,12607,0.7240493696668663,12607,0.6344887472863271,12607,0.7420326694705999,12607,0.6791859275437606,Kochi,27167,0.0663304549145974,12607,0.0626832259200394,12607,0.0141781025808551,12607,0.0110470325151885,12607,0.0641672912357318,12607,0.0753778037415188,12607,0.0498099661165275,12607,0.0626600969206642,12607,0.0143613990352228,12607,0.011144498977697,12607,0.0642029773612294,4445,12607,3.302863924670629,12607,0.7214768914335126,12607,0.5630173389587381,12607,0.7466220382568574,12607,0.6312456459235248,12607,0.771439798353893,12607,0.6890056840966345,SAsia,S Asia
8909.0,CHN,China,240518.915262,1.0,567.0,1000825.59384,11502;11504;11518,128.0,3.0,760306.678574,3009,0.9273238870076206,3009,0.7938990103448551,3009,0.9403236539884148,3009,0.8650753280855427,3009,0.9509633814372812,3009,0.9075628552487032,Shaoyang,5473,0.0857893580753298,3009,0.0847444133058669,3009,0.0451719829630105,3009,0.0185824096045691,3009,0.0866463413184009,3009,0.0870746828615264,3009,0.0739696723514246,3009,0.0807813765241859,3009,0.0436496669178425,3009,0.0181384454396879,3009,0.0826613972058521,1865,3009,5.044756068225628,3009,0.9030292283473051,3009,0.7366876037233157,3009,0.92271537421872,3009,0.8237815967711857,3009,0.9400093644521768,3009,0.8769664524283096,EAsia,E Asia
8935.0,CHN,China,590796.171504,1.0,1230.0,1768060.18832,11519;11553,283.0,2.0,1177264.01682,7230,0.4812715966739345,7230,0.3757225259293595,7230,0.500253269381944,7230,0.4199546152320597,7230,0.5222044885012159,7230,0.4579893952420958,Weifang,15872,0.0444007274099524,7230,0.0417448926111792,7230,0.0228973727149659,7230,0.009728212651665,7230,0.042789301406662,7230,0.043971326365273,7230,0.0101880077669827,7230,0.0236040209104477,7230,0.0132800860041541,7230,0.0057848764965856,7230,0.0242457846980905,1874,7230,6.372850503189824,7230,0.284199248473597,7230,0.2040881112680591,7230,0.3011479057311257,7230,0.2345398365220126,7230,0.3208818676125334,7230,0.2651407961213526,EAsia,E Asia
8952.0,IND,India,,,835.0,3187285.47374,,,,,220,0.6467463869984215,220,0.5386725049282922,220,0.6679667850895432,220,0.5789351813152936,220,0.6917994826908624,220,0.6228919807259926,Nagpur,1264,0.0551902619703588,220,0.0576422236811477,220,0.0067100313184115,220,0.0034232483666841,220,0.059025822217508,220,0.0733672481466663,220,0.0463642372155176,220,0.0597111007229119,220,0.0071513516119896,220,0.003656799684974,220,0.061190423381225,4469,220,2.91923831668434,220,0.6858298298033015,220,0.5455240306862151,220,0.7119909481345245,220,0.5974793358432271,220,0.7396609437123688,220,0.6536324085109007,SAsia,S Asia
8963.0,CHN,China,429972.030167,1.0,783.0,1100943.66786,11535;11541,158.0,2.0,670971.637695,48378,0.6010769056498639,48378,0.4907217990564843,48378,0.6225411479609806,48378,0.5352756243806082,48378,0.6475175634833575,48378,0.576914614821245,Fuyang,76515,0.0554834039554837,48378,0.0531868803539711,48378,0.0288319791800787,48378,0.0121491258788907,48378,0.0544819150318147,48378,0.0583495945019579,48378,0.0239269740685038,48378,0.0396654142211519,48378,0.0220525243652396,48378,0.0095105070857581,48378,0.0407065564184485,1886,48378,5.231117584479139,48378,0.4685223789488313,48378,0.3507822393418269,48378,0.4927033968970897,48378,0.3953790416402641,48378,0.5205710002140229,48378,0.4407554381629855,EAsia,E Asia
8973.0,CHN,China,289071.934806,1.0,1290.0,3668893.67929,11540,553.0,1.0,3379821.74448,338,0.4000000059604645,338,0.4000000059604645,338,0.4000000059604645,338,0.4000000059604645,338,0.4000000059604645,338,0.4000000059604645,Dalian,1441,0.0392000004649162,338,0.0392000004649162,338,0.0232075466510822,338,0.013132075647349,338,0.0399999991059303,338,0.0509186045446314,338,0.0092294719788619,338,0.0278893258580274,338,0.0159287576012575,338,0.0084109150407009,338,0.028458495436602,1891,338,4.731324426649668,338,0.2845849584357242,338,0.2845849584357242,338,0.2845849584357242,338,0.2845849584357242,338,0.2845849584357242,338,0.2845849584357242,EAsia,E Asia
8981.0,CHN,China,709567.361065,1.0,1572.0,1670203.65552,11490;11506;11520;11544,349.0,4.0,960636.294458,3847,0.5437453474211702,3847,0.4260341362290508,3847,0.5729975352894388,3847,0.4707906005537975,3847,0.6047774202151208,3847,0.5126900468674646,市中区,11073,0.044486196461943,3847,0.0470135249564009,3847,0.0258024608434085,3847,0.0110502514010737,3847,0.0482230794488886,3847,0.0569412149252135,3847,0.0212919252508357,3847,0.037459335125979,3847,0.0211898753587028,3847,0.0094099501713844,3847,0.0385393080448776,1894,3847,3.919809040163939,3847,0.4586432982751912,3847,0.3250799503609046,3847,0.4995045097868917,3847,0.3688973586036588,3847,0.539986431108982,3847,0.416430984228485,EAsia,E Asia
8989.0,CHN,China,755120.113076,1.0,2682.0,8534060.73725,11549;11569;11613;11618,917.0,4.0,7778940.62418,78265,0.941763427792714,78265,0.771061334731191,78265,0.9612822106632534,78265,0.8616798934057955,78265,0.979520638300441,78265,0.9172658486893844,Wuhan,185795,0.088471710086773,78265,0.0844666812197588,78265,0.0096278595566812,78265,0.0048702454933909,78265,0.0864257225840429,78265,0.0787634566900654,78265,0.0591350735693703,78265,0.0687479334159073,78265,0.0082195660891466,78265,0.00420100535417,78265,0.0704474868966991,1898,78265,7.361916356452944,78265,0.7895648440959031,78265,0.607142778338034,78265,0.8178594734462,78265,0.6977007141468193,78265,0.8497760604064336,78265,0.7596748962339257,EAsia,E Asia
8993.0,CHN,China,293042.194151,1.0,607.0,1220714.56369,11551;11556,182.0,2.0,927672.369543,16109,0.5073030570211705,16109,0.4233904559994363,16109,0.5251255341386053,16109,0.4571271110175396,16109,0.5456559864414938,16109,0.4884261618117366,Huaibei,34819,0.0472935872926268,16109,0.0453621283426232,16109,0.024440500758964,16109,0.0102572017302652,16109,0.0464534400580965,16109,0.0536432561609805,16109,0.0175645999455186,16109,0.0336035900945758,16109,0.0184884414247085,16109,0.0079297161177556,16109,0.0344701139446895,1900,16109,4.319826763544807,16109,0.3907554414354279,16109,0.3037517513341454,16109,0.4101586162022007,16109,0.335515148137309,16109,0.433261861627455,16109,0.3683998694484641,EAsia,E Asia
8997.0,IND,India,,,1540.0,2802508.962,,,,,11158,0.60722800215824,11158,0.513183698852766,11158,0.627353357540003,11158,0.5507175394098217,11158,0.6495514108692321,11158,0.5847309112988184,Kollam,24404,0.0611417177158009,11158,0.0545908629178822,11158,0.0075883129575107,11158,0.0045873475803169,11158,0.0558899655636206,11158,0.0715422183956581,11158,0.0420324212030123,11158,0.0568217612847296,11158,0.0080795566248677,11158,0.0048645523595094,11158,0.0582328554797507,4491,11158,2.663087908226378,11158,0.6478142721641373,11158,0.5213897718199626,11158,0.67485338739288,11158,0.5702081139628387,11158,0.7055467844703104,11158,0.6181176038482167,SAsia,S Asia
9007.0,IND,India,,,362.0,1706855.62296,,,,,162,0.6776639608559498,162,0.5872329804621437,162,0.6873504071236402,162,0.6326695818312088,162,0.6983035613893346,162,0.6606995626081532,Jabalpur,776,0.0738258631574964,162,0.0620809355938456,162,0.0068876239322102,162,0.0034750880403292,162,0.0634775427842441,162,0.0722803548358608,162,0.0469549862865875,162,0.0591411971352031,162,0.0067293384271385,162,0.0034094971680726,162,0.0605132538078586,4496,162,3.428401459396667,162,0.6556699962308078,162,0.5580359277931473,162,0.6722665219728384,162,0.5973859727246771,162,0.6860278354507919,162,0.6329613957575975,SAsia,S Asia
9008.0,CHN,China,723429.011216,1.0,1607.0,2483179.90076,11552;11561,408.0,2.0,1759750.88954,2034,0.4071410647107354,2034,0.4000000059604645,2034,0.4078816978463748,2034,0.4000000059604645,2034,0.422726890782091,2034,0.4046722879303842,Xuzhou,5959,0.0393658282941798,2034,0.0394126211519808,2034,0.0202580740792148,2034,0.0081879905746895,2034,0.0402580736711893,2034,0.0584023583699145,2034,0.0136353550934404,2034,0.0354823879170849,2034,0.0183039589569718,2034,0.0074266099011651,2034,0.0362590838325069,1905,2034,3.131063055987049,2034,0.3680404291247144,2034,0.3591025048795925,2034,0.3692041859693911,2034,0.3591025048795925,2034,0.3883483192984255,2034,0.3660541358784379,EAsia,E Asia
9013.0,IND,India,,,699.0,1314887.25839,,,,,7845,0.5980422337728564,7845,0.4995502470342948,7845,0.6178618440599409,7845,0.5431003405111681,7845,0.6392735555515382,7845,0.5801941368975068,Ettumanoor,15831,0.0532800722763267,7845,0.0537323268973569,7845,0.0062040103564744,7845,0.0031642501770357,7845,0.0550108740811104,7845,0.0670325241003971,7845,0.0380277103711091,7845,0.0516491423730587,7845,0.0061555730413642,7845,0.0031544875509982,7845,0.0529273311059893,4499,7845,3.14829025644942,7845,0.5886617918348166,7845,0.4700388738360565,7845,0.6117724154582922,7845,0.5205263378672451,7845,0.6390939885455603,7845,0.5628211692232856,SAsia,S Asia
9045.0,IND,India,,,1904.0,8859344.66366,,,,,813,0.6000000009310935,813,0.5367773703378504,813,0.6136531371068837,813,0.5618696209744334,813,0.627429274212097,813,0.584132843892586,Hyderabad,4652,0.0401766884077801,813,0.0554726323419849,813,0.0061506150364257,813,0.0031164821745944,813,0.0567274903638006,813,0.0588441733660366,813,0.0230319881825878,813,0.0394902874932992,813,0.0045844448083048,813,0.0023441832587399,813,0.0404390578692593,4514,813,5.31093680198782,813,0.4402141879492544,813,0.3732775642466702,813,0.455890429864877,813,0.3965751343666774,813,0.4743850347969731,813,0.4229298804372292,SAsia,S Asia
9062.0,CHN,China,917894.842413,1.0,1815.0,2405441.97621,11599;11617;11662,532.0,3.0,1487547.1338,3351,0.5088422436074872,3351,0.383160447264996,3351,0.5308823281964788,3351,0.4334468974499245,3351,0.5542854709976186,3351,0.4794437832979721,Linyi,14160,0.055580956856082,3351,0.0432770371651627,3351,0.0239704240596986,3351,0.0102770641713259,3351,0.0443856077299343,3351,0.0533811363836189,3351,0.0194389510160794,3351,0.0341320870223266,3351,0.0193854144367142,3351,0.0084958974573245,3351,0.0350757941716816,1929,3351,4.3663662855023375,3351,0.4180500631913207,3351,0.2890617821252872,3351,0.4429906815825833,3351,0.3385534084589437,3351,0.4718535265849282,3351,0.3874143876435012,EAsia,E Asia
9069.0,IND,India,,,1076.0,2672462.04182,,,,,138,0.4978260935648628,138,0.4420289904203104,138,0.508695658026398,138,0.4615942088050255,138,0.5195652224879334,138,0.4855072528555773,Coimbatore,602,0.0427388652377109,138,0.045772464480251,138,0.0050978262088787,138,0.0025815217927827,138,0.0468115937977057,138,0.0592975807713641,138,0.0214883232513692,138,0.0391930470148614,138,0.0045803406333172,138,0.0023406549016067,138,0.04014001127022,4525,138,3.485755469488061,138,0.4402295114013596,138,0.3645535168656404,138,0.4556447749660499,138,0.3948189120037832,138,0.4734822141843429,138,0.422596442580655,SAsia,S Asia
9099.0,IND,India,,,2054.0,11934852.4749,,,,,762,0.5842084519958403,762,0.5159400752733405,762,0.5965035202570497,762,0.5452039597326603,762,0.6103440410221753,762,0.5689808666827576,Bengaluru,2818,0.0568266729254623,762,0.0537693710691314,762,0.0059827393868086,762,0.00303095943609,762,0.0549900585385537,762,0.0655961018218567,762,0.0359366531854373,762,0.0496293578317575,762,0.0056468364752928,762,0.0028669723944023,762,0.0507849497265033,4539,762,3.8698342898793774,762,0.5488204995816718,762,0.4684705620082692,762,0.5631251393737491,762,0.5011375179837022,762,0.5777956313150299,762,0.5318372894984739,SAsia,S Asia
9100.0,CHN,China,578832.110484,1.0,1496.0,3904010.58309,11626,422.0,1.0,3325178.47261,16215,0.8167207351125056,16215,0.668862108669218,16215,0.8443350563826113,16215,0.732640349027413,16215,0.8692466985038538,16215,0.7864429956332255,Changsha,26508,0.0775742294666363,16215,0.0725626421324972,16215,0.0392635743624903,16215,0.0164773240498403,16215,0.0743011355172689,16215,0.0695312262066882,16215,0.0440798364644095,16215,0.0559696591366412,16215,0.0308325787029338,16215,0.0131631638071804,16215,0.0573894281668053,1945,16215,7.003409889696732,16215,0.6503442000734231,16215,0.5015194990485524,16215,0.6787389449724877,16215,0.5607544736348014,16215,0.7098840544850217,16215,0.6172064963250914,EAsia,E Asia
9129.0,IND,India,,,66.0,1074099.87561,,,,,41,0.3482515890187275,41,0.2356963903565498,41,0.3600549070405311,41,0.2835421970033862,41,0.3924573411277405,41,0.315873024126897,Gonda,214,0.0306738092730026,41,0.0281923507853874,41,0.0036844492924174,41,0.001913683039212,41,0.0289772650635314,41,0.0447233054730901,41,0.0056948845879553,41,0.021571593966323,41,0.0030054059354639,41,0.0015676873771373,41,0.0222122037058792,4551,41,2.7534005123784464,41,0.2773406526391924,41,0.1672087060315382,41,0.2977467653347038,41,0.2150621496497525,41,0.3203049207437236,41,0.2518695470215541,SAsia,S Asia
9136.0,CHN,China,294780.16096,1.0,823.0,1228014.29093,11654,174.0,1.0,933234.129967,5992,0.9363731652257564,5992,0.6023258253717428,5992,0.9625705206554036,5992,0.7969552110738899,5992,0.9876308554017856,5992,0.8953751231749884,Xiangtan,13847,0.0826186916628093,5992,0.0771983837431188,5992,0.044191620018167,5992,0.0188066643262893,5992,0.0791736453813339,5992,0.0870515080756901,5992,0.0740746650123404,5992,0.0808154410991522,5992,0.0464042481599306,5992,0.0192647991469932,5992,0.0827668199411574,1963,5992,3.161288648433125,5992,0.962757006384966,5992,0.5951968003369337,5992,0.9698146386264064,5992,0.8593060690370274,5992,0.9756888701408134,5992,0.949990477929992,EAsia,E Asia
9157.0,IND,India,,,1078.0,2850517.81741,,,,,975,0.744819887417146,975,0.6758969357157867,975,0.7603071284561843,975,0.6996919038771516,975,0.7780507897472809,975,0.7291279186644365,Thiruvananthapuram,2100,0.0620365013232204,975,0.0692621112945696,975,0.008058765377702,975,0.0043228710327246,975,0.0708182131648414,975,0.0813062360125345,975,0.0617520331704109,975,0.0716756766961048,975,0.0084422093080287,975,0.0045350880005945,975,0.0733122914152312,4565,975,2.9609819158764985,975,0.7777419377045409,975,0.6913028639295539,975,0.7965840947112393,975,0.724892295795388,975,0.8183065313691302,975,0.7575276802720301,SAsia,S Asia
9165.0,IND,India,,,569.0,1537199.41356,,,,,573,0.6006243321912381,573,0.4974821547536751,573,0.6206973071293229,573,0.5393518531912275,573,0.6468821268395093,573,0.5781053871874129,Tiruppur,831,0.0515887359872713,573,0.0535310308943465,573,0.0062484374992404,573,0.0031951334008008,573,0.0548247947527969,573,0.0528597568246523,573,0.0186642360598127,573,0.0333919279204495,573,0.0041332675295414,573,0.0021323427159901,573,0.0342590485339336,4569,573,5.860965606105838,573,0.3904485441378625,573,0.2998197494485339,573,0.4099213814679711,573,0.3328648076446972,573,0.4335601868551743,573,0.3681726073494354,SAsia,S Asia
9182.0,CHN,China,471268.956621,1.0,814.0,1285290.54363,11683;11689;11725,222.0,3.0,814021.587006,4056,0.7400671709532244,4056,0.5471507987526586,4056,0.769303513448633,4056,0.6262288608528654,4056,0.8086317440801821,4056,0.7016636819518743,Yulin,8081,0.066050834940706,4056,0.0626018629478559,4056,0.0348846351296571,4056,0.0149662472277883,4056,0.0642191268880631,4056,0.0739008158698572,4056,0.0481948004731188,4056,0.0609593083510646,4056,0.0346090618471733,4056,0.0151299023378667,4056,0.0626266778049855,1982,4056,3.466734525791946,4056,0.7447438464440775,4056,0.5154802701350318,4056,0.7898743063760381,4056,0.6052243642229796,4056,0.8336843401106071,4056,0.6933862455924603,EAsia,E Asia
9186.0,CHN,China,167739.525937,1.0,521.0,1182940.3466,11692;11717,150.0,2.0,1015200.82066,1398,0.9319747571101502,1398,0.70767778307805,1398,0.9525966955591768,1398,0.841106429810309,1398,0.9623107745962894,1398,0.9054492363197476,Zhuzhou,3497,0.0872082928581089,1398,0.0816888498069968,1398,0.0448938668102988,1398,0.0186955311405935,1398,0.08361347164763,1398,0.082906665891059,1398,0.0681990298776213,1398,0.075327247246925,1398,0.0420049486080139,1398,0.0175335509931773,1398,0.077143963869644,1984,1398,5.164499052480962,1398,0.8730011454509461,1398,0.623000814134714,1398,0.8906144720047424,1398,0.7825597909326805,1398,0.9083575682626468,1398,0.8488666672764467,EAsia,E Asia
9192.0,CHN,China,387754.212625,1.0,968.0,1340729.87376,11698,166.0,1.0,952975.661133,9983,0.9473236582174986,9983,0.7039375038730352,9983,0.9676658923606012,9983,0.8348662697799479,9983,0.9837714040738522,9983,0.9125109441744887,Hengyang,18065,0.0846211840990212,9983,0.0816945554647342,9983,0.0451920042460835,9983,0.0189813455028299,9983,0.0836620980341318,9983,0.0824463009065729,9983,0.0631265611620109,9983,0.0732304150283312,9983,0.0420517772264825,9983,0.01806439707371,9983,0.0751235928505327,1986,9983,5.153539185405187,9983,0.9010680711126058,9983,0.5811577064528552,9983,0.926527176209415,9983,0.741714915114367,9983,0.9465884209644444,9983,0.8574437247570788,EAsia,E Asia
9195.0,IND,India,,,395.0,1955325.89147,,,,,2204,0.6973905866053963,2204,0.4919989420733852,2204,0.7269810424785871,2204,0.580800346013183,2204,0.7592062465170665,2204,0.6585372448971271,Faizabad,21672,0.0716619346685443,2204,0.0579798950520498,2204,0.0073086225042446,2204,0.0037476934309508,2204,0.0594983075784465,2204,0.0755508485861188,2204,0.0463012074975999,2204,0.0617819365991531,2204,0.0084015642887341,2204,0.0043369703216426,2204,0.063544794476981,4581,2204,2.6616327357859,2204,0.7911912484958207,2204,0.4809917190253271,2204,0.8346463510886355,2204,0.6114239576095694,2204,0.8814288131955805,2204,0.7352761241089073,SAsia,S Asia
9208.0,CHN,China,460980.385757,1.0,1522.0,2046203.97884,11706;11806,418.0,2.0,1585223.59309,4757,0.7093617767589943,4757,0.5136156342198819,4757,0.7367245919300867,4757,0.6028550126788115,4757,0.7619841954147608,4757,0.6740698436899303,Yantai,9196,0.0593184820442667,4757,0.0598460761803632,4757,0.0342638111970406,4757,0.0156462594344532,4757,0.0613700444971364,4757,0.0559965757727604,4757,0.0247230961046696,4757,0.0382016255974306,4757,0.0223560906504054,4757,0.0106433968411888,4757,0.0392487795584594,1993,4757,7.6258977414125315,4757,0.4662206412998827,4757,0.3246692545842611,4757,0.4941309491405626,4757,0.3788869633793112,4757,0.5235767878258177,4757,0.4335436089267023,EAsia,E Asia
9258.0,IND,India,,,103.0,1243185.48615,,,,,776,0.8830441448945714,776,0.7237155947944386,776,0.8984460599155865,776,0.8022260026301705,776,0.91500678871081,776,0.8581395433843423,Sultanpur,1551,0.0817296675141046,776,0.0789338456578876,776,0.0090039182737109,776,0.004550192813487,776,0.0807638599264941,776,0.0857893320189454,776,0.0711418402431825,776,0.0787309378002412,776,0.0091624148816463,776,0.0046377119482063,776,0.0805963340072064,4611,776,3.5106221532719624,776,0.8943668029683466,776,0.7133230640640076,776,0.9155144005683254,776,0.7963073061519844,776,0.932697265452592,776,0.8638357729839704,SAsia,S Asia
9261.0,CHN,China,371517.772472,1.0,895.0,1591003.12042,11705;11735;11738,257.0,3.0,1219485.34794,13114,0.8020995862340174,13114,0.6556126799726832,13114,0.8245508502901809,13114,0.7190737245691893,13114,0.8470148398237215,13114,0.7735297039493645,Tianjia‘an,42173,0.0803883221612458,13114,0.0712083321558732,13114,0.0385352020542105,13114,0.0161461506222767,13114,0.0729023621090957,13114,0.0757679239388953,13114,0.0537765253606851,13114,0.0644447361678283,13114,0.0352568641558445,13114,0.0149163456065545,13114,0.0660301838315309,2011,13114,4.711176909386307,13114,0.7393499966523069,13114,0.5820861532704873,13114,0.7651875333171059,13114,0.6488466257041912,13114,0.7927231793291097,13114,0.7071879125409671,EAsia,E Asia
9263.0,CHN,China,452329.313168,1.0,1089.0,1403773.44255,11720;11739,221.0,2.0,951444.129387,21375,0.9863404941478602,21375,0.8272505511312355,21375,0.9939671256644818,21375,0.9183959766297374,21375,0.9968277571369696,21375,0.9700777892674846,Huangshi,49858,0.0923453403069375,21375,0.0896873218703091,21375,0.0099306167120684,21375,0.0049798477357129,21375,0.0916809779846881,21375,0.0894971951703829,21375,0.079517226937031,21375,0.0846754388542777,21375,0.00954115857226,21375,0.0048028782619653,21375,0.0866027067396708,2012,21375,5.169202040563954,21375,0.9418699575265678,21375,0.766277999144267,21375,0.9534422035493646,21375,0.8678138826592472,21375,0.9636328725323796,21375,0.9241346049707272,EAsia,E Asia
9266.0,IND,India,,,579.0,1582499.26559,,,,,386,0.806738006339091,386,0.6433793707313201,386,0.8352449721653304,386,0.7168785615362548,386,0.8577578535015606,386,0.7759321896410605,Erode,1769,0.0793156732465197,386,0.0709564219699113,386,0.0083599773534347,386,0.0042550199110797,386,0.072671937680994,386,0.0811016365568053,386,0.0619138450938672,386,0.0716075147219453,386,0.0085083294955855,386,0.004319867200097,386,0.0733478962615529,4615,386,3.2973076589638377,386,0.8259172133758154,386,0.6406255073431049,386,0.8494677253487964,386,0.7209592590673515,386,0.8701901949994131,386,0.7927986072012518,SAsia,S Asia
9282.0,IND,India,,,349.0,3244738.0578,,,,,793,0.96699009084243,793,0.6688393902486928,793,0.9901259618751816,793,0.8516734380292201,793,0.997821955025822,793,0.9339233150517204,Prayagraj,10137,0.0892982087454739,793,0.0821760512677501,793,0.0098703558235206,793,0.0049775656941952,793,0.084171694412897,793,0.0865389888616786,793,0.0731123802430823,793,0.0800538766851906,793,0.0097508199882156,793,0.0049177928883188,793,0.0820280476219574,4623,793,3.837129552480136,793,0.9578799815474788,793,0.6238056838432788,793,0.975330893726836,793,0.8338434543857101,793,0.9870847558260696,793,0.9269473378397328,SAsia,S Asia
9307.0,CHN,China,321837.348919,1.0,795.0,1195820.09161,11749;11768,197.0,2.0,873982.742695,25568,0.8133002238502938,25568,0.6777185986963992,25568,0.8367285320810844,25568,0.7361327816721304,25568,0.8609014128475038,25568,0.7856763240970058,Bengbu,60021,0.0786008325628446,25568,0.072839819977744,25568,0.0392153384969694,25568,0.0163882022554477,25568,0.0745616229019506,25568,0.0785159219032741,25568,0.0561390420140418,25568,0.0675193889266421,25568,0.0368765436929557,25568,0.0155984506077667,25568,0.0691783804125602,2032,25568,4.459917081012424,25568,0.7730577727560896,25568,0.6123637587380216,25568,0.8007838282526645,25568,0.6797097033906768,25568,0.8294951872713503,25568,0.7388298062657518,EAsia,E Asia
9309.0,CHN,China,782253.945131,1.0,2542.0,4856058.04225,11716;11761;11771,779.0,3.0,4073804.09712,12641,0.6755067486673859,12641,0.5083676140713219,12641,0.7030928724420069,12641,0.5797042324527283,12641,0.7317125137131836,12641,0.6427676414404109,Qingdao,27940,0.0596081880092323,12641,0.0577289533815529,12641,0.0336864123331983,12641,0.016526293885968,12641,0.0591923781309963,12641,0.066246091912973,12641,0.0366105471634182,12641,0.0506903753558693,12641,0.0304429780379116,12641,0.0154221526721438,12641,0.0520658029548232,2033,12641,4.383940975860106,12641,0.6192771451920869,12641,0.4283552710515383,12641,0.6527768714374275,12641,0.5036107804531678,12641,0.6877136231714278,12641,0.5774903036122361,EAsia,E Asia
9329.0,CHN,China,158559.23077,1.0,753.0,1072374.95234,11776;11788,278.0,2.0,913815.721572,1249,0.5703651281105306,1249,0.3482601075938299,1249,0.5937637942762432,1249,0.4492203577371407,1249,0.636327567824475,1249,0.5203804633672657,Huangdao,2063,0.0425686386215705,1249,0.0446902114091281,1249,0.0400198654006133,1249,0.0362969758215304,1249,0.0459628654558392,1249,0.0468483810542177,1249,0.0098439549372478,1249,0.0252017801836123,1249,0.0215463736951247,1249,0.0187461510017017,1249,0.0259827846277225,2041,1249,5.888986572100531,1249,0.3362270389400504,1249,0.1891500459013259,1249,0.3615585583065999,1249,0.2457248512820842,1249,0.3905022487033998,1249,0.3045172304565104,EAsia,E Asia
9368.0,IND,India,,,518.0,1831357.09964,,,,,12,0.4000000059604645,12,0.4000000059604645,12,0.4000000059604645,12,0.4000000059604645,12,0.4000000059604645,12,0.4000000059604645,Salem,34,0.0392000004649162,12,0.0392000004649162,12,0.0040000001899898,12,0.0020000000949949,12,0.0399999991059303,12,0.0611931535725792,12,0.0150221919951339,12,0.0382674772602816,12,0.0039048447312476,12,0.0019524223656238,12,0.0390484449453651,4660,12,2.5783881346384683,12,0.3904844621817271,12,0.3904844621817271,12,0.3904844621817271,12,0.3904844621817271,12,0.3904844621817271,12,0.3904844621817271,SAsia,S Asia
9401.0,CHN,China,236840.930814,1.0,612.0,1204127.26612,11842,157.0,1.0,967286.335303,394,0.5098455406049363,394,0.4076774524309124,394,0.5453994133519907,394,0.4400663340698134,394,0.5826722206796523,394,0.4817151558505782,Zhanjiang,3169,0.0464423493494679,394,0.0443083402761835,394,0.0291293098624166,394,0.0269180431073569,394,0.0454736843392532,394,0.0566328096590621,394,0.0168273572756751,394,0.035537404464997,394,0.0216591231470578,394,0.0195955262588613,394,0.0365862408467816,2074,394,4.201884530770721,394,0.4231465454137219,394,0.3145018127581264,394,0.4685262528009362,394,0.3499059036451057,394,0.524418292324998,394,0.3922145743437196,EAsia,E Asia
9444.0,IND,India,,,388.0,2033424.92204,,,,,3371,0.582127157713887,3371,0.4307887454993247,3371,0.6064884167826916,3371,0.4947719452811726,3371,0.6344485245967607,3371,0.5515014084110597,Madurai,7133,0.0499430048079298,3371,0.049334204848413,3371,0.0061018413671141,3371,0.0031303024325416,3371,0.0506031016729099,3371,0.0519919197830094,3371,0.0193921484191088,3371,0.0332249560662976,3371,0.0044257758748893,3371,0.0022962636974703,3371,0.0341608401670772,4698,3371,5.543892531896445,3371,0.4128269638808071,3371,0.2758957645915,3371,0.4389779096439314,3371,0.328500732175767,3371,0.4679419565058626,3371,0.381675298419287,SAsia,S Asia
9459.0,CHN,China,732233.201299,1.0,2608.0,4730879.8577,11881,566.0,1.0,3998646.6564,6873,0.7474291792183363,6873,0.472936400804659,6873,0.7947855714533145,6873,0.5582278000006833,6873,0.8256703602066184,6873,0.6782327091607516,Hefei,39495,0.0637146096032788,6873,0.0577405426840946,6873,0.033612778204545,6873,0.0150658710376166,6873,0.0593918838204655,6873,0.0692693858486783,6873,0.0424264238091018,6873,0.0552065433500371,6873,0.0325356069657456,6873,0.0142928264086776,6873,0.0567276426193656,2100,6873,4.143780801177926,6873,0.7103060003676498,6873,0.4243899177867398,6873,0.7347845766309538,6873,0.5432915180464878,6873,0.7605497379866296,6873,0.6728938377394766,EAsia,E Asia
9471.0,CHN,China,253879.175977,1.0,545.0,1031334.50673,11891;11922;11929,197.0,3.0,777455.33075,2670,0.5293242343607869,2670,0.428426999276661,2670,0.5488414293201689,2670,0.4706349194643519,2670,0.5691793440774296,2670,0.5065720012213873,Maoming,6057,0.0524363440682066,2670,0.0466865784296088,2670,0.0106902851044944,2670,0.0055108039720887,2670,0.0478249368474698,2670,0.061904925096588,2670,0.027182545444938,2670,0.0436001647112607,2670,0.0103650455820867,2670,0.0054042155128425,2670,0.0447333128265382,2105,2670,2.885251176355712,2670,0.5105382041003022,2670,0.389606900442432,2670,0.5362153249121513,2670,0.4350919347811274,2670,0.5665739207137905,2670,0.4816278149016586,EAsia,E Asia
9500.0,IND,India,,,506.0,2186425.92782,,,,,7635,0.6855905162634491,7636,0.5114809536257711,7636,0.7133298048346195,7636,0.584216438149893,7636,0.7444437475048739,7636,0.6527180935890402,Gorakhpur,28965,0.0689749715436843,7635,0.0583258449966506,7635,0.00717332536988,7635,0.0036758550228602,7635,0.0598148494573977,7635,0.0716024200014301,7635,0.0422580102717574,7635,0.0570001297013978,7635,0.0074735740626263,7635,0.003873514285043,7635,0.0585775960345975,4726,7636,3.3349706540828103,7635,0.6980578498785827,7636,0.4744613294918528,7636,0.7418836535284145,7636,0.5658742593779624,7636,0.7886594344402333,7636,0.6556501187507248,SAsia,S Asia
9511.0,CHN,China,251142.833296,1.0,701.0,1920718.47452,11911;11925,235.0,2.0,1669575.64123,7158,0.8936700821746437,7158,0.6945101786629916,7158,0.9195241969447304,7158,0.7938913302675749,7158,0.9415129598250258,7158,0.8650127239315928,Haikou,11609,0.0781390790791313,7158,0.0782115542597582,7158,0.0521605339977366,7158,0.0333268300497462,7158,0.0800945791948515,7158,0.0743741782449253,7158,0.0521457188015147,7158,0.0627847045720245,7158,0.0405124397461457,7158,0.0242157237017198,7158,0.0643655962948838,2122,7158,7.656575876635552,7158,0.741528043509408,7158,0.5416993107715313,7158,0.766476612242469,7158,0.6327994260749068,7158,0.7904454185652651,7158,0.7058605207540398,EAsia,E Asia
9525.0,CHN,China,417987.555981,1.0,868.0,1577760.99373,11937;11966,184.0,2.0,1159773.43774,12447,0.5010612491466123,12447,0.3763010394912196,12447,0.530839621170542,12447,0.4206487599875257,12447,0.5694914773998904,12447,0.4680705105561509,Huai'an,24058,0.0459904760158471,12447,0.0423304418348474,12447,0.023545679433007,12447,0.0102148905442766,12447,0.0434694245993506,12447,0.0573160170274532,12447,0.0191189550351654,12447,0.0370643070459059,12447,0.0213453248457421,12447,0.0095714717180229,12447,0.0381813273726765,2128,12447,3.2666027863846905,12447,0.4645248912709959,12447,0.3109933009671469,12447,0.5050914389781204,12447,0.3624468011085683,12447,0.5585101652103057,12447,0.422476740962861,EAsia,E Asia
9544.0,IND,India,,,404.0,1389313.67341,,,,,3964,0.6260127882768559,3964,0.4964553875648045,3964,0.6498208400426524,3964,0.5499124476227348,3964,0.6750816805422455,3964,0.6004284280124121,Tiruchirappalli,13409,0.0586900521739263,3964,0.0547234529106875,3964,0.0065271011744695,3964,0.0033375171094661,3964,0.0560736160784011,3964,0.0649188054616999,3964,0.0346595831402207,3964,0.0487791604686075,3964,0.0060521922612666,3964,0.0031158039131137,3964,0.0500443073003689,4747,3964,3.789825103603142,3964,0.5733566742754128,3964,0.4317962150803452,3964,0.6011986738907826,3964,0.4876225210713308,3964,0.6325731225212681,3964,0.5412762572481655,SAsia,S Asia
9562.0,IND,India,,,1417.0,5147432.43676,,,,,3792,0.7092709249904003,3792,0.513688396349363,3792,0.7361357996926653,3792,0.6122270102620692,3792,0.7700184312654164,3792,0.6750624739368549,Varanasi,19413,0.0729509631773646,3792,0.0602516424685181,3792,0.0074127849887019,3792,0.0037992681738243,3792,0.0617916794239787,3792,0.0705654778701808,3792,0.0457918550091706,3792,0.057377516297959,3792,0.0073424624992626,3792,0.0037912909699477,3792,0.0589209718937785,4756,3792,3.553828287375356,3792,0.6936386312973218,3792,0.4669198374965767,3792,0.726829997249055,3792,0.5835488389338059,3792,0.7717274359119908,3792,0.6547683186210572,SAsia,S Asia
9564.0,IND,India,,,331.0,1235052.61635,,,,,751,0.7165830146572616,751,0.5113857208259013,751,0.7381274476231658,751,0.6100740978417182,751,0.7630852691968736,751,0.6825702501654062,Durg,4505,0.0580339952564104,751,0.0603105222326889,751,0.0074147657693084,751,0.0037779896170448,751,0.0618366925542887,751,0.0754637852572406,751,0.0497403324213769,751,0.0627092135824858,751,0.0081084665571679,751,0.0041417285153283,751,0.0643817190206946,4757,751,2.854929186667486,751,0.7767984662823337,751,0.5043900054814395,751,0.8098967652256326,751,0.6300570260300525,751,0.8362524062680778,751,0.7288614327362657,SAsia,S Asia
9570.0,IND,India,,,497.0,1342765.62158,,,,,2208,0.6751925371119175,2208,0.4721877854015435,2208,0.70809825327149,2208,0.5560997869608801,2208,0.7423782583678031,2208,0.6322307894544785,Vellore,8540,0.0634249257099447,2208,0.055703206300167,2208,0.0071186982556409,2208,0.0036604712720979,2208,0.0571879625872882,2208,0.0693162695338843,2208,0.0391449024535627,2208,0.0540410061209937,2208,0.007395074071399,2208,0.003840900549583,2208,0.0556067193383901,4760,2208,3.2289351915005584,2208,0.6877339076093382,2208,0.4337122127570008,2208,0.7339355107049342,2208,0.5329708545555002,2208,0.7828563775563414,2208,0.6305667997565237,SAsia,S Asia
9620.0,IND,India,,,504.0,1590781.07184,,,,,1765,0.5816729788091026,1765,0.460934631582981,1765,0.6052377001341728,1765,0.5103544506722866,1765,0.6305237735530871,1765,0.5533355993623573,Raipur,4624,0.0519611465374937,1765,0.0507335398327282,1765,0.0060819664333206,1765,0.0031146897346886,1765,0.051994586943562,1765,0.0672825486949419,1765,0.0334562214155004,1765,0.0502174115480898,1765,0.0063364979465214,1765,0.0032699811160187,1765,0.0515469127764603,4784,1765,2.833379806548445,1765,0.5977038170325585,1765,0.4397906543804355,1765,0.628902919485033,1765,0.5000411349966103,1765,0.6647505018606759,1765,0.5612741966886732,SAsia,S Asia
9629.0,CHN,China,657878.86987,1.0,1916.0,3904839.5276,12010;12040,483.0,2.0,3246960.65773,26990,0.8450668065283176,26990,0.5472881675501587,26990,0.8846776836782515,26990,0.7018965959322025,26990,0.9221401998116596,26990,0.7961200172116301,Nanchang,76199,0.0728470561668684,26990,0.0689403903908123,26990,0.0395550521006214,26990,0.01708480254882,26990,0.0707846708004803,26990,0.0751516845882985,26990,0.0517230672520909,26990,0.0632373902721471,26990,0.0373655959810145,26990,0.0162698634629418,26990,0.0649752142810474,2177,26990,4.8725100326889015,26990,0.8091852979278632,26990,0.4572657777597735,26990,0.8408667181106925,26990,0.6471189531622525,26990,0.868911757629032,26990,0.7592631858879272,EAsia,E Asia
9701.0,CHN,China,1048725.29831,1.0,2419.0,6914261.04841,12055;12072,742.0,2.0,5865535.7501,77298,0.92377706202796,77298,0.7880831656490673,77298,0.967875356503401,77298,0.8525695301451314,77298,0.9936934402339044,77298,0.8967439760212572,Nanjing,133434,0.0845915671388002,77298,0.0840301086712046,77298,0.0450011793682021,77298,0.0187614760961058,77298,0.0860174964623203,77298,0.0815344997887914,77298,0.063738607766927,77298,0.0726426710034821,77298,0.039736047137424,77298,0.0169109223474525,77298,0.0744798142244843,2204,77298,6.117493924104068,77298,0.8284119690974879,77298,0.6586784787827826,77298,0.8824553125971902,77298,0.7310721949608613,77298,0.9185708058480724,77298,0.7906027508230924,EAsia,E Asia
9710.0,IND,India,,,299.0,1010597.50678,,,,,956,0.6878523606101584,956,0.5594993107756457,956,0.7104712202267314,956,0.6113090179758511,956,0.7323358973320395,956,0.6584086012055029,Bilaspur,2346,0.0654228676947339,956,0.0607072967817062,956,0.0071246914000339,956,0.0036288824497685,956,0.0621719685090181,956,0.0657558084097785,956,0.0365322144684845,956,0.0501384301057,956,0.0061432900322203,956,0.0031548045083236,956,0.0514176772307172,4825,956,4.695772311272246,956,0.5846452807888508,956,0.449924278112658,956,0.6107489405321226,956,0.501008274784958,956,0.639623179365688,956,0.5531361275160518,SAsia,S Asia
9711.0,CHN,China,1191687.0844,1.0,4413.0,16746844.1549,12028;12054;12066;12080;12084;12113,2410.0,6.0,15555157.0705,197292,0.9740136538913778,197292,0.8503654759533016,197292,0.9834219801036654,197292,0.9182297353270608,197292,0.9908208478985128,197292,0.958422419828824,Guangzhou,274323,0.0911038131296784,197292,0.0898817957875773,197292,0.0197449277170022,197292,0.0101155961744629,197292,0.0918634375279737,197292,0.0791265330861831,197292,0.0584108227575294,197292,0.0687647511629328,197292,0.0160500255298809,197292,0.0083882232530048,197292,0.0704453462720623,2208,197292,8.354205737950187,197292,0.7851064807486233,197292,0.6226670509850535,197292,0.8111759707320875,197292,0.6935994214052112,197292,0.8402968484439601,197292,0.7530325573296504,EAsia,E Asia
9715.0,CHN,China,783120.191568,1.0,2151.0,4521577.55338,12080;12158;12166;12190,895.0,4.0,3738457.36181,121524,0.984499692259082,121524,0.8660863832425886,121524,0.9918008784445548,121524,0.9257792541693078,121524,0.9962740589721932,121524,0.9697342242949144,Guangzhou,176311,0.0919139352383637,121524,0.0909233763848445,121524,0.0227676960669802,121524,0.0133947635213068,121524,0.0929159234717431,121524,0.082264252326518,121524,0.0634365550001581,121524,0.073064306663788,121524,0.0195165145328612,121524,0.0118539011064704,121524,0.0748165235164528,2209,121524,7.223298697325976,121524,0.8207283211259924,121524,0.682719534785833,121524,0.8474073651221976,121524,0.7342003573838708,121524,0.876107548580098,121524,0.7884525952959407,EAsia,E Asia
9716.0,CHN,China,184697.09142,1.0,681.0,1899221.60087,12080,434.0,1.0,1714524.50945,35534,0.9802955192426466,35534,0.8544155830377443,35534,0.9885638671744444,35534,0.9238671948749242,35534,0.9944040680316892,35534,0.96604334432554,Guangzhou,48219,0.0912843621045182,35534,0.0904340222063695,35534,0.0382607851669582,35534,0.0309823021554264,35534,0.0924228289602353,35534,0.0817800854118147,35534,0.0633706075396541,35534,0.0726578189217064,35534,0.0335822031738392,35534,0.0278509457603858,35534,0.0743932867873689,2210,35534,7.3986057048307154,35534,0.815346104809987,35534,0.6782015316915032,35534,0.84067336059548,35534,0.7310447164041609,35534,0.867733090988732,35534,0.784080208248266,EAsia,E Asia
9718.0,CHN,China,564408.540264,1.0,2458.0,6730966.44804,12080;12193;12208,1415.0,3.0,6166557.90777,80067,0.9085972136404684,80067,0.763386190314936,80067,0.9277041052308436,80067,0.830811827341777,80067,0.9463601783210812,80067,0.8825350010517462,Guangzhou,125409,0.0826638460516357,80067,0.0819126632903779,80067,0.0223309615952024,80067,0.0139177740776756,80067,0.0838053835421781,80067,0.0736624470050734,80067,0.0489915656882562,80067,0.0609935403517536,80067,0.0175396821823836,80067,0.0110854457437943,80067,0.0625227912565575,2211,80067,7.923633012649056,80067,0.7073674146063603,80067,0.5462440546506699,80067,0.7348556539300618,80067,0.6124222013933491,80067,0.764624944229421,80067,0.6724467958540871,EAsia,E Asia
9719.0,CHN,China,140355.44749,1.0,461.0,1393718.2398,12080,257.0,1.0,1253362.79231,14683,0.9645800299661274,14683,0.859610419730012,14683,0.9719006155298202,14683,0.9204879449979332,14683,0.9780749553052231,14683,0.9525685472728348,Guangzhou,18459,0.0882252556479453,14683,0.0899502136274036,14683,0.0473618414902235,14683,0.0414149647913704,14683,0.0919063638503989,14683,0.0728500795962517,14683,0.046023089367469,14683,0.0592296786036969,14683,0.0352756973022827,14683,0.0315490435995404,14683,0.0607136305870036,2212,14683,10.738873822134014,14683,0.6835065542574585,14683,0.5333594160295965,14683,0.7107511043347636,14683,0.5947561893036856,14683,0.7419754965274652,14683,0.6511589716452847,EAsia,E Asia
9721.0,CHN,China,39617.192589,1.0,583.0,3492565.57875,12080,447.0,1.0,3452948.38616,10400,0.9634650964683624,10400,0.8324334982770667,10400,0.9722288954437592,10400,0.9075409062614012,10400,0.9814946329894036,10400,0.9478735815055164,Guangzhou,12676,0.0857283128191661,10400,0.088657090370268,10400,0.0199642579721885,10400,0.0104924759972643,10400,0.0906200801280129,10400,0.0605959327577097,10400,0.0248668617724575,10400,0.0415620500126241,10400,0.0109789416859224,10400,0.0061661741608298,10400,0.0427121617036093,2213,10400,15.097763751200556,10400,0.5073049800384817,10400,0.3521340175204656,10400,0.5379374068527358,10400,0.4126028441398218,10400,0.5750556501342569,10400,0.4717732798476668,EAsia,E Asia
9724.0,CHN,China,1005.31839371,1.0,247.0,2113159.85112,12080,220.0,1.0,2112154.53272,2270,0.9575750016254128,2270,0.8057015956208295,2270,0.9683059326348564,2270,0.8939176176684275,2270,0.9772246926339048,2270,0.9386514293740172,Guangzhou,2899,0.0776965694883285,2270,0.0871931457997248,2270,0.0201725332618106,2270,0.0108403564120453,2270,0.0891475957060017,2270,0.0512851793312742,2270,0.0159481321986421,2270,0.030963838543356,2270,0.0084275682007845,2270,0.0047854582373158,2270,0.0318529153076864,2214,2270,22.18870497301544,2270,0.3881869750431251,2270,0.2526023261613101,2270,0.41381989265772,2270,0.3064107805847658,2270,0.444538298627925,2270,0.3579429972212951,EAsia,E Asia
9725.0,CHN,China,200469.101364,1.0,1573.0,8742535.91611,12080;12303;12312,1086.0,3.0,8542066.81474,2029,0.8013580451068356,2029,0.7062500596892928,2029,0.81285347647163,2029,0.7528004353693427,2029,0.8285133397633883,2029,0.7838857612263925,Guangzhou,4394,0.0593913440427368,2029,0.0739503523987719,2029,0.0162503465390321,2029,0.0083588673917466,2029,0.075607379802299,2029,0.0663448900723213,2029,0.0383190110239947,2029,0.051156456472631,2029,0.0115401550948727,2029,0.0059873321418413,2029,0.0523667227408837,2215,2029,7.645809848557375,2029,0.5675835680050626,2029,0.4840645811307599,2029,0.5846042223710661,2029,0.5148990958892158,2029,0.6051326583452661,2029,0.5477943048028817,EAsia,E Asia
9731.0,CHN,China,230607.290625,1.0,710.0,1311748.66967,12088,184.0,1.0,1081141.37905,45814,0.9944623053626784,45814,0.8914658860532808,45814,0.9979676459819102,45814,0.9600556268778422,45814,0.9998897691838574,45814,0.9873946856145404,Wuhu,79330,0.0946884773609717,45814,0.0933869379886758,45814,0.049098680997934,45814,0.0198869251045165,45814,0.0953867171648922,45814,0.0897667165840236,45814,0.0798071998210588,45814,0.0849712202065083,45814,0.0450617491149486,45814,0.0185500667499434,45814,0.0868781797763172,2217,45814,5.332197660608417,45814,0.92439914311682,45814,0.8098379362137257,45814,0.9391919762952164,45814,0.8628192732753779,45814,0.9534785183518724,45814,0.9046261599672808,EAsia,E Asia
9741.0,CHN,China,304014.945277,1.0,542.0,1053269.07339,12089;12095,152.0,2.0,749254.128113,6587,0.9191705629750808,6587,0.7219653930322595,6587,0.9379461188380004,6587,0.826955374859543,6587,0.9566805028763922,6587,0.8922874580208418,花都区,9200,0.0804754248639303,6587,0.0810536834405172,6587,0.0184553825989695,6587,0.0093980925585196,6587,0.0829670437814941,6587,0.0740050160010978,6587,0.0490860024220649,6587,0.0613258325078949,6587,0.0147158494353664,6587,0.0076149254883038,6587,0.0629064156076817,2220,6587,7.293121372879713,6587,0.7281281521375382,6587,0.5191604022324061,6587,0.7571465793676518,6587,0.6207676454001257,6587,0.7902911103250865,6587,0.6920566533529489,EAsia,E Asia
9743.0,CHN,China,459812.913059,1.0,917.0,1176341.88814,12097,179.0,1.0,716528.975082,83461,0.8390541187230418,83461,0.5164773385118335,83461,0.8956150730897006,83461,0.6537049392376355,83461,0.9086302085298212,83461,0.7744753792899826,Yancheng,110390,0.066341014615904,83461,0.0657879498850071,83461,0.0383506541886374,83461,0.0169279490285243,83461,0.0676052102997516,83461,0.073018979312841,83461,0.0450464844366676,83461,0.0592518767239609,83461,0.0365036099863166,83461,0.0164669600375883,83461,0.0610209489359313,2221,83461,4.748502173227827,83461,0.8200307970140951,83461,0.4054883676554376,83461,0.8544988870009663,83461,0.5752051909517326,83461,0.8845361230494116,83461,0.7605714567440395,EAsia,E Asia
9769.0,CHN,China,522817.065871,1.0,958.0,1638366.16072,12124;12135;12140,248.0,3.0,1115549.09485,61297,0.9476250032074294,61297,0.7759690601090663,61297,0.9664132979005332,61297,0.8634562503652148,61297,0.9797016389788694,61297,0.9213186950889172,Yangzhou,83312,0.0853772102957254,61297,0.0848062434860758,61297,0.0457832194034268,61297,0.0190135419323587,61297,0.0867656464821687,61297,0.0826736847817095,61297,0.0651565694187441,61297,0.0740547150015141,61297,0.0406833146514601,61297,0.0171729315302227,61297,0.0758647259923609,2232,61297,5.8214420274711385,61297,0.8524628415385845,61297,0.6586162543983054,61297,0.8782730154481171,61297,0.7487716537603094,61297,0.905004782653892,61297,0.8187186410816696,EAsia,E Asia
9782.0,IND,India,,,823.0,1628994.82655,,,,,6300,0.5084821272162271,6300,0.36016321709334,6300,0.5422461276565129,6300,0.4181384599986738,6300,0.5796905107017299,6300,0.4735851930212975,Kuchai Kot,36359,0.0521970702086011,6300,0.0420534591700128,6300,0.0054691065656762,6300,0.0028422859284187,6300,0.0432128398492869,6300,0.0604772035878407,6300,0.0207370016642529,6300,0.0400622419887158,6300,0.0057270796689275,6300,0.0030211911363432,6300,0.0413042957120579,4854,6300,2.516242513651894,6300,0.5172906370637649,6300,0.3208855332243679,6300,0.5650647751792607,6300,0.3905087832591669,6300,0.6210268511205774,6300,0.4674136597341198,SAsia,S Asia
9793.0,CHN,China,202588.054926,1.0,608.0,1008165.43118,12131;12145,154.0,2.0,805577.376251,1611,0.8561917296649533,1611,0.7106881261598115,1611,0.87499179112688,1611,0.7795288522072029,1611,0.8983911312521216,1611,0.8317826843886063,Ganzhou,5650,0.0865737197337872,1611,0.0768530023087761,1611,0.041394360939166,1611,0.0172246873506984,1611,0.0786497849712495,1611,0.0802094603539296,1611,0.0614966887877181,1611,0.0707544162010615,1611,0.0386549723365453,1611,0.0163333657245256,1611,0.0724882454924387,2241,1611,4.5347365002648505,1611,0.8098311821272618,1611,0.6414751709392691,1611,0.8360442406082097,1611,0.7118557465066616,1611,0.8669138651743663,1611,0.7762513223770175,EAsia,E Asia
9794.0,IND,India,,,314.0,1551704.54805,,,,,4950,0.7953450737643174,4950,0.4928518234972932,4950,0.8280884623129976,4950,0.6549785686908257,4950,0.8585581627269023,4950,0.7537965784784845,Vijayawada,18285,0.070864871366031,4950,0.0641616490452708,4950,0.0083056700850186,4950,0.004247086281262,4950,0.0658787654977689,4950,0.0705608556219701,4950,0.0427522414164217,4950,0.0563620435504027,4950,0.0078823813892941,4950,0.0040474570656126,4950,0.0580012808483523,4860,4950,4.507848839552428,4950,0.7481082185225536,4950,0.392144288746694,4950,0.7858615252130012,4950,0.5678043823351366,4950,0.8196185241667957,4950,0.6931287831890955,SAsia,S Asia
9831.0,CHN,China,416053.579756,1.0,867.0,1131587.12987,12175;12215,205.0,2.0,715533.550117,71486,0.7896259524409704,71486,0.593448587790867,71486,0.8240777078456443,71486,0.67550655191318,71486,0.8597053236598309,71486,0.7481248547594649,Taizhou,100582,0.0696342024973072,71486,0.0673270371004797,71486,0.0373225691427817,71486,0.0159680982846719,71486,0.0690464475880878,71486,0.0700718601406952,71486,0.0417181786076379,71486,0.0555469011579142,71486,0.0317457607967153,71486,0.0139588192390726,71486,0.0570907093825809,2255,71486,5.284204785237909,71486,0.6871849532824627,71486,0.4632862741719941,71486,0.7317116604825917,71486,0.5505116664910021,71486,0.7719038488437769,71486,0.6352844197122461,EAsia,E Asia
9834.0,IND,India,,,274.0,1008954.18832,,,,,2783,0.7326056250149986,2783,0.5363171179629865,2783,0.7582859183742579,2783,0.6245491046658819,2783,0.7836214054631675,2783,0.6988090396900538,Puducherry,7430,0.0608732720302101,2783,0.062069190816743,2783,0.0079838549407219,2783,0.0042802603163684,2783,0.0636364335498618,2783,0.0710379356216822,2783,0.043557115909974,2783,0.0569200235506963,2783,0.0078041013391901,2783,0.004218579662871,2783,0.0584669299821293,4879,2783,3.851544021089659,2783,0.7045591906493169,2783,0.4688855192477569,2783,0.7392432233465294,2783,0.5662400365363144,2783,0.7734529125370112,2783,0.6573469146549966,SAsia,S Asia
9839.0,CHN,China,220891.714928,1.0,577.0,1353907.84102,12181,235.0,1.0,1133016.1261,24042,0.9811251549155234,24042,0.8487843916569779,24042,0.9891461946377642,24042,0.91525784079546,24042,0.9949460269284182,24042,0.9658878188584245,Zhongshan,36091,0.0910147063780324,24042,0.0899551222688213,24042,0.0211166722463514,24042,0.0115752912525673,24042,0.0919450131035664,24042,0.0801231539874286,24042,0.0611620250387593,24042,0.0704787193716718,24042,0.017510108993708,24042,0.0099331082836525,24042,0.0721704007563563,2259,24042,7.938117008055612,24042,0.7923591624532066,24042,0.6563151195253052,24042,0.8179699316514081,24042,0.7088658598832387,24042,0.845839808267048,24042,0.7616437468028004,EAsia,E Asia
9850.0,IND,India,,,2070.0,10577189.2451,,,,,18521,0.7475042624049988,18521,0.5755571668148821,18521,0.7687793769382781,18521,0.6628459184927813,18521,0.7908399548225387,18521,0.7179474512221168,Chennai,35511,0.0649041356392695,18521,0.0651293746311423,18521,0.008353475799715,18521,0.0046056190267505,18521,0.0667110537330877,18521,0.0630239943296056,18521,0.0350389654405554,18521,0.04775082706135,18521,0.0065915713027456,18521,0.0036808196552774,18521,0.0490116276130049,4887,18521,6.660047957696056,18521,0.5769549949398847,18521,0.3977329738171416,18521,0.6025176110450908,18521,0.4806538824542825,18521,0.6304000283514519,18521,0.5449257383531481,SAsia,S Asia
9871.0,CHN,China,200583.418619,1.0,815.0,1688793.54966,12194;12211;12240,295.0,3.0,1488210.13104,19701,0.9748240139063132,19701,0.8884641901728981,19701,0.9830127172877828,19701,0.9348294037468844,19701,0.9891155863019966,19701,0.963787668546246,Zhuhai,27968,0.0914404505499863,19701,0.0916074373564924,19701,0.0244087550881942,19701,0.0153459513768169,19701,0.0935856701471005,19701,0.0778176202782725,19701,0.0565351414770426,19701,0.0670062174809962,19701,0.0194280600196704,19701,0.0125879353603241,19701,0.0686214206586796,2271,19701,9.9683751481652,19701,0.7541483682965621,19701,0.6221598454948758,19701,0.7784566080722473,19701,0.6742358901801907,19701,0.8076008330232469,19701,0.7250723118298993,EAsia,E Asia
9917.0,CHN,China,755147.957497,1.0,1506.0,3486423.01188,12249;12250,645.0,2.0,2731275.05438,137554,0.7644583393831226,137554,0.6269090909394535,137554,0.7936369358811702,137554,0.6755985911599893,137554,0.8256353035901559,137554,0.728414693043408,Changzhou,166960,0.068124271450161,137554,0.0674114030149513,137554,0.0368334462356551,137554,0.0159763239790366,137554,0.0690626732587077,137554,0.0611802338403855,137554,0.0271606779114904,137554,0.0430463880952386,137554,0.0245067944499953,137554,0.0111286785206022,137554,0.0442545055392787,2288,137554,7.44823590491195,137554,0.5221040654236435,137554,0.3776257274243552,137554,0.559491443010037,137554,0.4237035174346771,137554,0.6040585779289945,137554,0.4798885128856542,EAsia,E Asia
9939.0,CHN,China,365506.580725,1.0,735.0,1258760.89789,12272;12275,202.0,2.0,893254.317162,69644,0.8842266929603361,69644,0.7983376286071718,69644,0.9032868317506088,69644,0.8309374624838223,69644,0.927131667413246,69644,0.8639821256061747,Jiangyin,78198,0.0822403237386429,69644,0.0821111259342373,69644,0.0448717288183051,69644,0.0204618470352612,69644,0.0839653895624846,69644,0.0777765225824809,69644,0.0553497310108658,69644,0.0665749569958897,69644,0.0364991289994482,69644,0.0164641506592742,69644,0.0681395636579151,2297,69644,6.681372674706733,69644,0.7349095739061291,69644,0.636053966995506,69644,0.7576804710778241,69644,0.669903671889373,69644,0.7823027060933484,69644,0.7080731991036107,EAsia,E Asia
9947.0,CHN,China,371853.012419,1.0,974.0,2079954.49011,12262;12279,295.0,2.0,1708101.47769,14211,0.9054285025481124,14211,0.647445958947227,14211,0.9315932037495728,14211,0.7917712166137361,14211,0.956996807085686,14211,0.8708270968062755,Huizhou,30371,0.0796723750873497,14211,0.0772261212505358,14211,0.0182207107993054,14211,0.0093394328515347,14211,0.0791401147767836,14211,0.0788793310892399,14211,0.0587496617485819,14211,0.0687448602000222,14211,0.0168055522123007,14211,0.0086316498623918,14211,0.070514774980011,2301,14211,5.860097901455921,14211,0.8362135888537943,14211,0.544206188174966,14211,0.8609416828141209,14211,0.7031390978499706,14211,0.8849569426372266,14211,0.7985669030031649,EAsia,E Asia
9963.0,CHN,China,1950686.31365,1.0,5056.0,11403059.1856,12298;12301;12329;12336;12337;12344;12350;12361,2196.0,8.0,9452372.87192,370580,0.8738290148931589,370580,0.7190332428454355,370580,0.9047988373756922,370580,0.7790678029289189,370580,0.9378113067968236,370580,0.840539036613737,Suzhou,496568,0.0791873815817511,370580,0.077528953761668,370580,0.0421260953058946,370580,0.0179422952558209,370580,0.0794045758386209,370580,0.0703083332767202,370580,0.0424210421368733,370580,0.0558712322443748,370580,0.0313549561698411,370580,0.0137769446369662,370580,0.057357348021841,2308,370580,7.491987126563023,370580,0.6658996476444471,370580,0.492185566114478,370580,0.7022509830629912,370580,0.5540842824219728,370580,0.7430575444485592,370580,0.6242692304894881,EAsia,E Asia
9969.0,CHN,China,325192.040353,1.0,717.0,1509729.02985,12300;12318,317.0,2.0,1184536.98949,63515,0.8652591277614062,63515,0.7053455912391706,63515,0.8946029676920958,63515,0.7681811510435714,63515,0.922900664567164,63515,0.8284906192363506,Zhangjiagang,72024,0.0766011156334888,63515,0.0763829043049306,63515,0.0416738176613001,63515,0.0179011682958383,63515,0.0782287054830741,63515,0.0671251767633013,63515,0.0382224318998551,63515,0.0518007399499004,63515,0.029109530358313,63515,0.0129084693914483,63515,0.0531753482310022,2310,63515,7.903950447515048,63515,0.6155182750907335,63515,0.458485320098948,63515,0.6491342740095679,63515,0.5141904541343141,63515,0.6873037987862579,63515,0.5763554675506694,EAsia,E Asia
9987.0,CHN,China,737500.521825,1.0,1483.0,2162493.14599,12319;12349;12356,399.0,3.0,1424992.62417,155872,0.9122693872345934,155872,0.7797770051135571,155872,0.9306787193544592,155872,0.8351852316149904,155872,0.96831297503169,155872,0.8904410834874446,Nantong,169321,0.0828672290695556,155872,0.0827278609966781,155872,0.0448687734810719,155872,0.0193453148009791,155872,0.0846644857186836,155872,0.0822457078984897,155872,0.0610443677137475,155872,0.0723710556201253,155872,0.0401140371692238,155872,0.0174233525783546,155872,0.0741388083365162,2315,155872,5.838558514738517,155872,0.8320494534940363,155872,0.6452095403373868,155872,0.857768401435722,155872,0.7320399600902076,155872,0.8838760145519965,155872,0.7980980289420141,EAsia,E Asia
10007.0,IND,India,,,621.0,1953556.40139,,,,,15185,0.5303869099029777,15185,0.3989157883881541,15185,0.5524936756582165,15185,0.4590244537442728,15185,0.57645190413166,15185,0.5035743894497434,Muzaffarpur,42877,0.0525631744540249,15185,0.0454579152362454,15185,0.0055535235988528,15185,0.0028463221417462,15185,0.0466108187593477,15185,0.0624087632704652,15185,0.0267713838101699,15185,0.0438287563395047,15185,0.0056950614489295,15185,0.0029453372478437,15185,0.0450272211061949,4956,15185,2.70664531685152,15185,0.5345401364535868,15185,0.3667543599367081,15185,0.5653495474746502,15185,0.4380768203224779,15185,0.5992322687990281,15185,0.4983763526258695,SAsia,S Asia
10017.0,IND,India,,,316.0,3062410.20069,,,,,6155,0.5915346074341914,6155,0.4519688515879655,6155,0.6246121802608166,6155,0.4998599475852597,6155,0.6742607117671752,6155,0.5511146171615168,Patna,16151,0.0604484878859555,6155,0.0502622609313202,6155,0.0063371977108254,6155,0.0032968307303324,6155,0.0516107821856195,6155,0.0601444160140484,6155,0.0292858699093734,6155,0.0431547800100337,6155,0.0058070231127923,6155,0.0030510935124461,6155,0.044408396452435,4961,6155,3.9354761772525,6155,0.5308615893043381,6155,0.3771768558292406,6155,0.5715102587230113,6155,0.4220116599576345,6155,0.6268080434029436,6155,0.481858870133949,SAsia,S Asia
10020.0,CHN,China,230201.296364,1.0,512.0,1043190.95965,12346,146.0,1.0,812989.663284,43140,0.9414376143244472,43140,0.8238181587610663,43140,0.9650125890145153,43140,0.8652772018738253,43140,0.9801974928745056,43140,0.905731731988538,Changshu,58739,0.087160107535398,43140,0.0857123050323569,43140,0.0454453164219885,43140,0.018880182240584,43140,0.0876726997238218,43140,0.0787805551512519,43140,0.0555800291220043,43140,0.0674980192301271,43140,0.0366204765671271,43140,0.0154494120515863,43140,0.0691458706960355,2327,43140,7.095210790997244,43140,0.7646089289261573,43140,0.6224386288379254,43140,0.7917428808077598,43140,0.6785771296916456,43140,0.823925157115978,43140,0.7328271407903627,EAsia,E Asia
10065.0,IND,India,,,188.0,1042313.2792,,,,,352,0.5928301984195264,352,0.4716694508970177,352,0.6031916615932402,352,0.5421214505055558,352,0.6209881365746032,352,0.575353804492233,Gaya,1691,0.0571021521745371,352,0.0527741457356517,352,0.0060683005803018,352,0.0030782459502855,352,0.0540161216518786,352,0.0625006278544811,352,0.029893722105676,352,0.0451158857649979,352,0.0054703821200828,352,0.0027980506295601,352,0.046248507297234,4982,352,3.712566288149475,352,0.524957046729702,352,0.3901759797123609,352,0.5439755547642756,352,0.4598068496807581,352,0.5663106609282361,352,0.5003333201579055,SAsia,S Asia
10078.0,CHN,China,1781256.26317,1.0,4634.0,9581083.87704,12381;12386;12407;12412,1758.0,4.0,7799827.61387,220372,0.6820814725404811,220372,0.5139338218725051,220372,0.7092012732962052,220372,0.5822272630091396,220372,0.7401298883084864,220372,0.6460184636343681,Hangzhou,287911,0.0596821571366067,220372,0.0581204164693437,220372,0.0325287992946801,220372,0.0143231161924205,220372,0.0596006760522125,220372,0.0549946941005883,220372,0.019799387761914,220372,0.0354764499777059,220372,0.0205817130267074,220372,0.0094075655083599,220372,0.0364935087285696,2350,220372,6.7675781998030455,220372,0.4414153313347383,220372,0.2965520927455445,220372,0.4719254259538772,220372,0.3494440749868949,220372,0.5085293211521401,220372,0.4061887026369217,EAsia,E Asia
10097.0,CHN,China,1814226.97363,1.0,5878.0,26920218.1645,12400;12406;12443;12455;12465;12471;12500,3527.0,7.0,25105991.1909,470660,0.8770527933081806,470660,0.6326700817437864,470660,0.9139384976642452,470660,0.7204021448556255,470660,0.962246315244274,470660,0.8168471631676308,Shanghai,571550,0.0735847628470332,470660,0.0726468006845275,470660,0.0099234312680561,470660,0.0044807411870469,470660,0.0745712924557018,470660,0.0676640562693878,470660,0.0389850634889364,470660,0.0525507785683821,470660,0.008030815875302,470660,0.0035685234727582,470660,0.0541151170650342,2359,470660,7.325871346783247,470660,0.6902203589684214,470660,0.4239152368458634,470660,0.7357352844942672,470660,0.5087101527299533,470660,0.7821690425671807,470660,0.61558221944907,EAsia,E Asia
10118.0,CHN,China,746879.541216,1.0,1515.0,2487378.09412,12401;12409;12424,409.0,3.0,1740498.5529,111930,0.8272968452751158,111930,0.4911196117568686,111930,0.8740966578316065,111930,0.6300909431665946,111930,0.914240477487749,111930,0.7696804181812963,Jiaxing,158374,0.0649971360806736,111930,0.0639477101024894,111930,0.0362492988900206,111930,0.016102415086363,111930,0.0657761912472569,111930,0.066775640202849,111930,0.0371799660339408,111930,0.051323475876274,111930,0.0307609605100307,111930,0.0142055004836142,111930,0.0529738321545816,2365,111930,5.66237965935023,111930,0.7328112947533815,111930,0.3400893120336321,111930,0.7788340148989796,111930,0.4912888242228723,111930,0.8251780897563139,111930,0.6660251120763258,EAsia,E Asia
10142.0,IND,India,,,443.0,1889151.91118,,,,,121,0.4033669209840577,121,0.3991796076239081,121,0.4042037270379575,121,0.4025301144313824,121,0.4042037270379575,121,0.4033669209840577,Visakhapatnam,949,0.0403793413270696,121,0.0393964054681969,121,0.0213612456881737,121,0.0203046135372062,121,0.0402048115687566,121,0.0395195019205465,121,0.0053161257262808,121,0.0181385137699917,121,0.0083052983755877,121,0.0077289178686815,121,0.0185121164283521,5017,121,8.736300699203776,121,0.1868014742670992,121,0.180776468534286,121,0.1868014742670992,121,0.1863663345803938,121,0.1868014742670992,121,0.1868014742670992,SAsia,S Asia
10152.0,IND,India,,,249.0,1150857.22396,,,,,6986,0.6436848623151876,6986,0.3789422029761722,6986,0.6863863861036638,6986,0.4949933234634349,6986,0.7331866749405535,6986,0.5872771448834987,Begusarai,17972,0.0587303061853687,6986,0.0496917930076056,6986,0.006920911054385,6986,0.0035957329200564,6986,0.0511581660265656,6986,0.0645046392795288,6986,0.0303959010610016,6986,0.0470771330380406,6986,0.007356261150738,6986,0.0038810603108814,6986,0.0486699920620482,5022,6986,3.1494179163708105,6986,0.6610422141643545,6986,0.3215865239936245,6986,0.729038124280291,6986,0.459476041398456,6986,0.7964294722003135,6986,0.5794907502063316,SAsia,S Asia
10153.0,CHN,China,1568865.50634,1.0,5922.0,12657025.2062,12430;12482;12497;12498;12514,2614.0,5.0,11088159.6998,91758,0.8087285866725623,91758,0.5811265713254495,91758,0.8429207381773228,91758,0.6822800551846567,91758,0.8798094520241976,91758,0.7681670032898334,Jieyang,156072,0.0698817646607505,91758,0.0679395681101366,91758,0.0172124127919654,91758,0.0092704838719842,91758,0.0696991868040706,91758,0.0683141019682181,91758,0.0408777835296645,91758,0.0538263928789259,91758,0.014571320321674,91758,0.0079988490306556,91758,0.0553430983687091,2380,91758,5.603160444980791,91758,0.6744698740619558,91758,0.4341844203033212,91758,0.7135365585494355,91758,0.5341341010843647,91758,0.7583524710628773,91758,0.6278109832554237,EAsia,E Asia
10168.0,IND,India,,,459.0,1789434.17829,,,,,24,0.4126711237360917,24,0.4042237118856735,24,0.4126711237360917,24,0.4084474190696451,24,0.4126711237360917,24,0.4126711237360917,Ranchi,169,0.0437007902724048,24,0.0400616364774351,24,0.0041267113567319,24,0.0020633556783659,24,0.0408869774698066,24,0.0531802196910788,24,0.0116654038332668,24,0.0307549066608382,24,0.0032536644081313,24,0.0016372732065654,24,0.0314120554789676,5029,24,4.432158618021091,24,0.321715462231427,24,0.3074731255948344,24,0.3248410073601841,24,0.3124908878764943,24,0.3285747613689437,24,0.3181675494053029,SAsia,S Asia
10181.0,CHN,China,382036.112932,1.0,966.0,1706311.13833,12442;12451;12459,305.0,3.0,1324275.0254,3954,0.6740347319720328,3954,0.5568741194174777,3954,0.6944614378920573,3954,0.6046356139770901,3954,0.7159367843537532,3954,0.6475985240523963,Yiwu,7272,0.0591152179519059,3954,0.0599662592957668,3954,0.0323603893605067,3954,0.0135768775445685,3954,0.0613981327509752,3954,0.0576688936863092,3954,0.0274674963907424,3954,0.0405745518511112,3954,0.0221831148338752,3954,0.0094338439417134,3954,0.0415889229507378,2391,3954,7.401117479511289,3954,0.466521198414681,3954,0.3695872799509958,3954,0.4858136933930292,3954,0.4066450413884521,3954,0.507185293327946,3954,0.4433063420338676,EAsia,E Asia
10214.0,CHN,China,368481.055394,1.0,816.0,1091385.00541,12464;12472;12475;12480;12485;12486,227.0,6.0,722903.950012,5865,0.7724619776712558,5865,0.6567210228148792,5865,0.7910662067771225,5865,0.7062276418264253,5865,0.8099145774365049,5865,0.7496070514986404,Yongkang,9090,0.0712713423838502,5865,0.0698318735414912,5865,0.0373779861168954,5865,0.0155404658385621,5865,0.0714517026657522,5865,0.0664547868188023,5865,0.0388417146950025,5865,0.0515541636184481,5865,0.028023150530079,5865,0.0118368453626806,5865,0.0528140403312929,2398,5865,6.747124652409324,5865,0.5863298014397661,5865,0.4737454637498896,5865,0.6071511890146427,5865,0.5178901236770315,5865,0.6299379622174871,5865,0.561196868579885,EAsia,E Asia
10220.0,CHN,China,858611.696518,1.0,2155.0,3230913.0829,12476;12479;12503;12522,671.0,4.0,2372301.38638,45110,0.641971087443759,45110,0.4772298751954107,45110,0.6720801017937055,45110,0.5504144212284457,45110,0.7048402244192895,45110,0.6096384223617051,Cixi,73060,0.0566574696079612,45110,0.0547004562123424,45110,0.0305213874464438,45110,0.0131891659997205,45110,0.0561101363805091,45110,0.0567167252397106,45110,0.023021979585863,45110,0.0381058369409772,45110,0.0219019290924903,45110,0.0097127799852997,45110,0.0391853585485944,2400,45110,5.868673356709055,45110,0.470160395215609,45110,0.3137422386591536,45110,0.5018531914115768,45110,0.3802600948248496,45110,0.5397606992687142,45110,0.4354310267826569,EAsia,E Asia
10243.0,IND,India,,,755.0,2233108.22438,,,,,186,0.742631313094648,186,0.648065771425568,186,0.7519723201130278,186,0.6915710843314636,186,0.7584479620811316,186,0.7219579297363815,Dhanbad,1539,0.0811381383362751,186,0.0680189418817778,186,0.0075190353859446,186,0.0037825263271764,186,0.0695358376577764,186,0.0794254424089946,186,0.0588008731055479,186,0.0689247134281754,186,0.0076034839864335,186,0.0038204145630795,186,0.0704558363390132,5064,186,2.8388954989721524,186,0.7525929335305949,186,0.6563687061434266,186,0.7606348602191316,186,0.6990618225640052,186,0.7655606657588581,186,0.7358848277873429,SAsia,S Asia
10282.0,CHN,China,689221.733136,1.0,1653.0,3737732.22752,12528;12558,675.0,2.0,3048510.49439,59895,0.5461584618359838,59895,0.4068236815064041,59895,0.577216825530887,59895,0.4639951517016916,59895,0.615869204248179,59895,0.5135229845910797,Ningbo,77886,0.0467449999794493,59895,0.0463297175679704,59895,0.0258985907504532,59895,0.011303141632595,59895,0.0475614557361945,59895,0.0469080706182286,59895,0.0126911249691907,59895,0.0268061740124459,59895,0.0154687628926584,59895,0.0069716729878523,59895,0.0275942782417219,2419,59895,7.080727856881025,59895,0.3325528516133755,59895,0.2232764479733817,59895,0.3590379713787294,59895,0.2650722214534424,59895,0.3940520865032085,59895,0.3049998794303999,EAsia,E Asia
10285.0,IND,India,,,265.0,1807392.36897,,,,,684,0.8914203041667143,684,0.7123443379145605,684,0.91194532902222,684,0.7986040669764473,684,0.9353289115125236,684,0.8597531212180626,Jamshedpur,2077,0.0819670257082697,684,0.0786842598211555,684,0.0091499831790019,684,0.0046415691426462,684,0.0805549185732233,684,0.0798514643882037,684,0.0607827615020319,684,0.0702517432235793,684,0.0086107560537977,684,0.0043898124951238,684,0.0720239574977544,5085,684,5.028199585626723,684,0.8294174453022773,684,0.6099145601559761,684,0.8589600067673863,684,0.7067017065117428,684,0.886106444600678,684,0.7875090626041523,SAsia,S Asia
10286.0,CHN,China,502690.112561,1.0,1702.0,5142192.42912,12523;12530;12556,694.0,3.0,4639502.31656,18764,0.921324079514156,18764,0.7001098971306005,18764,0.9484733899881634,18764,0.8121746620044372,18764,0.9701695144783684,18764,0.8857834546151828,Xiamen,24590,0.079749405571125,18764,0.079864481518641,18764,0.051973367297832,18764,0.03174834210344,18764,0.0818048202441976,18764,0.0785375004369924,18764,0.0566250048050863,18764,0.067669123000346,18764,0.0450181081624645,18764,0.0277843678739798,18764,0.06943609957891,2421,18764,5.639288855615474,18764,0.8164678992895845,18764,0.5669497086791453,18764,0.8503323575664282,18764,0.6806323178905112,18764,0.8834877996938951,18764,0.7710008901863632,EAsia,E Asia
10313.0,IND,India,,,818.0,3483728.87913,,,,,398,0.5814965974726445,398,0.509737696193499,398,0.5943378825641994,398,0.540712061655114,398,0.6072496596325605,398,0.5724777135485313,Asansol,5363,0.0642682945314645,398,0.0534709294554196,398,0.0059564668434946,398,0.0030168806377012,398,0.054685428336197,398,0.070175493071249,398,0.038994232811802,398,0.0543200988833502,398,0.0061274154757386,398,0.0031007941158278,398,0.0555684712214713,5098,398,2.657591031929935,398,0.59988609220257,398,0.512236510107068,398,0.6107624553166761,398,0.5489110537287583,398,0.6241858431353781,398,0.5839635161958693,SAsia,S Asia
10328.0,CHN,China,457186.206598,1.0,1516.0,4203944.63086,12566;12600;12605;12619,566.0,4.0,3746758.42426,54327,0.994118415922592,54327,0.9155199056087432,54327,0.9949088055523536,54327,0.9680510040702957,54327,0.9955505063967052,54327,0.9902437405489056,Fuzhou,72075,0.0916618821263764,54327,0.0943437601566992,54327,0.0566643720784001,54327,0.0318591077251121,54327,0.0963348632242688,54327,0.0881559852769781,54327,0.0749208210865477,54327,0.0820264970706086,54327,0.051306994754624,54327,0.0295177642920644,54327,0.0839648365349543,2433,54327,8.344947121234615,54327,0.9334474234598008,54327,0.7360243986430036,54327,0.952773304674502,54327,0.8326326938009164,54327,0.969168856045614,54327,0.9027439128024976,EAsia,E Asia
10331.0,CHN,China,1098063.66485,1.0,3186.0,6446306.90928,12541;12549;12554;12561;12564;12569;12586;12591;12596;12617,1581.0,10.0,5348243.24444,4662,0.7713596099016525,4662,0.6352977487374678,4662,0.7918998245118407,4662,0.6963586385766758,4662,0.8133156483735327,4662,0.7441893802462562,Quanzhou,8993,0.067813910312194,4662,0.0687933463980879,4662,0.040033257295581,4662,0.0203948440260439,4662,0.0704199777303149,4662,0.0697152286939252,4662,0.0440053597238897,4662,0.0560238823052302,4662,0.0323199516011953,4662,0.0158178549376389,4662,0.0574117710574249,2434,4662,5.446060539861831,4662,0.6440736906131924,4662,0.5070963495920185,4662,0.6682878537585942,4662,0.5627822481755934,4662,0.6939439311181439,4662,0.6145282124411141,EAsia,E Asia
10339.0,CHN,China,374691.148724,1.0,1415.0,5211421.13188,12578;12584;12603,714.0,3.0,4836729.98315,46851,0.8467336928811768,46851,0.6636247189340433,46851,0.8833185180013773,46851,0.7421354269880162,46851,0.9162676979594364,46851,0.8024935806752026,Wenzhou,66259,0.0734737165505623,46851,0.0735840847053949,46851,0.0426517103811021,46851,0.0210194225290371,46851,0.0754166198579943,46851,0.0667912713004391,46851,0.0377162743596899,46851,0.0514167265606434,46851,0.0307212822994415,46851,0.0153812055142163,46851,0.0528419916940131,2438,46851,7.926449226876059,46851,0.6343383655900164,46851,0.4346572617027776,46851,0.674739274788677,46851,0.5112229789874556,46851,0.7126323229496431,46851,0.5787966416408259,EAsia,E Asia
10353.0,CHN,China,415278.532723,1.0,1042.0,1521917.5916,12585,299.0,1.0,1106639.05888,6741,0.6070455611933008,6741,0.4598791965565848,6741,0.6339834467820502,6741,0.5203127106622122,6741,0.6649863101052725,6741,0.5769058328956553,Putian,11147,0.054254904733934,6741,0.0519338601505022,6741,0.0302313074260327,6741,0.014876657821584,6741,0.0532638326324548,6741,0.0562984863985154,6741,0.0229170795206582,6741,0.0378737747584211,6741,0.0229490800898552,6741,0.0118485251983372,6741,0.038961265764461,2444,6741,5.503888866947324,6741,0.4731773209914976,6741,0.3182255910831914,6741,0.5059949105786882,6741,0.3708437288277498,6741,0.5437454231123638,6741,0.4347979115803067,EAsia,E Asia
10354.0,IND,India,,,301.0,1156974.19317,,,,,3152,0.5575236227530043,3152,0.3485411600235372,3152,0.5945135981917009,3152,0.4245041777274375,3152,0.6317340882238688,3152,0.5038868712634579,Bhubaneshwar,8571,0.0475597453362239,3152,0.0432785163924841,3152,0.0059829327324891,3152,0.0031028396615865,3152,0.0445419842573914,3152,0.057232535339194,3152,0.0188530630441735,3152,0.0367963358593745,3152,0.0058292838935607,3152,0.0030915284412173,3152,0.0380693620969031,5118,3152,3.159950350052531,3152,0.5192805507876059,3152,0.2662985488835838,3152,0.5758216300920291,3152,0.3507511265790898,3152,0.6365131435994075,3152,0.4478083348977606,SAsia,S Asia
10371.0,CHN,China,171503.603113,1.0,497.0,1419747.22725,12593;12599;12616,213.0,3.0,1248243.62414,17726,0.5601914759870988,17726,0.4320111977948933,17726,0.5946476823971457,17726,0.4821105429105701,17726,0.6327946419387576,17726,0.530553720337693,龙港市,23209,0.0496604827409113,17726,0.0482249950462906,17726,0.0266686643561855,17726,0.0114998068021335,17726,0.0494905840788552,17726,0.0574820961750886,17726,0.0211743244162929,17726,0.0380452341440155,17726,0.0217679002676188,17726,0.0097153410338148,17726,0.0391561118400444,2448,17726,4.392899358475633,17726,0.4700039488905556,17726,0.3228106446457654,17726,0.5096287168180561,17726,0.373978170435772,17726,0.5554388287936316,17726,0.4309569259051052,EAsia,E Asia
10374.0,CHN,China,187586.355768,1.0,604.0,1326399.38473,12602,295.0,1.0,1138813.02896,15480,0.8959286009491636,15480,0.6709835059921089,15480,0.9221538119385428,15480,0.7707418395579886,15480,0.9474090156514277,15480,0.8514606882983783,Yueqing,20366,0.077246176586298,15480,0.0764626682484786,15480,0.0434893673859949,15480,0.0198938171240416,15480,0.0783574859879289,15480,0.0725886722998575,15480,0.0471387831666628,15480,0.0595305509382496,15480,0.0351206563435881,15480,0.0166672879398098,15480,0.0611432240558088,2449,15480,6.634979533818468,15480,0.7367752790679422,15480,0.4921773531460999,15480,0.7731184515908791,15480,0.5929903759240608,15480,0.8063362313422601,15480,0.6839354859293816,EAsia,E Asia
10392.0,CHN,China,705017.053109,1.0,1582.0,3202231.15561,12597;12614;12618;12620;12623;12627;12629,614.0,7.0,2497214.1025,57125,0.6907266735220519,57125,0.4794316216747009,57125,0.7313753344163524,57125,0.5604826106775854,57125,0.7764013619831144,57125,0.646812328965017,Taizhou,72960,0.0576552734127493,57125,0.0566118950758227,57125,0.0339168937559209,57125,0.0169606526244921,57125,0.0581646974300875,57125,0.0582770410508047,57125,0.0251918908146711,57125,0.0402293159806209,57125,0.0252409264916685,57125,0.0131984236871343,57125,0.0414795794510772,2453,57125,6.036211494242285,57125,0.5278260676283864,57125,0.3147692931674277,57125,0.5739267065633443,57125,0.3909911817750686,57125,0.6251316832814002,57125,0.4764168287876543,EAsia,E Asia
10432.0,IND,India,261291.506783,1.0,427.0,1585052.49181,9617;9619;9620,179.0,3.0,1323760.98502,4309,0.7398306379020807,4309,0.4312261803587757,4309,0.770476862952444,4309,0.5916701410123767,4309,0.800627934769343,4309,0.6966806746309036,Berhampore,16976,0.0648955547140196,4309,0.0582126524060474,4309,0.0077336818515252,4309,0.0039579130867298,4309,0.0598139085255673,4309,0.0765154123207782,4309,0.0491650375495314,4309,0.0636033788837409,4309,0.0092441593755411,4309,0.004744626086319,4309,0.0655229576469585,5153,4309,2.5927617584899285,4309,0.876237561048412,4309,0.417077778921692,4309,0.9235757707780116,4309,0.634898190107638,4309,0.9597892838336658,4309,0.803736908076304,SAsia,S Asia
10441.0,IND,India,469717.749444,1.0,900.0,2162558.01764,9653;9655,432.0,2.0,1692840.2682,15122,0.5934308717507595,15122,0.4429026630048259,15122,0.6202962482296491,15122,0.515227445800057,15122,0.6566350692972455,15122,0.5617523634147993,Tamluk,41984,0.0590101263173152,15122,0.0508335810254047,15122,0.0064056826596791,15122,0.0033824002454047,15122,0.0521468508500772,15122,0.0692963350055759,15122,0.0364344089413976,15122,0.0530296477555556,15122,0.0071060902449632,15122,0.0037815685244643,15122,0.0545104073207738,5160,15122,2.5896469249076244,15122,0.6470364483473598,15122,0.4380080102748042,15122,0.6878948184974074,15122,0.5327097656147183,15122,0.7403796153328727,15122,0.6028067512879518,SAsia,S Asia
10452.0,IND,India,1306653.32805,1.0,4586.0,23129019.5711,9683;9691;9693;9703;9715;9725;9734;9762;9792;9797,2847.0,10.0,21822366.243,43111,0.6327160031776399,43111,0.4942520931263039,43111,0.6582425335251105,43111,0.558479576859217,43111,0.6811416038681593,43111,0.6072694333772493,Kolkata,109489,0.0601266109297297,43111,0.0552409267422281,43111,0.0068392961960454,43111,0.0036289270398503,43111,0.0566032096342327,43111,0.0693341399721699,43111,0.0388382321963553,43111,0.0538622382973689,43111,0.0069918258386712,43111,0.0037417077679227,43111,0.0552646506829598,5169,43111,3.3803071751940603,43111,0.6372490441644407,43111,0.4641434589640013,43111,0.6708118655351778,43111,0.5410756983710774,43111,0.7012060135366016,43111,0.6050599931778272,SAsia,S Asia
10453.0,IND,India,260098.071214,1.0,651.0,1506343.54911,9691;9747,382.0,2.0,1246245.4779,2805,0.5257766889502604,2805,0.4069130978026282,2805,0.5278399035095339,2805,0.4721765679449076,2805,0.5498853013939509,2805,0.5038978951127489,Kolkata,9155,0.0512028643757933,2805,0.0460173611358154,2805,0.0054015723495645,2805,0.0027705681025423,2805,0.0471171315021272,2805,0.0641709153366272,2805,0.0254299270696767,2805,0.044913092821137,2805,0.0056374934235258,2805,0.0029248103062151,2805,0.0460714664129227,5170,2805,2.639568468071261,2805,0.5327275063448323,2805,0.3735204443368173,2805,0.5538183286750088,2805,0.4575660673265397,2805,0.5791867388027435,2805,0.5096464691183796,SAsia,S Asia
10496.0,IND,India,157127.151197,1.0,521.0,1380917.20556,9903;9915,234.0,2.0,1223790.05436,3591,0.8389611650380934,3591,0.5988441692746476,3591,0.8667537107337235,3591,0.7169774156698029,3591,0.8899496402356625,3591,0.803455981140449,Guwahati,13894,0.079450011482609,3591,0.0708134685389376,3591,0.0086792414626376,3591,0.0044149542982026,3591,0.0725933677365445,3591,0.0820217362006242,3591,0.0623914054062939,3591,0.0726503279803147,3591,0.0092016413424326,3591,0.0046685353022131,3591,0.0745298444612163,5197,3591,3.3254308668566472,3591,0.893653621302654,3591,0.5829613833575947,3591,0.9195888218698032,3591,0.7319791141990819,3591,0.9397577570625776,3591,0.8503367673296773,SAsia,S Asia
10533.0,IND,India,268527.746381,1.0,609.0,1102315.38416,10084;10092,212.0,2.0,833787.637781,9217,0.5252371873046281,9217,0.4481940171882065,9217,0.5397259466051708,9217,0.4828640080291475,9217,0.5539958370459214,9217,0.5103542498455674,Imphal,22785,0.0525239149413061,9217,0.0476556723248366,9217,0.0054109821421493,9217,0.0027485743233114,9217,0.0487636636577488,9217,0.0585904304375049,9217,0.0247374539335777,9217,0.0403024187712421,9217,0.0047564685732098,9217,0.0024343713915422,9217,0.0412886470985086,5227,9217,3.760042831445606,9217,0.4565240454049107,9217,0.3711130274842907,9217,0.4723148305691869,9217,0.4052026847982091,9217,0.4931140445502099,9217,0.4381812556807796,SAsia,S Asia
