eFUA_ID,eFUA_name,residual_no_protection,residual_10yr,residual_20yr,residual_50yr,residual_100yr,residual_200yr,residual_500yr
15.0,Sofia,0.03400894743323034,0.03400894743323034,0.01853384644895497,0.00787531624703859,0.004049660394397716,0.0020637689013118412,0.0008334286019590634
16.0,Manama,,,,,,,
73.0,Hong Kong,0.04492202893657807,0.04492202893657807,0.024922028638554847,0.011772575651052001,0.006466915556527211,0.003397637366285362,0.001390184680393201
85.0,Turin,0.058115943396792186,0.058115943396792186,0.03119197035819055,0.013237596032581154,0.0068407632985693426,0.003497674794563349,0.0014142442902877095
94.0,Seoul,0.08606562767554396,0.08606562767554396,0.045492897733464044,0.01873446285766478,0.009459062320683831,0.004751026314360486,0.0019032879164708448
98.0,Monrovia,0.07398648429791825,0.07398648429791825,0.04152082671264627,0.017991549998176783,0.00929235954526723,0.004728738255868428,0.0019056038075572592
117.0,Ulaanbaatar,0.03391106777573228,0.03391106777573228,0.018111041700722575,0.007701400885017987,0.003984906341534161,0.002043226162207896,0.0008279574181090435
118.0,Maputo,0.03779937428551091,0.03779937428551091,0.023033801455811534,0.010831890673336123,0.005884943586631624,0.0031077853243653593,0.0012756789890794032
146.0,Doha,0.03051733243047588,0.03051733243047588,0.015916865474594713,0.006650953599557221,0.0034101466287056337,0.0017313286706059636,0.0006996285338224182
153.0,Dakar,0.02000000029802322,0.02000000029802322,0.01000000014901161,0.004000000059604644,0.002000000029802322,0.001000000014901161,0.00040000000596046445
154.0,Singapore,0.04000000059604645,0.04000000059604645,0.020000000298023225,0.00800000011920929,0.004000000059604645,0.0020000000298023225,0.000800000011920929
156.0,Freetown,0.01901470581044526,0.01901470581044526,0.009615307177775326,0.003929467881531699,0.001981827983923267,0.00099414800012655,0.00039876800285002
189.0,Cape Town,0.02678447471614278,0.02678447471614278,0.013836594536090048,0.005762350524774822,0.002954608837495625,0.0015079027749318413,0.0006105645014214766
195.0,Abu Dhabi,0.05354209402941119,0.05354209402941119,0.02861829578576327,0.012161827818879837,0.006292557040068919,0.003223474825137185,0.0013042554919778806
209.0,El Alto [La Paz],0.0658833331303752,0.0658833331303752,0.03381811585784822,0.013883333313292352,0.007042753615673037,0.0035572463729675267,0.0014289855058642403
224.0,San José,0.08043709081807303,0.08043709081807303,0.04040205452104552,0.01623636862017186,0.008138276549184188,0.004075835688715986,0.0016319416549144515
225.0,Havana,0.07024299022166575,0.07024299022166575,0.03567912751695031,0.014459501472948775,0.007301401822586947,0.003690031127812706,0.0014834890866948064
233.0,Alexandria,0.0755537492095523,0.0755537492095523,0.03981818805930775,0.016710906227672497,0.008617107110998841,0.004406888231714858,0.0017779636972586126
266.0,Sapporo,0.06523371691710046,0.06523371691710046,0.0357033206886004,0.015326603837259518,0.00794325206493082,0.004066939691066615,0.0016462199129560074
289.0,Nouakchott,0.013799350940914296,0.013799350940914296,0.008877479456690431,0.0044091360568463776,0.0024439875863102355,0.0013189163508198103,0.0005493216648295334
296.0,Rotterdam [The Hague],0.03737320140483354,0.03737320140483354,0.02114716886621691,0.00935228006389301,0.00490480214600871,0.002521108438886518,0.001022126387716559
308.0,Río Piedras [San Juan],,,,,,,
310.0,Lisbon,0.06900343998009507,0.06900343998009507,0.039432161669159124,0.017345778393754237,0.009034589969057687,0.004617458433885561,0.0018636955691494353
312.0,Gaza,0.03056620304577953,0.03056620304577953,0.016200392424761203,0.006856704299086169,0.0035354470382588585,0.001813239774898117,0.0007362418954567164
357.0,Dubai,0.051437056946992035,0.051437056946992035,0.027402183950616714,0.011593813407150553,0.00598546829306734,0.003066574412983398,0.0012430712095212525
358.0,Mendoza,0.04931890226335482,0.04931890226335482,0.026536191906990667,0.011366565669547747,0.005907456837378153,0.003043001768133103,0.0012368006347768612
359.0,Yerevan,0.053433387582091874,0.053433387582091874,0.02771724257396172,0.011484533492371883,0.005859433588713432,0.0029735466392890662,0.0011984465536813986
360.0,Perth,0.08088744791820593,0.08088744791820593,0.042698136504646524,0.017704523895795528,0.008991467951691824,0.0045394503222490785,0.001824571015811776
375.0,Vancouver,0.0934538153608509,0.0934538153608509,0.04860009277333132,0.019790680799469197,0.00994495929258482,0.004983725884484359,0.001995203437422593
410.0,Zagreb,0.025327462191453834,0.025327462191453834,0.013882788385644988,0.0060793486934356275,0.003214452347965628,0.0016754324682421175,0.0006844715254056201
415.0,Dublin,0.04479424415226767,0.04479424415226767,0.02358639231754327,0.009913704326500138,0.005105659965761294,0.0026116811385188034,0.001057418120102616
419.0,Tel Aviv,0.049475497332238626,0.049475497332238626,0.025366162294348633,0.010378340925324366,0.005255529690778627,0.002657676783452136,0.0010703372724520873
429.0,Kuwait City,0.07240133627884683,0.07240133627884683,0.03762296249596606,0.015502187546395665,0.007862720062285772,0.003971900106128976,0.0015971782702621329
431.0,Beirut,0.04000000059604645,0.04000000059604645,0.020000000298023225,0.00800000011920929,0.004000000059604645,0.0020000000298023225,0.000800000011920929
433.0,Tripoli,0.02478608894793949,0.02478608894793949,0.013134080302176377,0.005568536542053362,0.0028823187981179667,0.0014804879791951442,0.0006013080492788926
434.0,Colombo,0.07019970853229981,0.07019970853229981,0.03702135752363273,0.015518076309279297,0.007956381512329129,0.004049781888415292,0.0016342237619939592
440.0,Tijuana,0.0579035100161069,0.0579035100161069,0.03011270565244261,0.012510945317464245,0.00638880094147458,0.003240932913420873,0.0013059094995518574
446.0,Lilongwe,0.051913996400516096,0.051913996400516096,0.027613779647175162,0.0117441348890957,0.0060962047551627995,0.003134839567089004,0.001272899449642919
447.0,Bukit Mertajam,0.05287600307663384,0.05287600307663384,0.02962123271720025,0.013029699253921296,0.006837570755812999,0.0035274804311444226,0.001433810491743121
448.0,Niamey,0.08785486672962278,0.08785486672962278,0.04770398008661919,0.019696432298170207,0.009891115546672456,0.0049474494018389836,0.0019792195309816228
465.0,Asuncion,0.09291472135764058,0.09291472135764058,0.04790702579313775,0.019442623648700495,0.009790399413348257,0.00491736682457713,0.0019707916579592287
483.0,N'Djamena,0.03705181221042933,0.03705181221042933,0.021561915259482534,0.009740140949286782,0.005176607420352388,0.0027007179441706254,0.0011036782070151388
491.0,Hsinchu,0.07898552188143328,0.07898552188143328,0.04260530398377922,0.01800329926010007,0.009253031308360438,0.004716430357640263,0.0019045022129376558
506.0,Luanda,0.01902802417434851,0.01902802417434851,0.00983398644949112,0.00412904700813475,0.0021531007552226095,0.0011137390482002677,0.0004512886529702048
524.0,Bangui,0.07676939673862422,0.07676939673862422,0.04355499964818392,0.018904618656754725,0.009731448641303335,0.00493605047053257,0.0019867683362578743
535.0,Prague,0.061314613937982966,0.061314613937982966,0.03249625387046268,0.013718771665903514,0.007069838128934307,0.0036126638545629928,0.0014613230298304155
536.0,Dortmund,0.0519061515381255,0.0519061515381255,0.027776413689644983,0.011796424704763595,0.006110497233484759,0.0031359461275915546,0.00127120843116074
537.0,Copenhagen,,,,,,,
550.0,Conakry,0.02090142367276626,0.02090142367276626,0.010901423523754651,0.004821342677066584,0.0026918107169746227,0.0014908087541150264,0.0006291766195590852
552.0,Thessaloniki,0.03157449114889,0.03157449114889,0.01865070298624108,0.008640864270101474,0.004710104257943508,0.0025146010673349596,0.0010394908553413558
566.0,Kingston,0.07323753674467733,0.07323753674467733,0.037238150243171356,0.01513270624070268,0.007618056088214418,0.0038212994260381134,0.0015308040830198351
567.0,Amman,0.053181657245129174,0.053181657245129174,0.027826627468877645,0.011663905428446964,0.00600414205783394,0.0030647929175894647,0.0012390532602925273
581.0,Agadir,0.058222443926749634,0.058222443926749634,0.03202268541562861,0.013872422913384051,0.007238468016389091,0.0037332262945900902,0.0015172974235124028
586.0,Bamako,0.061140202360370474,0.061140202360370474,0.03368727904282967,0.014698282807917108,0.007702409903963468,0.0039822894962247245,0.0016208738797626934
594.0,Managua,0.06625056093613038,0.06625056093613038,0.03402663783267046,0.013989589619947396,0.0070763420665062166,0.003572004468311982,0.0014381710478154268
596.0,Oslo,0.07345935578255863,0.07345935578255863,0.04103649602800083,0.017560101110866796,0.008983114656722017,0.004541215669432873,0.0018239646691980945
604.0,Dagupan,0.06410572515820777,0.06410572515820777,0.03472671700116303,0.014752313715534478,0.007564137492606898,0.0038469219455178174,0.0015546572990406801
633.0,Izmir,0.038945355966646195,0.038945355966646195,0.02071636178332597,0.008762730517349198,0.0045275300358241805,0.0023186075689658877,0.000936958103562724
687.0,Helsinki,0.0664193762923995,0.0664193762923995,0.03537109218687172,0.014806719471284539,0.007578737520088731,0.0038499566570530945,0.0015520491716723844
696.0,Sha Tin,0.04245010565309007,0.04245010565309007,0.02245010535506685,0.009940696705034658,0.0052917125680991065,0.0027276298798156106,0.0011045340867792326
708.0,Fukuoka,0.054543203002490645,0.054543203002490645,0.029525095288508434,0.012623626940976292,0.0065332328269365175,0.0033478837142977428,0.0013565701966309724
723.0,Antananarivo,0.051112815839196635,0.051112815839196635,0.02730713710076476,0.011643724071683454,0.006042886665824797,0.0031036963888092257,0.0012584639848863353
740.0,Panama City,0.08043567229766235,0.08043567229766235,0.04219357637389295,0.017367939094471957,0.00879692125626303,0.004438685815229949,0.0017832329451133858
750.0,Saint Petersburg,0.05440771421991768,0.05440771421991768,0.029723717623255305,0.012792660527408174,0.006646770624412832,0.003409671706832401,0.0013819486476471545
758.0,Belgrade,0.06908966999124655,0.06908966999124655,0.03799827077260133,0.01646291978992718,0.008594264725803498,0.004424405497348689,0.0017937161784219225
770.0,Taichung,0.06956796667143988,0.06956796667143988,0.03809759141958434,0.016342188968711466,0.008444054251842583,0.00431520086592801,0.0017454226377633104
789.0,Adelaide,0.03565420917864809,0.03565420917864809,0.018588165093028054,0.007706075765090066,0.003935252167690204,0.002000480790295905,0.000806703769003486
790.0,Vienna,0.04268728553001733,0.04268728553001733,0.02370894570951329,0.010348027869731548,0.005418464112978112,0.00279739960640343,0.0011370543843810667
799.0,Minsk,0.055992001256050014,0.055992001256050014,0.029095227745473004,0.012068234034317213,0.006163649650922358,0.003128303327332699,0.001260622693145483
800.0,Cochabamba,0.07396257854383642,0.07396257854383642,0.0381348675752672,0.015567650427025407,0.007928133126480923,0.0040375059758335176,0.0016233049291924488
809.0,Douala,0.05280817134451332,0.05280817134451332,0.029510160290919758,0.01285892032835079,0.006723466189658092,0.0034754084655729883,0.001415546966886953
811.0,Brazzaville,0.08811633577475661,0.08811633577475661,0.04677606133564652,0.019174368898621223,0.009727066707794241,0.004927253820271232,0.0019825718456663883
815.0,Dusseldorf,0.05820542993981964,0.05820542993981964,0.031759832647385286,0.013621242009935773,0.007065199094988866,0.003620723095221258,0.0014655042792757922
818.0,Guayaquil,0.08573833416081368,0.08573833416081368,0.0449936557636124,0.01857040575710336,0.009419543964436663,0.004756451121601125,0.0019125461885448301
826.0,Tbilisi,0.07651913845220701,0.07651913845220701,0.04017389747458919,0.016727948823465295,0.008538519823562981,0.004331588516871045,0.0017448153225729179
843.0,Kitakyushu,0.06912868550282904,0.06912868550282904,0.037511574214840596,0.016060475176242588,0.008300787812142722,0.004241224032354526,0.001715633893497896
865.0,Lagos,0.04580970122977052,0.04580970122977052,0.026095539197852218,0.011666314957148184,0.006201162740616608,0.0032433465935318363,0.0013289751086874714
869.0,Auckland,0.055331909509214926,0.055331909509214926,0.028373470612082216,0.011528023302510359,0.005804699489338757,0.002910294668435942,0.0011646997491978508
888.0,San Salvador,0.08335165812174014,0.08335165812174014,0.04253730795713542,0.017324010685144026,0.008743556053920985,0.004397151441414107,0.0017640288885909987
906.0,Montevideo,0.08983801237234602,0.08983801237234602,0.046557766440619985,0.018955709127072243,0.009541608355827846,0.004784082820961438,0.0019146638154482465
947.0,Oran,0.028421875634230667,0.028421875634230667,0.014828125338535754,0.006203125143656507,0.003156250072643161,0.001593750036554411,0.0006375000146217645
955.0,Glasgow,0.05829599264469086,0.05829599264469086,0.03198303877831451,0.013774892165595666,0.007152812158120747,0.0036704548667893418,0.0014875387977812571
959.0,Athens,0.03000000119209289,0.03000000119209289,0.015000000596046444,0.006000000238418578,0.003000000119209289,0.0015000000596046446,0.0006000000238418578
964.0,Budapest,0.05759612588915668,0.05759612588915668,0.03221971015195204,0.01411181148082177,0.007387595642335495,0.0038110646750590593,0.0015479537734687649
967.0,Tabriz,0.04649029896045639,0.04649029896045639,0.024981724403073127,0.010666758525448149,0.005535907602009258,0.002844558248385964,0.0011535679227605098
976.0,Phnom Penh,0.0672019544547649,0.0672019544547649,0.03576883230148033,0.0151552062122631,0.007842696752358332,0.004019548692704889,0.0016287854799220084
1003.0,Porto,0.08209425061233434,0.08209425061233434,0.04391204609295807,0.018440320008569024,0.009419761694176767,0.004768486901258459,0.0019178595216125937
1009.0,Medina,0.06646651907823864,0.06646651907823864,0.0347855442649819,0.01448781473956353,0.007409793514917742,0.0037626532626279146,0.0015163610049534041
1018.0,Damascus,0.035929191428497015,0.035929191428497015,0.018828681518074864,0.007877689561490158,0.004041101515702087,0.0020570315231471306,0.0008299681957556018
1022.0,Dushanbe,0.033602452474703226,0.033602452474703226,0.017873809543998982,0.007600667250463894,0.003940018041393558,0.0020223878006830143,0.0008199023832524152
1036.0,Sana'a,0.03663819064692102,0.03663819064692102,0.019029347057838354,0.007905535820926396,0.00405406069232327,0.002062449784789578,0.000831292828025505
1055.0,Viña del Mar [Valparaíso],0.0830546200096737,0.0830546200096737,0.04320798545744466,0.017828182751075995,0.009055817524557742,0.0045727117806853455,0.0018374471044773273
1064.0,Cologne,0.06582807577411964,0.06582807577411964,0.03564679310794698,0.01518018362563002,0.007831728449283024,0.0039977424493728275,0.0016157076433160715
1084.0,Mosul,0.06897806930505386,0.06897806930505386,0.036876046827817546,0.015576043631043382,0.008014699615207538,0.004087059836773625,0.0016513860708612332
1091.0,Bishkek,0.04000000059604645,0.04000000059604645,0.020000000298023225,0.00800000011920929,0.004000000059604645,0.0020000000298023225,0.000800000011920929
1095.0,Kandy,0.08350127722450743,0.08350127722450743,0.042632207940516136,0.01742235397384332,0.008824270050578419,0.004454744512578948,0.0017903284615408766
1133.0,Aleppo,0.0694033116976954,0.0694033116976954,0.03619755700415042,0.01505749183815543,0.007698099879121224,0.0039122692644677,0.0015780673142882565
1141.0,New Taipei [Taipei],0.08723740516782455,0.08723740516782455,0.04568838879161524,0.01876627212128018,0.009478667525291732,0.004764965445762152,0.0019104372347853705
1150.0,Ta'izz,,,,,,,
1160.0,Antwerp,0.029238125223153385,0.029238125223153385,0.015376924197830839,0.006463291149555689,0.0033326457975825547,0.001708741898189839,0.0006937874478099322
1234.0,Jeddah,0.03762422958713839,0.03762422958713839,0.020069702318173135,0.008546858848628469,0.0044393402522268895,0.002280575489256091,0.0009241969234000076
1245.0,Lomé,0.025091923206249138,0.025091923206249138,0.01468873695844178,0.006795217532405386,0.003709864312189088,0.001987648051733708,0.0008244983860497326
1255.0,San Jose,0.03586110794456498,0.03586110794456498,0.01868531271448776,0.007760585009121551,0.003966212127104879,0.002017175659914544,0.0008144216203662182
1266.0,Melbourne,0.06199633084980004,0.06199633084980004,0.03252395286001716,0.013515162850875825,0.0068930933763598,0.003495568805271042,0.001408979523862376
1269.0,Brussels,0.04439400315262219,0.04439400315262219,0.023326197687643647,0.00976284533414119,0.005005696747995045,0.0025446963056185356,0.001026233463168477
1276.0,Calgary,0.05752294286291186,0.05752294286291186,0.030086950215852247,0.012525029182303842,0.006401932947399632,0.003250567544477551,0.0013104526685809251
1284.0,Cali,0.0691792773978634,0.0691792773978634,0.036233197977063425,0.015084556526661646,0.007706512955360317,0.003912537330933365,0.0015768730234426388
1296.0,Kumasi,0.030034119039927143,0.030034119039927143,0.016079736776687135,0.006845258676616356,0.0035307247660552863,0.0018016370873437902,0.0007287283022143354
1301.0,Tegucigalpa,0.08211097488098028,0.08211097488098028,0.04137926792916728,0.016647560821437254,0.008348780408501625,0.004181097522014525,0.0016731707162973358
1302.0,Port-au-Prince,0.06999999880790711,0.06999999880790711,0.034999999403953555,0.013999999761581422,0.006999999880790711,0.003499999940395355,0.001399999976158142
1322.0,Kuala Lumpur,0.054755847081512724,0.054755847081512724,0.0289618487511139,0.01216087116990708,0.006248253717726379,0.0031877245561358764,0.0012889653523306616
1338.0,Kigali,0.054799397881481235,0.054799397881481235,0.028449319992565544,0.01177850762100183,0.006007326095518097,0.0030536727619918805,0.001232568987805557
1385.0,Kinshasa,0.08812139437534819,0.08812139437534819,0.04808341712544734,0.019710104188318686,0.009895571551540463,0.004956973877654515,0.0019845159353485257
1397.0,Bordeaux,0.051047115406988114,0.051047115406988114,0.029068708880839282,0.012940773070451212,0.006855540469019613,0.0035718126564068487,0.0014589744797561034
1427.0,Amsterdam,0.02987046233071575,0.02987046233071575,0.014870461734669304,0.0059363012725539045,0.0029820100137765843,0.0015043456208830496,0.0006060676196857016
1445.0,Stockholm,0.03162683659642749,0.03162683659642749,0.016450766692782823,0.006816381744339985,0.003495520862973376,0.0017823002794026715,0.0007190943412385316
1459.0,Maracaibo,0.06995512920927044,0.06995512920927044,0.036046205682832816,0.01470540922398015,0.00741639493280412,0.0037156260707562044,0.0014868558983446515
1467.0,San Miguel de Tucumán,0.06370633359628558,0.06370633359628558,0.03420539935962919,0.014500301733442713,0.007468319774376068,0.0038126744174176302,0.001541382320137409
1477.0,Manaus,0.09276386479744918,0.09276386479744918,0.0476200565761079,0.019292053211082384,0.009672671983885335,0.004844538972772835,0.001940586854326264
1479.0,Zurich,0.06221634608353253,0.06221634608353253,0.03247119605891683,0.013538108959310397,0.006928233153471505,0.003522590134539076,0.0014216895688893038
1515.0,Marrakesh,0.028230894831440794,0.028230894831440794,0.016198374286051687,0.007369105831818368,0.003950406576923238,0.0020784553187649423,0.0008552845654691138
1525.0,Kathmandu,0.08730386261523095,0.08730386261523095,0.04491866677494742,0.018398468637425322,0.009302095161307283,0.004690482816035415,0.001884733796133836
1545.0,Tunis,0.0326093709169201,0.0326093709169201,0.019507147403534875,0.009055876799823311,0.004894238533102342,0.0025817159971791024,0.001061590926225274
1558.0,Harare,0.03345269324403209,0.03345269324403209,0.017514180903393527,0.007406787889426094,0.003842730291555068,0.0019718975049044176,0.0007988790495194108
1570.0,Santa Cruz de la Sierra,0.07892159469276074,0.07892159469276074,0.04025788087128536,0.016381187025559553,0.008276932970031984,0.004172040680539701,0.0016761560365454275
1572.0,Edmonton,0.0674391014437378,0.0674391014437378,0.03472154663985924,0.01420192481292177,0.0071882225814689895,0.00362376794458148,0.0014549296436458233
1596.0,Medan,0.036339044165052986,0.036339044165052986,0.019377191426726094,0.008226219447704691,0.004257748799587801,0.0021955581061349956,0.0008956350648588216
1600.0,Milan,0.028315392685845257,0.028315392685845257,0.015127126775388465,0.006454041798957326,0.00335157422323975,0.0017246195643288568,0.0007006777945743998
1625.0,Mecca,0.056029204421113185,0.056029204421113185,0.02879998693544301,0.011848097350313069,0.006021078869643286,0.003045762293125164,0.0012258564350325321
1637.0,Istanbul,0.049909919055731014,0.049909919055731014,0.025740810689401934,0.01054484136640059,0.005334912798410217,0.00269309589864559,0.0010834445758614876
1642.0,Los Angeles,0.03912110414663079,0.03912110414663079,0.02098876405327539,0.008965243678635538,0.004649951971412368,0.002386822340041391,0.0009678772211569314
1647.0,Port Elizabeth,0.026294237587880864,0.026294237587880864,0.014379505062842387,0.006181914073468461,0.0032031323942087317,0.0016370855503776388,0.0006606334528117376
1656.0,Liège,0.06995149871437362,0.06995149871437362,0.0369054689864204,0.015512351399413978,0.007975674921623106,0.004068505017833053,0.0016438177509593651
1657.0,Cotonou,0.03233931148429245,0.03233931148429245,0.018941273207880048,0.00870204689488701,0.004696475245833971,0.0024888495404793744,0.0010298000131679324
1674.0,Santo Domingo,0.08288305640889226,0.08288305640889226,0.04275547849273274,0.01748442838113959,0.008834096910535924,0.004445076004628708,0.0017835335773626279
1744.0,Baku,0.04734507316317556,0.04734507316317556,0.02465209106400759,0.010215717840355958,0.005212546827591968,0.0026461041658028027,0.0010656323505248513
1749.0,Rajshahi,0.04878434736512546,0.04878434736512546,0.028531523026310728,0.013244297321320823,0.006929892852589734,0.0035721494091027007,0.0014509918464394532
1782.0,Daejeon,0.07486949548118393,0.07486949548118393,0.04002589192918393,0.016827417959089326,0.008620487340611178,0.004376846656559017,0.0017624909449298946
1785.0,Casablanca,0.03669745284637897,0.03669745284637897,0.019745859898782477,0.008466071113035697,0.004387878797784409,0.0022475110832051943,0.0009103989537546367
1797.0,Angeles [San Fernando],0.0533119001290666,0.0533119001290666,0.028998201391963588,0.012594851515893499,0.006597596730858492,0.0034091242446240345,0.0013881438819455514
1815.0,Tainan,0.05940926876374589,0.05940926876374589,0.031150664007214158,0.012995006534200989,0.006656349140563629,0.003389205344169877,0.0013685567664914458
1830.0,Sydney,0.08213364648331975,0.08213364648331975,0.04295762532928969,0.017652507045831385,0.0089303346940873,0.0044975471122873315,0.0018048913849775688
1834.0,Ouagadougou,0.021405126591547533,0.021405126591547533,0.01088330542738172,0.004409047470590876,0.0022205450041684217,0.0011223837135107934,0.0004531059007505742
1872.0,Mandalay,0.0723118413380543,0.0723118413380543,0.03935095384711057,0.01672034266468458,0.008608391642562625,0.004389665500290114,0.0017730612736714928
1889.0,Mogadishu,,,,,,,
1894.0,Bangkok,0.052551997812889134,0.052551997812889134,0.028087942250362385,0.011881609562326992,0.006127876872354242,0.0031331269590271563,0.00126758922130369
1897.0,Kaohsiung,0.08634454509407434,0.08634454509407434,0.04529716035468704,0.018621376485993518,0.00940580647572975,0.00472549912691347,0.0018930770447546541
1899.0,Kampala,0.016843873282489326,0.016843873282489326,0.008632135955400497,0.003573326824900261,0.001792938018842842,0.000896469009421421,0.0003585876037685684
1967.0,Touba,,,,,,,
1981.0,Samarkand,0.057631152479173914,0.057631152479173914,0.03036944888378293,0.012751289618631596,0.006555494054257271,0.0033447075062907694,0.0013520224822276248
1986.0,Lusaka,0.02000000029802322,0.02000000029802322,0.01000000014901161,0.004000000059604644,0.002000000029802322,0.001000000014901161,0.00040000000596046445
2008.0,Seville,0.05313685017500826,0.05313685017500826,0.028741627372654815,0.012291429098858029,0.006349815737785534,0.003249021551282571,0.001314384940024641
2018.0,Erbil,,,,,,,
2034.0,Karachi,0.05839868911018878,0.05839868911018878,0.03227602478004567,0.013983472983114458,0.007305459912518025,0.003766226580964569,0.0015296873863626926
2072.0,Santiago,0.05665742547931961,0.05665742547931961,0.02987566222012709,0.01255496359024924,0.006452116633424277,0.0032908518784850104,0.001330009063326013
2086.0,Cardiff,0.042158064454691516,0.042158064454691516,0.021931787512744095,0.009138943301380924,0.004684125976165524,0.002389131871680942,0.0009660557273445097
2091.0,Srinagar,0.05546965820243942,0.05546965820243942,0.029283444652845263,0.01232767893457129,0.006351666695934192,0.0032445420825697848,0.0013120570661797606
2114.0,Bucharest,0.024256280753132013,0.024256280753132013,0.012629067443193032,0.005262137094269946,0.002700600149056518,0.001374107746531191,0.0005542984540442518
2162.0,Guatemala City,0.07084935037794735,0.07084935037794735,0.03575875416560449,0.014438088530192232,0.007260327550929873,0.003646291346009965,0.0014622804414975699
2171.0,Nairobi,0.024387462836446334,0.024387462836446334,0.013231045964395102,0.0057569740442395545,0.003035708988902418,0.001585696454966385,0.0006504057504293844
2199.0,Bursa,0.04664639647570027,0.04664639647570027,0.02421518851658893,0.010015339926589152,0.005105550279066706,0.002588000826261015,0.0010413440330285851
2203.0,Kyiv,0.07979693441016025,0.07979693441016025,0.04290987724721959,0.01812771535334413,0.009292951708252587,0.004716461208381712,0.0018995514504383817
2204.0,Tijuana,0.05256097332835803,0.05256097332835803,0.027545405781070138,0.01151520121305958,0.005908549102228463,0.0030119308207789885,0.001217506705560089
2207.0,Hanoi,0.06317791327931058,0.06317791327931058,0.033990822720894494,0.014447427795935282,0.00745363975623342,0.003807180017838782,0.0015390908437138593
2246.0,Gwangju,0.055531908423748735,0.055531908423748735,0.02980596493810234,0.012703246976166933,0.006575479458300658,0.0033651043202934557,0.001360871726411105
2262.0,Moscow,0.052554880354969274,0.052554880354969274,0.02764253018951176,0.011588603401065828,0.005950194772064868,0.0030326101738249386,0.0012252513238851796
2285.0,Cordoba,0.07861355577902829,0.07861355577902829,0.04032341290401575,0.01650732064840441,0.008357399290767764,0.004217636438607431,0.0016953102764595477
2289.0,Bogura,0.05945927263962941,0.05945927263962941,0.033823416411283475,0.014779376034902147,0.007726565303646068,0.003975108440546132,0.0016119364282572914
2293.0,Ürümqi,0.02515590605957213,0.02515590605957213,0.013152273349386696,0.005514736999367569,0.0028381820972357722,0.001451308683718502,0.0005875571006969838
2295.0,Yaounde,0.02000000029802322,0.02000000029802322,0.01000000014901161,0.004000000059604644,0.002000000029802322,0.001000000014901161,0.00040000000596046445
2304.0,Toulouse,0.04366521758841424,0.04366521758841424,0.023548471489271933,0.010106246262404953,0.0052590190935037934,0.0027057830904087385,0.001098207810443039
2317.0,Rabat,0.07079926575601056,0.07079926575601056,0.03990352412119573,0.0172162994903221,0.008848458117478569,0.004490895730069949,0.00180939794111882
2327.0,Lima,0.050681770211224345,0.050681770211224345,0.026705499296378023,0.01124592242092698,0.005798961429197353,0.002966237814475958,0.0012001218132986853
2352.0,Kabul,0.05619554997247335,0.05619554997247335,0.029700248302132616,0.012306573188384271,0.006246615038348117,0.0031550568792724854,0.0012695074983384046
2355.0,Brisbane,0.08711132758684342,0.08711132758684342,0.04588255229296562,0.018932313310860767,0.00958506792676423,0.004829883956705145,0.0019394784366424756
2374.0,Liverpool,0.03244480287128268,0.03244480287128268,0.016891137253184557,0.006970580764545953,0.0035432529358005852,0.001794106646974227,0.0007211318644880156
2382.0,Kumamoto,0.06823979194512038,0.06823979194512038,0.03643978305083108,0.01533207890301701,0.007847132532568642,0.003992303157778297,0.0016128982713531396
2453.0,Daegu,0.06097557473775723,0.06097557473775723,0.0323233198080041,0.013581898037044094,0.006969805353229277,0.003547241328073562,0.001431619940277716
2481.0,Tashkent,0.038520699152049837,0.038520699152049837,0.020312854358049373,0.00855096915197526,0.004402396971290952,0.0022482809125941644,0.0009091516978212028
2524.0,Singapore,0.06255815321246755,0.06255815321246755,0.03349339566192366,0.014149855472066025,0.007264524696851718,0.003699236189513678,0.0014931736964150838
2526.0,Ibadan,0.06232500096365684,0.06232500096365684,0.03260997958863393,0.01363426268400044,0.0070163210165242375,0.003587980103703538,0.0014513808046556782
2569.0,Quito,0.07866895241073199,0.07866895241073199,0.04007371429065863,0.01631942856768767,0.008252761897615025,0.004160857136221159,0.0016708571395419893
2583.0,Almaty,0.04129672439941221,0.04129672439941221,0.021170860567058712,0.008657927501861572,0.004373929766779729,0.002206774970734303,0.000888524747821466
2626.0,Toronto,0.04557795295360875,0.04557795295360875,0.023621842491543324,0.00981023057012577,0.004998075848416529,0.0025306366804903682,0.001017068065290859
2629.0,Abidjan,0.044754943543121525,0.044754943543121525,0.026792649597327384,0.012469664538637728,0.00672739254490186,0.0035392573534574557,0.0014546375809809389
2630.0,Garoua,0.03847109857464155,0.03847109857464155,0.02231020357367992,0.010222739700451074,0.005485162309422447,0.002878449006016824,0.001178911488731844
2648.0,Hiroshima,0.08026463197552139,0.08026463197552139,0.04285997097604344,0.018007315208221318,0.009218472652097447,0.004683481707606723,0.0018877873054051568
2663.0,Katowice,0.039243651794025926,0.039243651794025926,0.020366614655531037,0.008458043775412191,0.0043254120279491845,0.0021996812837694864,0.0008878367985374248
2702.0,Paris,0.07244215474051915,0.07244215474051915,0.03864101012591247,0.016337784684460552,0.008412693697088223,0.004296751245826533,0.0017381064696710107
2706.0,Padang,0.05323805105829518,0.05323805105829518,0.028914374366781632,0.012482607111541762,0.006506055220347305,0.003352515465000583,0.0013628019673646453
2709.0,Baghdad,0.06495534811897304,0.06495534811897304,0.03426053736749904,0.01433886681205795,0.00734755964894886,0.0037395408399777215,0.0015097579907147778
2737.0,Odesa,0.024014781166918832,0.024014781166918832,0.012617539663517396,0.005236396868797998,0.002710319356825053,0.0013907471560549891,0.0005593451939064684
2757.0,Medellín,0.0847062613174372,0.0847062613174372,0.04297594336018545,0.017429554721228646,0.008773526476602672,0.0044028621790792415,0.0017638840944269943
2787.0,Lodz,0.029541364780745722,0.029541364780745722,0.014814091481810265,0.005936818410930309,0.002973181932690469,0.001491363693570549,0.0005981818410483274
2801.0,Barquisimeto,0.06999999880790711,0.06999999880790711,0.034999999403953555,0.013999999761581422,0.006999999880790711,0.003499999940395355,0.001399999976158142
2821.0,Faiyum,0.06901949573754734,0.06901949573754734,0.03603825506641752,0.014105957951403097,0.007411355501241368,0.00383234920429052,0.0015593669585131948
2822.0,Málaga,0.06014473651886173,0.06014473651886173,0.033395747184558906,0.014594343294668646,0.007638003889002119,0.003936607244420982,0.0015988564320062839
2837.0,Guadalajara,0.06435865224656909,0.06435865224656909,0.03381352328963361,0.014148986996029352,0.0072596356156124295,0.003695134029074476,0.001491636191616975
2845.0,Quezon City [Manila],0.05694014144651757,0.05694014144651757,0.031007285388976166,0.013374666144105658,0.006971004447682608,0.0035895825607968057,0.0014587068068433148
2935.0,Tanta,0.04148448026636682,0.04148448026636682,0.022680720639676064,0.00988519731599555,0.005189753725670024,0.002688128330556849,0.0010949326189007736
2940.0,Accra,0.04886355785374284,0.04886355785374284,0.028191300653284537,0.012416435564847086,0.006467869072911078,0.003316364415594796,0.0013433991302226683
3000.0,Kermanshah,0.07118680204702307,0.07118680204702307,0.03800244833185025,0.016073679681746715,0.008262836864123465,0.004210259925874326,0.0016999170448171192
3033.0,Sirajganj,0.05972976077562846,0.05972976077562846,0.034095864864233175,0.014896066706884904,0.007747630898836315,0.003973645430742823,0.0016091628156210222
3041.0,Mannheim,0.04790882351270479,0.04790882351270479,0.026357819268190995,0.011444908963651246,0.005978483324717442,0.003080872035529111,0.0012509634265689155
3056.0,Mombasa,0.05750455683310386,0.05750455683310386,0.03228936694987778,0.014285569562668665,0.007503291113853832,0.003868481001059843,0.0015706329066919377
3057.0,Busan,0.09447518675330159,0.09447518675330159,0.04858836149308999,0.019736328880646067,0.00992166063352879,0.0049740802648657635,0.0019917442614788925
3093.0,Frankfurt am Main,0.05224722922568221,0.05224722922568221,0.02855114855604876,0.012371816683398196,0.006463636124744176,0.003334693478932204,0.0013553242704017828
3099.0,Bristol,0.0769674750220991,0.0769674750220991,0.04070710899808369,0.01689784528607363,0.008590277030452564,0.0043360312637697115,0.0017417859873069589
3142.0,Kananga,,,,,,,
3145.0,Algiers,0.047557535473395626,0.047557535473395626,0.026507853956195013,0.011663706649888118,0.006128584211465356,0.003173365854886901,0.0012928908583017325
3147.0,Madrid,0.036002465605706885,0.036002465605706885,0.0187074781279276,0.007766225222591393,0.003964092984504424,0.0020115805597927935,0.0008108002699785501
3171.0,Krakow,0.03608609535607095,0.03608609535607095,0.019344082063338652,0.008285019451745607,0.004316655274719257,0.002225530402689828,0.0009041707045431479
3200.0,Lille,0.03174645151644199,0.03174645151644199,0.016921893780778394,0.007209145580556091,0.0037388964441059376,0.001910453381471563,0.0007711385753367853
3211.0,Ulsan,0.04064555613645249,0.04064555613645249,0.020612222503771385,0.008445555661271016,0.0042855556068983345,0.0021500000253154173,0.0008586666766140196
3222.0,Warsaw,0.04288308257791977,0.04288308257791977,0.023845761732312735,0.010441344356034263,0.005476331433493804,0.0028340897921263234,0.001153496382925437
3226.0,Khartoum,0.054775657134799746,0.054775657134799746,0.03303464404831722,0.015184966817752043,0.008105954318269028,0.00424592009851715,0.00173999130848883
3234.0,Nam Định,0.06367988648247255,0.06367988648247255,0.034069020447122074,0.014465341499838143,0.00746729283890739,0.0038187172714171363,0.001545283277754718
3255.0,Pekanbaru,0.06742845507690182,0.06742845507690182,0.035854427724692405,0.015125028243148625,0.0077852728157017225,0.00397112123650952,0.0016036868850153483
3270.0,Peshawar,0.039562502397243696,0.039562502397243696,0.021109295077704773,0.008951048973221378,0.004626304397622245,0.002371192500205793,0.0009611247295346869
3280.0,Dar es Salaam,0.03491883274286339,0.03491883274286339,0.019513936093922442,0.008700376646323112,0.0046184557276355235,0.0024061205191379885,0.0009826741971201815
3284.0,Valencia,0.06999999880790711,0.06999999880790711,0.034999999403953555,0.013999999761581422,0.006999999880790711,0.003499999940395355,0.001399999976158142
3304.0,Manchester,0.05132036088909276,0.05132036088909276,0.02678162188454504,0.0111559635777436,0.005710907377556646,0.0029059045913189157,0.0011731997786971855
3315.0,Tangier,0.030811111714690923,0.030811111714690923,0.017755555912852286,0.008172222337375086,0.004533333367357652,0.0023805555668142105,0.0009555555598603354
3324.0,Pyongyang,0.07853719414501616,0.07853719414501616,0.04193720303977818,0.01764626513650293,0.009055739657395694,0.004614400581406226,0.0018638084793169292
3327.0,Riyadh,0.06100278371725358,0.06100278371725358,0.03169696767155335,0.013095809622306057,0.006661151620188838,0.0033711280540028674,0.0013561662369429037
3337.0,Johannesburg,0.031485118762447487,0.031485118762447487,0.01646644393919537,0.006902140541151382,0.0035470410981749655,0.0018098399581687858,0.0007320304545472184
3340.0,Rosario,0.07905820663283243,0.07905820663283243,0.04099091329331464,0.01689062488036024,0.008576140699087634,0.004336222172269422,0.0017451182508527795
3343.0,Ottawa,0.0769527787663396,0.0769527787663396,0.04106877154120316,0.017141351681493208,0.008725675536969658,0.004413425386686619,0.0017757438313794143
3357.0,Jammu,0.04668474531594853,0.04668474531594853,0.024961125660613235,0.010621899382194714,0.005500129176225628,0.0028191086245398216,0.0011423510451222237
3435.0,Tangail,0.05389607770247927,0.05389607770247927,0.03363245280823654,0.015642020408084344,0.0082295769276114,0.004232420285617583,0.0017142636624069149
3438.0,Xining,0.04935964501908962,0.04935964501908962,0.025550298705476544,0.010585720455254098,0.005409019510388018,0.002749820052473308,0.001109985865359226
3453.0,Najaf,0.07166776490430704,0.07166776490430704,0.03738554106353212,0.015530207730529363,0.007929768744542574,0.004025272536659869,0.0016227045121155609
3471.0,Antalya,0.03883023861856501,0.03883023861856501,0.02083287971782831,0.008930015822522255,0.004657162729310063,0.0024007383966937984,0.0009751426765017488
3483.0,Mymensingh,0.04925456871302299,0.04925456871302299,0.025575706260685508,0.01058903278953913,0.005338324841123741,0.0026668556988686883,0.001066273215753026
3485.0,Montreal,0.06572328095455196,0.06572328095455196,0.035240763314353954,0.014892461240662047,0.007667772061638713,0.003915778869493714,0.0015837496489832718
3529.0,Khulna,0.03801833064464045,0.03801833064464045,0.022973962774540592,0.012405801367784738,0.007896346924707264,0.00458208180856002,0.0019233652346747337
3534.0,Mbuji-Mayi,0.05523173110391909,0.05523173110391909,0.030456953874538447,0.013306708760400379,0.0069945098293204165,0.0036149318851876008,0.0014675192873209808
3549.0,Okayama,0.07622955869444119,0.07622955869444119,0.04055752993219237,0.017055407003500934,0.008753803406957798,0.004460626648147107,0.001801824108639452
3560.0,Voronezh,0.04075125207560268,0.04075125207560268,0.02204720167109878,0.009470537276928963,0.00494134529679178,0.002550735775646751,0.0010359601509119215
3569.0,Haiphong,0.04931487851738315,0.04931487851738315,0.02812445391950115,0.012449595291289786,0.006524459485816503,0.003375649541764468,0.0013759105960958109
3580.0,Stuttgart,0.061328787169222,0.061328787169222,0.03235656123129297,0.01362761725353865,0.0070188251499513805,0.0035856880574869996,0.0014504282340281661
3607.0,Sincan,0.06059359662933518,0.06059359662933518,0.03251187010679028,0.01374160830999454,0.007071395773744356,0.0036051418725744633,0.0014547529218039278
3608.0,Dnipro,0.06873036963755193,0.06873036963755193,0.03905999106367349,0.0172247198138624,0.008990077322122592,0.004612053516819925,0.001866401496302737
3611.0,Maracay,0.06999999880790711,0.06999999880790711,0.034999999403953555,0.013999999761581422,0.006999999880790711,0.003499999940395355,0.001399999976158142
3647.0,Hofuf,0.04696953146474664,0.04696953146474664,0.024940175209693077,0.010482795180248208,0.005375852424721192,0.00273493562457417,0.0011041705767248055
3650.0,Ankara,0.05303006479506459,0.05303006479506459,0.0273731010713891,0.011276631918698751,0.005736769432141027,0.002910143901917182,0.0011740700520165507
3652.0,Sacramento,0.055952760460559636,0.055952760460559636,0.029324641432371193,0.012242691841536783,0.006270243504658674,0.0031898984697227017,0.0012875182108025665
3656.0,Klipgat,0.020886607700325615,0.020886607700325615,0.01180412406186104,0.005282044413416584,0.0028140603721931784,0.0014808802416331015,0.0006090156987875792
3667.0,Hanover,0.04811517964085478,0.04811517964085478,0.02532340220491372,0.010610225589787343,0.005452830582638988,0.002785849294985955,0.001127331766380931
3691.0,Dammam,0.04429604934951638,0.04429604934951638,0.023439666492907355,0.00986271154798466,0.005067100767865963,0.0025778707693324848,0.001038881852055072
3700.0,Pretoria,0.044839074125638104,0.044839074125638104,0.023808192565825597,0.01018373718657648,0.005267462687793498,0.0026845578524671452,0.0010833769156233651
3702.0,Dhaka,0.06078175970939263,0.06078175970939263,0.03570982038105691,0.016540974275551915,0.008789533824258896,0.004504071218266136,0.0018188838973170792
3703.0,Dhaka,0.053826260697397335,0.053826260697397335,0.030002241619798073,0.013511134576814498,0.007089343910009564,0.0036232331431390753,0.00146396632711298
3705.0,Dhaka,0.07291981606429068,0.07291981606429068,0.03977196054883479,0.016912938073303185,0.008655947063241085,0.004396750536461278,0.0017730627010301698
3707.0,Dhaka,0.06750868169441793,0.06750868169441793,0.03766007915983452,0.016276563263834698,0.008379944348775942,0.004274676226433966,0.0017270420544219242
3718.0,Lyon,0.05753262482553455,0.05753262482553455,0.031870420654807156,0.013872654019632594,0.00724136343779333,0.0037271728932046656,0.0015125474448804447
3722.0,Rajkot,0.04000000059604645,0.04000000059604645,0.020000000298023225,0.00800000011920929,0.004000000059604645,0.0020000000298023225,0.000800000011920929
3736.0,Nizhny Novgorod,0.08143913032098879,0.08143913032098879,0.04456736918628726,0.018891914257431013,0.009638837040299953,0.004862636767936206,0.0019519955797027745
3793.0,Hamburg,0.05776978062739077,0.05776978062739077,0.03184328749452492,0.013845614593984368,0.007252426145837422,0.0037491831810309703,0.0015242105905920885
3799.0,Birmingham,0.051872822834037775,0.051872822834037775,0.02709240076806258,0.011318896948653805,0.005797622167794392,0.002946347727836027,0.0011897593795184207
3810.0,Ilorin,0.040283413265851775,0.040283413265851775,0.021100835503730254,0.008835918928405408,0.004556682615796535,0.002329952286489681,0.0009412887905121986
3818.0,Kharkiv,0.04035295680795509,0.04035295680795509,0.02106238087141357,0.008790635959354792,0.004519020071803432,0.0023136748145111048,0.000937655945287361
3828.0,Lanzhou,0.0754167704517006,0.0754167704517006,0.03958081148500381,0.016463721431523436,0.008404371246613007,0.004268092243226223,0.0017205203447476318
3842.0,Ad Diwaniyah,0.04072500060498714,0.04072500060498714,0.02072500030696392,0.008725000128149987,0.004725000068545341,0.0026000000461936,0.001100000023841858
3845.0,Fez,0.052719977530371186,0.052719977530371186,0.02749424384476335,0.011461512426414756,0.005881376975150799,0.0029835214425324046,0.0011990970642585517
3846.0,Aguascalientes,0.06679913813034896,0.06679913813034896,0.03467941528220037,0.014360254026436058,0.007321237845622651,0.0037139701318587687,0.0014972455091547313
3881.0,Rome,0.0783177726879767,0.0783177726879767,0.04143312205376393,0.01735384054122971,0.008876294696870568,0.004504873874961406,0.0018154101624405577
3911.0,Marseille,0.027196790874782942,0.027196790874782942,0.014377655705120743,0.006105983890858204,0.0031699163436309176,0.0016322942126983648,0.0006626562803655263
3956.0,Osaka [Kyoto],0.06556409487339132,0.06556409487339132,0.03534815087189701,0.014989515267011456,0.007718309280405844,0.003935369286598253,0.0015896815488632603
3981.0,Cairo,0.05061853937212971,0.05061853937212971,0.028300315433986423,0.0124108087964551,0.006512917726641114,0.003367971196959552,0.0013703317744559742
4009.0,Kishoreganj,0.04231516046965737,0.04231516046965737,0.022653876161505514,0.009788227823872491,0.0051592932338424425,0.0026997835048320684,0.0011069219384730188
4034.0,Rostov-on-Don,0.04539645481196921,0.04539645481196921,0.02480104903229246,0.010926745683094478,0.005832320176736792,0.0030779431345579625,0.0012698997850663799
4040.0,Caracas,0.09013805991841521,0.09013805991841521,0.04548412118772491,0.018350097935325844,0.009213789517001577,0.004618615136173362,0.0018502324084415712
4048.0,Bogota,0.08334414555161296,0.08334414555161296,0.04301829128699003,0.01770118568945256,0.008990446502540637,0.004535204778308198,0.001821521590534068
4082.0,Barranquilla,0.08717987710436059,0.08717987710436059,0.04534660648926411,0.01869288402183008,0.00950203709196978,0.00480399477040922,0.0019313988237873
4097.0,León,0.03433019857326208,0.03433019857326208,0.017869802249650846,0.007429208026922279,0.0038054455996371136,0.0019465346821390165,0.0007881188236250736
4143.0,Las Vegas,0.02743389133102058,0.02743389133102058,0.014485408448896963,0.006121701082619171,0.003168388671815097,0.0016248484866191962,0.000658258731898656
4148.0,Brahmanbaria,0.058359903203318776,0.058359903203318776,0.034250084158074304,0.015451963908018835,0.008063957029671318,0.004148287872297504,0.0016830210428368385
4150.0,Yinchuan,0.03314610981677804,0.03314610981677804,0.017671269257285165,0.007504050929624349,0.0038882287943359066,0.0019990723508247583,0.000810793720868795
4156.0,Valencia,0.029275337107955338,0.029275337107955338,0.015716487915388093,0.006716704629853267,0.0034942874202062105,0.0017981703431364305,0.0007296004053612562
4159.0,Leeds,0.038229483287709795,0.038229483287709795,0.020386618041613618,0.00864387422218052,0.004471227039120467,0.0022924307819173137,0.0009284341795728838
4194.0,Batam City,,,,,,,
4199.0,Naha,,,,,,,
4211.0,Phoenix,0.033655912264859145,0.033655912264859145,0.017858307858948142,0.007532905096361707,0.003882378975268966,0.0019852053802384127,0.000803406882177259
4215.0,Buenos Aires,0.09149021811875817,0.09149021811875817,0.0477160081524508,0.0195084056103847,0.00979528496092124,0.004907675790431181,0.0019650551607568317
4227.0,Newcastle upon Tyne,0.05950261952716868,0.05950261952716868,0.031884239627686245,0.013716941965267525,0.007157045238188437,0.0036859703081184936,0.0014981069389222836
4238.0,Swat City,0.033498546079099176,0.033498546079099176,0.017944000312848526,0.0076894546672972765,0.00399672733290629,0.0020567273023724556,0.0008349091027541595
4278.0,Tucson,0.050101882138213406,0.050101882138213406,0.025875305645876933,0.010667825710630779,0.005424829489028336,0.002744475861275508,0.0011047828596143332
4280.0,Long Xuyen,0.07615296077352643,0.07615296077352643,0.03987401710885486,0.01660584597557032,0.008482635372313089,0.004305113746902111,0.0017352031243285117
4316.0,Comilla,0.05976207157956874,0.05976207157956874,0.03418761310954012,0.015173146721302447,0.007935891451699626,0.004084561836423936,0.0016573318025083735
4323.0,Al-Minya,0.04575112118628205,0.04575112118628205,0.026633335057086052,0.012242812810145307,0.0065886463895556,0.0034640143854104475,0.0014201837380928583
4333.0,Naples,0.05600801991581186,0.05600801991581186,0.03155644196026576,0.01397466242579162,0.007368007982618695,0.0038173654987244607,0.001554603982514616
4335.0,Torreon,0.038815324328661575,0.038815324328661575,0.020893632941496525,0.008904230012886313,0.004606936679905304,0.0023591605195286526,0.000955198334961241
4344.0,Donetsk,0.03000000119209289,0.03000000119209289,0.015000000596046444,0.006000000238418578,0.003000000119209289,0.0015000000596046446,0.0006000000238418578
4371.0,Mardan,0.04126142904711841,0.04126142904711841,0.02131561601248941,0.008796896652991108,0.0044806404446916925,0.0022720197299064084,0.0009156650350011629
4372.0,Cebu City,,,,,,,
4395.0,Palembang,0.05458381413733163,0.05458381413733163,0.0302281853966013,0.013168085354752824,0.006883714294144418,0.003548718882058332,0.0014413030912871492
4396.0,Amritsar,0.025101606083647646,0.025101606083647646,0.013560905921414873,0.005798848210157982,0.002996158601482188,0.0015325192325597976,0.000620478176277295
4397.0,Ahwaz,0.06527983139261366,0.06527983139261366,0.03504900848017939,0.014893360401067368,0.007686299159797636,0.0039274839935327915,0.0015881367831930846
4426.0,Nice,0.05056914681944137,0.05056914681944137,0.02862654063451234,0.012751055590469462,0.006750883577991274,0.0035041693352814095,0.0014276705982609068
4435.0,Yangon,0.058363113208526204,0.058363113208526204,0.03239278104980438,0.013951819884419198,0.0072243881313998285,0.0036939488144962793,0.00149387337521024
4444.0,Portland,0.09107970886587552,0.09107970886587552,0.0474358014815225,0.019313744929704803,0.00969848553196814,0.004860404589518824,0.0019463111812876583
4454.0,Nuremberg,0.05093985927797977,0.05093985927797977,0.026491855723204876,0.011008316952967626,0.005629386625333235,0.002862314762222815,0.001155264501612858
4460.0,Sheffield,0.06219718281800989,0.06219718281800989,0.032798852847196816,0.013663658084805973,0.006969133769977706,0.0035317548422905934,0.0014206586974461477
4483.0,Belém,0.08969986215846773,0.08969986215846773,0.047230279932258534,0.019314155957091378,0.009753111827511304,0.004912821214800378,0.0019728592045381486
4497.0,Basra,0.06886250431666635,0.06886250431666635,0.036497692714410786,0.01540086445499228,0.007929885983629807,0.004045963427361259,0.0016347287737290747
4510.0,Seattle,0.061588477328440326,0.061588477328440326,0.03258329357567826,0.013718487521895207,0.007061980369497259,0.0036050081117241124,0.0014566722659892872
4513.0,Durban,0.06457123871253342,0.06457123871253342,0.03498961984313981,0.015015819737236744,0.0077802595715490246,0.00398411260581427,0.0016130369720959185
4515.0,Lakshmipur,0.05245116746079277,0.05245116746079277,0.03084089934082384,0.015396665729368413,0.008462364008523935,0.004378106891760785,0.0017811383281051015
4523.0,Barcelona,0.07164326925584219,0.07164326925584219,0.038395332371761806,0.01631045273969995,0.008434740277584753,0.004319946087755786,0.0017495673292823614
4532.0,Nagoya,0.06498625291316627,0.06498625291316627,0.034948663187107626,0.014816441100494404,0.007651137204157698,0.003919352106526639,0.0015870527058200476
4593.0,Bandar Lampung,0.07058412875758399,0.07058412875758399,0.03639154879958209,0.014946037208722444,0.007590659107776412,0.003832733511069117,0.0015392802213205293
4617.0,Bucaramanga,0.08695228713044738,0.08695228713044738,0.043978431128257625,0.01779215676147564,0.008957189491323007,0.004503758144631885,0.001807189532549553
4644.0,Sylhet,0.05061823311933314,0.05061823311933314,0.028013874319832276,0.012219395781731458,0.006379884390577739,0.003277084215024538,0.0013249877721713188
4686.0,Tehran,0.03934888043864407,0.03934888043864407,0.020672639551558604,0.008642251510893421,0.0044350090191538705,0.0022615701540579865,0.0009138027767897188
4692.0,Hyderabad,0.07354255905412241,0.07354255905412241,0.03896897598028509,0.016355856396563832,0.008380986256069367,0.004260797693020411,0.0017186310250874562
4710.0,Mansoura,0.026961889125594597,0.026961889125594597,0.016057234790222173,0.007564409771778414,0.004179118041389986,0.002257779105558192,0.0009399795832826592
4718.0,Querétaro,0.04165609162335128,0.04165609162335128,0.02172101072594796,0.008980930639251771,0.004575934071256588,0.002323747556348805,0.0009372294128483092
4736.0,Munich,0.04547379921662981,0.04547379921662981,0.023653120681307635,0.009804659908236452,0.005009871055511156,0.002546552117207249,0.0010272956610711016
4760.0,Baotou,0.05485540248091278,0.05485540248091278,0.028753000206936854,0.012044706846109084,0.006182964477933229,0.0031546630456747086,0.0012757967816713726
4767.0,Nottingham,0.03843975255282374,0.03843975255282374,0.020349117810645592,0.008600294947579266,0.004444130755427301,0.0022765019941587247,0.0009221040591557574
4798.0,Ciudad Juárez,0.046059762867397824,0.046059762867397824,0.024429607073633647,0.010236450538881583,0.0052511605018419494,0.002674490908161231,0.0010800072823172779
4809.0,Goiânia,0.08605122790998945,0.08605122790998945,0.04375999072272156,0.017754882088204825,0.008945030324301276,0.0044977298163821925,0.0018045551017719728
4822.0,Sendai,0.0800979537569243,0.0800979537569243,0.04285973827392932,0.018107049625797136,0.009293497770719425,0.004721382464517453,0.0019022697226199153
4823.0,San Luis Potosí,0.025852335214030443,0.025852335214030443,0.01351534003859649,0.005651888026532775,0.002899048651708107,0.001485997050556279,0.0006026587347004626
4829.0,Kazan,0.07819566606112988,0.07819566606112988,0.04443323331563098,0.019024144553999017,0.009684169004014323,0.00486853217978874,0.0019491995282580738
4833.0,Chattogram,0.04977848628700123,0.04977848628700123,0.027777821187036065,0.012207881568643279,0.006386317837862367,0.003291543986578594,0.001336539119752661
4845.0,Qom,0.03608024969993433,0.03608024969993433,0.01925809138000725,0.00817152390887554,0.004221545389145653,0.002162212468110194,0.000875880308910179
4848.0,Toluca,0.04513545468900966,0.04513545468900966,0.023754639275753095,0.009917057463756644,0.005064509957662574,0.0025717950677811106,0.0010384598105459288
4854.0,Saratov,0.09361776585430878,0.09361776585430878,0.04857328748487523,0.019792693557996323,0.009954060822798112,0.004986804487456477,0.0019947466626638066
4861.0,Lubumbashi,0.03617070527317423,0.03617070527317423,0.019078582765258548,0.008043242397375637,0.0041514569313263975,0.0021283087988970798,0.0008617399071882298
4867.0,Portsmouth,0.03140091339139682,0.03140091339139682,0.017176318030032917,0.007490056534604182,0.0039387727588109135,0.002044248566050426,0.0008328143053839262
4881.0,Salt Lake City,0.049153512398562305,0.049153512398562305,0.025920634978819815,0.010868837282629417,0.005575869535173097,0.0028418135284071595,0.0011487069267887198
4894.0,Jakarta,0.05094541811493626,0.05094541811493626,0.026616772441927533,0.011098782542758574,0.005688754956185444,0.002896855880307076,0.001169747331274546
4897.0,Jakarta,0.04299807049379706,0.04299807049379706,0.022951955484143773,0.009731023272100299,0.005019142304299656,0.0025614066312389053,0.0010345104925428433
4898.0,Jakarta,0.04000000059604645,0.04000000059604645,0.020000000298023225,0.00800000011920929,0.004000000059604645,0.0020000000298023225,0.000800000011920929
4899.0,Jakarta,0.06686316893251283,0.06686316893251283,0.03371347745431304,0.013613786040602153,0.006847222238380478,0.0034393518592533753,0.0013788888919745947
4900.0,Jakarta,0.04537225639870199,0.04537225639870199,0.024000109395989563,0.010125680655038794,0.0052183454442548995,0.0026675713694549754,0.0010795874539824433
4937.0,Volgograd,0.07847444669143386,0.07847444669143386,0.040954696750679254,0.016971178876597954,0.008637716385469976,0.00436490672437699,0.001753806422060017
4946.0,Berlin,0.04431681628100549,0.04431681628100549,0.02343690478941033,0.009815373945122479,0.005038701603772101,0.002569293973435377,0.0010381685821521137
4981.0,Cuernavaca,0.04889066245996858,0.04889066245996858,0.025544718650441917,0.01062649654580567,0.005428081540033002,0.002756361162942236,0.0011124198456387913
4985.0,Davao City,0.07046054126458505,0.07046054126458505,0.03713093943874151,0.015536638529871789,0.007953588806071388,0.004043231907344931,0.001632281193294225
5005.0,Takasaki [Maebashi],0.051778755364324455,0.051778755364324455,0.02766729751680816,0.011710645343966986,0.0060438143516541604,0.003091860185854221,0.0012514000137004197
5006.0,Mexico City,0.046071668510508375,0.046071668510508375,0.024497634504363,0.010312600412954065,0.005314474645363915,0.00271618576931366,0.0010977676003867938
5038.0,Ho Chi Minh City,0.062095527790233786,0.062095527790233786,0.034310752908994796,0.014676579002963545,0.007577102681597396,0.003871843987101191,0.0015657743858562383
5080.0,Đà Nẵng,0.08505009194904306,0.08505009194904306,0.04523153114211647,0.018813572803113812,0.009557834306720941,0.00482581197436331,0.0019393263133060572
5091.0,Hamamatsu,0.08232809861017512,0.08232809861017512,0.0437987902554427,0.018288280824068068,0.009325154704791628,0.0047154088155362895,0.0018959009042007616
5107.0,Bandung,0.05244396263658888,0.05244396263658888,0.02726962718962153,0.011308635927413076,0.005771193152610104,0.002927908551095858,0.0011800773289424378
5129.0,Tokyo,0.06526361545317205,0.06526361545317205,0.03492265266856364,0.014783852621124532,0.0076217644251881725,0.0038924833367111602,0.0015738058243525198
5137.0,Gaziantep,,,,,,,
5182.0,Garut,0.07232302401939414,0.07232302401939414,0.03708247423064463,0.01524742269377733,0.007743986262744643,0.003907216498737072,0.001569072166259346
5222.0,Shizuoka,0.06804150202915693,0.06804150202915693,0.036202958798507164,0.015255926817772854,0.00783152982459276,0.003990806787278011,0.0016131477462624942
5229.0,San Antonio,0.064771781832493,0.064771781832493,0.03381334114297773,0.014059630449427213,0.007184355372549349,0.003649852454331101,0.0014718420695776476
5288.0,London,0.044049712290790015,0.044049712290790015,0.023913634458394076,0.010342486856737085,0.005418129302793183,0.0028020167239790252,0.0011399392967328034
5291.0,Isfahan,0.037111278443524714,0.037111278443524714,0.019835340011798278,0.008427373688790638,0.004359101923151031,0.0022330668805006734,0.0009043128907261243
5294.0,Benin City,0.06338309458881232,0.06338309458881232,0.033153868186151486,0.013894555868052565,0.007140974214188434,0.0036438395441069473,0.0014733524366487404
5306.0,Tasikmalaya,0.05564545475999433,0.05564545475999433,0.028062810016441935,0.011314876075618523,0.0056909091146277995,0.002860330591147596,0.0011471074430410527
5320.0,Al-Zaqaziq‎,0.019603203537283016,0.019603203537283016,0.012483962166656976,0.006170722294700404,0.0034536514809874958,0.0018707855734300051,0.00077859476077006
5324.0,Jodhpur,0.039186058761616946,0.039186058761616946,0.020699404379887786,0.008735415472948652,0.004509194404408405,0.0023101602005998353,0.0009367662198246524
5327.0,Puebla,0.06074579604507063,0.06074579604507063,0.03164612294896791,0.013084270845465948,0.0066609585159492345,0.003373463260572098,0.0013582788365578342
5332.0,Denver,0.04882505059076677,0.04882505059076677,0.025209428145432734,0.010402363179823335,0.00529683844613877,0.0026839914108226877,0.0010813220755299347
5335.0,Hohhot,0.02842337801899924,0.02842337801899924,0.014952982586622652,0.006269306387515352,0.003219416477097557,0.001642681812770141,0.000664396912802697
5349.0,Austin,0.07298474184738624,0.07298474184738624,0.038281256363437766,0.01591317047734574,0.0081184360278835,0.004117213080714415,0.0016587321098742935
5407.0,Cirebon,0.041902592208982854,0.041902592208982854,0.021391772030776662,0.00873821711129897,0.0044227627697260765,0.002229272399874806,0.0008953572940029106
5413.0,Samara,0.09530603691871772,0.09530603691871772,0.04941579270327169,0.019957164801951945,0.009983173046662776,0.0049917118637749155,0.0019967098135985745
5465.0,Ceilândia,0.06522163282454113,0.06522163282454113,0.032720879359590394,0.013148333646572755,0.006598518450398433,0.003307590044944168,0.0013243817657578299
5483.0,Beni,,,,,,,
5511.0,Houston,0.04873614966341941,0.04873614966341941,0.025970171995831286,0.010983368323578685,0.005661445385565749,0.0028932318873275587,0.001170363740425777
5543.0,Dallas,0.05735782031922797,0.05735782031922797,0.03019084033959724,0.012655494788427622,0.006494255187895207,0.00330717826616811,0.0013355104826926624
5554.0,Monterrey,0.05539728433730732,0.05539728433730732,0.02910417825303425,0.012188969472858587,0.006257876531720601,0.003189621214018472,0.0012880723076802957
5567.0,Tegal,0.03561067535309322,0.03561067535309322,0.01855201070420208,0.007727655776184689,0.0039607721140455165,0.0020136546223722004,0.0008116864579696964
5572.0,Abbottabad,0.039644325503573205,0.039644325503573205,0.02068295169080498,0.008662702527656538,0.00446157961977975,0.002280590055008375,0.0009233357319845283
5593.0,Porto Alegre,0.08724965491141068,0.08724965491141068,0.04626961924306729,0.019138406561255646,0.00970943050949814,0.004903288600730398,0.0019697079605488373
5617.0,Jalandhar,0.04237753285982769,0.04237753285982769,0.02311468501870438,0.010110948053964088,0.0053214134941484545,0.0027643911454147386,0.0011293801217295313
5621.0,Rawalpindi [Islamabad],0.06609741987691493,0.06609741987691493,0.03467450982057351,0.014487607160739904,0.007412811320654544,0.003763920856229816,0.0015167193916882703
5645.0,An Nazlah,0.021578145033688077,0.021578145033688077,0.013588808224783467,0.006588379521995971,0.0036580578508467253,0.001976806379884944,0.0008227093151739288
5666.0,Shiraz,0.045668837567804516,0.045668837567804516,0.02405261593821622,0.010064365001289495,0.005163594478658471,0.0026320907123538505,0.0010634720642480348
5680.0,Purwokerto,0.0625236482419939,0.0625236482419939,0.03265853953142045,0.013566452610226033,0.006932723548412914,0.003519716709578533,0.0014189340421255137
5705.0,Oklahoma City,0.05305281202462947,0.05305281202462947,0.028150860039582934,0.011854553517841803,0.006098780901801738,0.0031116517779156277,0.0012573353636216023
5717.0,Multan,0.05346592763111352,0.05346592763111352,0.029316216774940916,0.012739153672994477,0.006660957675867228,0.003434080594661251,0.0013949885719342853
5723.0,Chengdu,0.038106982437099854,0.038106982437099854,0.020731806694539934,0.008937120351263803,0.00466096404995552,0.0024039600661885725,0.0009772621551271952
5781.0,Asyut,0.055377448708742644,0.055377448708742644,0.030935585491081344,0.01375174689587684,0.0072853000093977376,0.003791181417169671,0.0015468592654657824
5810.0,Pekalongan,0.03772325556924751,0.03772325556924751,0.01917198487702995,0.007753580769765067,0.003885196300030885,0.001945331686861955,0.000779880805140302
5821.0,Addis Ababa,0.05755724909359393,0.05755724909359393,0.029705971929364826,0.012272367476450063,0.00626987060709675,0.003191958554781049,0.001289575083644758
5864.0,Ufa,0.061569404985456974,0.061569404985456974,0.03424703616115389,0.014962705766061448,0.0078372787547172,0.004052288025940939,0.0016494523183630727
5894.0,Temanggung,0.04000000059604645,0.04000000059604645,0.020000000298023225,0.00800000011920929,0.004000000059604645,0.0020000000298023225,0.000800000011920929
5906.0,Semarang,0.03347834488162706,0.03347834488162706,0.017317684757620487,0.007148152489441053,0.0036378856915484604,0.0018420067291295334,0.0007418473920368576
5918.0,Yogyakarta,0.05892000488090342,0.05892000488090342,0.031268408518439414,0.013182628002954923,0.006767846211482951,0.003439521833647915,0.0013867760307183035
5926.0,Curitiba,0.0815156023687364,0.0815156023687364,0.0415845237357477,0.016829228966366475,0.00846843849064153,0.004250021820830303,0.0017021497865774772
5930.0,Magelang,0.06949003837948081,0.06949003837948081,0.03553964908292121,0.014560469850915903,0.007400440813368373,0.003748280064177329,0.0015097042297837627
5961.0,Kansas City,0.0701602838205819,0.0701602838205819,0.037911956254722934,0.016109815571425483,0.008302579693670167,0.004237902843354524,0.0017130979456363245
5963.0,Mianyang,0.06954597646410031,0.06954597646410031,0.03698593658362896,0.015546679431469548,0.007967788621299146,0.004050708142123855,0.0016338126252198203
5991.0,Ahmedabad,0.04038757186107356,0.04038757186107356,0.021647701807694177,0.00921574312191718,0.004771822227105206,0.0024474628198795645,0.0009920017679479478
6012.0,Sohag,0.051698520956379425,0.051698520956379425,0.02968448570129326,0.013441512471810278,0.007194471732498504,0.00377252568951217,0.0015455611086431407
6013.0,Girga,0.05285292836472689,0.05285292836472689,0.030403649854074698,0.013670200402269003,0.007272611336726759,0.0037961863634057447,0.0015517523768421452
6015.0,Pati,0.038350740805937464,0.038350740805937464,0.020119971448647037,0.00837258729935164,0.0042897421635468115,0.0021846424372119347,0.0008803653192548246
6030.0,Mashhad,0.052864373247618696,0.052864373247618696,0.02809801466346523,0.011837198507311334,0.0060892627420215,0.0031069113372151113,0.001256585793603288
6047.0,Memphis,0.06392635293105943,0.06392635293105943,0.03439658773251254,0.014565829563104678,0.007500594691495719,0.003828588948952814,0.0015475788843673669
6065.0,Ludhiana,0.03240994057702958,0.03240994057702958,0.01716156855456325,0.007239496593646813,0.00373205017748966,0.0019113389451748542,0.0007744931165683114
6116.0,Onitsha,0.05816437953083895,0.05816437953083895,0.03347332687001789,0.014926418885475724,0.00787123071167104,0.004070179244352877,0.0016530525928815012
6124.0,Madiun,0.04055814977420492,0.04055814977420492,0.021388124316182013,0.008995549972424757,0.004631425930973959,0.002364184250283367,0.0009554924427579116
6139.0,Mérida,0.038836946526655744,0.038836946526655744,0.02103234152664983,0.009040298337787342,0.004720043512913774,0.002437303774619186,0.0009912243347493202
6152.0,Amaigbo,0.04851441546120826,0.04851441546120826,0.02549015848668942,0.01069400403885474,0.005495436295968124,0.002796537380966858,0.0011281149102375992
6153.0,Faisalabad,0.026789633819635623,0.026789633819635623,0.014295908983708146,0.006046427822593798,0.0031216509828327216,0.001600927578716171,0.0006493281883658728
6192.0,St. Louis,0.07696739726934475,0.07696739726934475,0.04139942184579259,0.017502899469965933,0.008997663779017184,0.004582431640498891,0.0018491563382822265
6206.0,Baoji,0.0495318416783094,0.0495318416783094,0.02701212325556707,0.011688289103841606,0.0061073758136634595,0.003153846710649349,0.0012830202943585715
6229.0,Luxor,0.06737766019430627,0.06737766019430627,0.03831926209831639,0.01684015650996512,0.00880246781921804,0.004527503929536692,0.0018355144326345945
6237.0,Tampa,0.04434906419001099,0.04434906419001099,0.022548127930716935,0.009145005576493071,0.004608367725651814,0.0023166538556475286,0.0009289509185225928
6256.0,Port Harcourt,0.0536932020700638,0.0536932020700638,0.03401509238472537,0.01581674524806051,0.00837212542418082,0.004324459223175798,0.0017576733392461723
6345.0,Jombang,0.04676455682570392,0.04676455682570392,0.024745587791945942,0.010426944041665562,0.005371310991931159,0.0027459250334668367,0.001111257802512617
6350.0,Nashville,0.08333937333718318,0.08333937333718318,0.043769564496670764,0.018184424438766472,0.009262237941389539,0.004686476136597591,0.0018854631520132696
6390.0,Mojokerto,0.04482710217020826,0.04482710217020826,0.023951398004546605,0.010159601562174742,0.005251711868933319,0.002690350385158989,0.0010894486403416064
6401.0,Surabaya,0.042135006289632806,0.042135006289632806,0.022648952410298705,0.009735146348276245,0.005095202952958266,0.002638996880377429,0.0010754937885903838
6422.0,Gujranwala,0.039994979473590486,0.039994979473590486,0.019994979175567258,0.007994978996753322,0.003994978937148678,0.0019949789073463557,0.0007971307990889479
6433.0,Minneapolis [Saint Paul],0.05849506026552574,0.05849506026552574,0.030304245579934705,0.012488861237104576,0.006344584609230132,0.0032093223945771675,0.0012913487542388499
6442.0,Miami,0.03951957246418688,0.03951957246418688,0.020312401335504777,0.008336460386572004,0.004221553979707656,0.0021283971014600315,0.0008552428708889322
6451.0,Atlanta,0.06466858016101149,0.06466858016101149,0.03345466604171823,0.013785771087074707,0.007013161515717272,0.0035535103384808685,0.001431144680544893
6458.0,Lahore,0.041479206883965114,0.041479206883965114,0.022378300707141786,0.009602606751231722,0.004996397138137099,0.0025717014397002,0.0010441163825871806
6461.0,Campinas,0.08919990192583316,0.08919990192583316,0.04556143008482562,0.018500405631101283,0.009315438212058687,0.004679334485728542,0.001875907519642348
6466.0,Oboama Nguru,0.07480624979082495,0.07480624979082495,0.03855624995691081,0.01586874996808668,0.008035416648412744,0.0040354166602094965,0.0016166666646798451
6476.0,Sialkot,0.02941761993031078,0.02941761993031078,0.01588282242113647,0.0068285993401265704,0.003560199706512932,0.001835828368445808,0.0007462726714053356
6487.0,Orlando,0.041558571841936585,0.041558571841936585,0.020965123256839118,0.008453291001151046,0.004248954943740292,0.0021330160174048507,0.000854915352253811
6502.0,Abuja,0.03222372907006461,0.03222372907006461,0.016538533882097587,0.006806458133223475,0.0034896840487956605,0.001793490435117492,0.0007304063794959031
6518.0,Jember,0.038205695875647566,0.038205695875647566,0.020065099656674964,0.00839898782636174,0.0042999641695036245,0.002186552321683668,0.0008823966938457644
6529.0,Kaduna,0.05526955708895309,0.05526955708895309,0.030136520029832393,0.013053354805016803,0.006826484023524233,0.0035172885228043644,0.001425781415830527
6556.0,Aba,0.02000000029802322,0.02000000029802322,0.01000000014901161,0.004000000059604644,0.002000000029802322,0.001000000014901161,0.00040000000596046445
6567.0,São Paulo,0.08564961552666951,0.08564961552666951,0.04369756243524063,0.017745349338785275,0.008938155701037707,0.004489614457477085,0.0017997877813833627
6574.0,Jacksonville,0.05149860695881865,0.05149860695881865,0.02750888077006981,0.011617145932883256,0.005973105579823655,0.003042747905698399,0.001228663263697244
6611.0,Surat,0.0744686104744624,0.0744686104744624,0.040655101836867484,0.017031833881712265,0.008703257283792853,0.004426131251486012,0.0017879338109919381
6630.0,Louisville,0.08143651355958487,0.08143651355958487,0.04444157095340569,0.01879249587175836,0.009616359996980486,0.004874423300323499,0.001963066466100316
6639.0,São Luís,0.07899133313064716,0.07899133313064716,0.0413761171759639,0.016942576829062854,0.008562074564462799,0.004310412060591911,0.0017286769971080764
6640.0,Datong,0.03573484487222481,0.03573484487222481,0.018629382730738046,0.007773890419128885,0.003989198277761409,0.002035345686262722,0.0008231119997308216
6644.0,Enugu,0.02000000029802322,0.02000000029802322,0.01000000014901161,0.004000000059604644,0.002000000029802322,0.001000000014901161,0.00040000000596046445
6651.0,Vadodara,0.03826698678492882,0.03826698678492882,0.02034071411534941,0.008610542319567396,0.0044522329127743634,0.002284114190858527,0.0009260797440339608
6654.0,Chicago,0.05486927140874962,0.05486927140874962,0.028855136415775667,0.012061010869637871,0.006177339307579745,0.0031402541409054807,0.0012665005162969542
6666.0,Denpasar,,,,,,,
6674.0,Banjarmasin,0.0375856752549425,0.0375856752549425,0.01974270968439181,0.008296438250497314,0.004272238621112313,0.0021805281992797352,0.0008809576681806246
6700.0,Santos,0.06870528925576591,0.06870528925576591,0.03477295365322254,0.01404075515581103,0.007050584941074617,0.0035358393930299795,0.0014167732108550293
6720.0,Indianapolis,0.05554108193985778,0.05554108193985778,0.02911567937797177,0.012146583461224754,0.0062161427130714925,0.003160578670580779,0.0012754716465586471
6731.0,Mataram,,,,,,,
6769.0,Milwaukee,0.06183663726760756,0.06183663726760756,0.03224289879334627,0.013389143448494718,0.006837357381470186,0.00346968158876871,0.001398581685712625
6781.0,Chandigarh,0.04094228843548304,0.04094228843548304,0.021654687019685148,0.0091807831345224,0.004741414844621216,0.0024272655539654448,0.0009838278364719855
6790.0,Cincinnati,0.0857951427995475,0.0857951427995475,0.04489815102206768,0.018527711888621644,0.009388958629345596,0.00473253372935342,0.0019000595602036117
6794.0,Samarinda,0.06722408783065165,0.06722408783065165,0.03658368045843369,0.01563917736013746,0.008087966182321733,0.004139192095367241,0.0016740665736889708
6851.0,Charlotte,0.0557315891915645,0.0557315891915645,0.029336647432150482,0.012324766209921399,0.006323625948995132,0.003222097629449784,0.001302265616504951
6852.0,Teresina,0.09341801927314086,0.09341801927314086,0.04830922470463837,0.019645073779113946,0.00988350632981496,0.0049533094826299424,0.001982688443788146
6870.0,Belo Horizonte,0.093471317723823,0.093471317723823,0.047271519077781834,0.019030793582200063,0.009540160627220622,0.004776807394605075,0.0019119073819530482
6878.0,Makassar,0.03867196214623332,0.03867196214623332,0.020407662458150354,0.00855702304831744,0.004409882152182973,0.0022591700084831252,0.0009142581469782032
6887.0,Columbus,0.06049714883500951,0.06049714883500951,0.03149078939720529,0.013064768645565864,0.006666937103504994,0.0033834184908710504,0.0013641767732162397
6942.0,Raleigh,0.060587282922709915,0.060587282922709915,0.03114427408920938,0.01276873865546083,0.0064650552050982205,0.003263705124013537,0.0013127471947193914
6948.0,Detroit,0.04827188579797224,0.04827188579797224,0.02542313229457183,0.010682020896549347,0.005485017529684733,0.0027895016589169963,0.0011257709268315062
6961.0,Rio de Janeiro,0.07064511069351356,0.07064511069351356,0.03624265873797673,0.014843245409234911,0.007519442445886988,0.0037926639040522132,0.0015237638947284372
6990.0,Cleveland,0.055487759028888424,0.055487759028888424,0.028733787010565115,0.011900878043848775,0.006074418644342739,0.0030813711588772953,0.0012405398403492823
6995.0,Kano,0.03633821203370728,0.03633821203370728,0.019880137872616575,0.008647729330007573,0.004533826390425485,0.0023514818133270796,0.0009599729254322742
7020.0,Pittsburgh,0.08145376553058756,0.08145376553058756,0.04290400083243585,0.017870960146466792,0.009111533210244573,0.004615702706137653,0.0018582296130335012
7021.0,Sao Goncalo,0.06800471873241545,0.06800471873241545,0.035785277746475525,0.014997946893937388,0.007700728098907497,0.003928427312198792,0.0015862834268361963
7032.0,Richmond,0.08376693419852495,0.08376693419852495,0.044190818127913936,0.01828836002897298,0.009267713788632895,0.0046704159384662195,0.0018755364166875472
7050.0,Virginia Beach,0.040839931721889586,0.040839931721889586,0.020954908468313257,0.008570534696599668,0.004337020603412799,0.0021864049751307083,0.0008781133337942773
7068.0,Washington D.C.,0.062785511504638,0.062785511504638,0.03324002344842525,0.01393767310605313,0.007144329839132061,0.0036328653319232674,0.0014650659836558304
7076.0,Kunming,0.054215469706668795,0.054215469706668795,0.028542673947877684,0.011815962348660088,0.00600724245028635,0.003037388266216701,0.0012217930059253827
7094.0,Xi'an,0.045262569954410706,0.045262569954410706,0.02448234711016061,0.010533303207056036,0.005492417177516081,0.0028311455618543423,0.0011501434859401518
7108.0,Silvassa,0.07825191058651687,0.07825191058651687,0.04194809331128148,0.017556119858619927,0.008954467190322876,0.004538327978994934,0.0018281761188930084
7123.0,Baltimore,0.05674900809637069,0.05674900809637069,0.030356380632695815,0.01283197326801586,0.006606936948400733,0.003370512889461395,0.0013614214205194004
7139.0,Vasai-Virar,0.07950914777480675,0.07950914777480675,0.04211165887168142,0.01774041084165493,0.00911287134093882,0.004634509502270198,0.0018685726507295265
7140.0,Jos,0.02000000029802322,0.02000000029802322,0.01000000014901161,0.004000000059604644,0.002000000029802322,0.001000000014901161,0.00040000000596046445
7141.0,Buffalo,0.04326694882275746,0.04326694882275746,0.022898110129640336,0.009579285011745962,0.004889201978411977,0.0024794001626785305,0.0009994977238049554
7163.0,Mumbai,0.07363025793185243,0.07363025793185243,0.0397268840375901,0.016834469817522763,0.008659791104830838,0.0044090681664509055,0.0017786417597868789
7165.0,Philadelphia,0.07319016447915166,0.07319016447915166,0.0395602133458544,0.016806902767672063,0.008664714462445204,0.004421157451194137,0.0017856968436422438
7190.0,Vila Velha,0.07756097467795206,0.07756097467795206,0.04030529217122972,0.01664359007514852,0.00847900323705351,0.004294152086433227,0.001727022515692305
7195.0,Allentown,0.07960502941173114,0.07960502941173114,0.04190469590802877,0.017425723232251722,0.008881424127742836,0.004495392568588467,0.0018087906917374453
7226.0,Fortaleza,0.07247220683103672,0.07247220683103672,0.03660108898469029,0.014763255468315535,0.007413248028785255,0.0037187416620826945,0.001490492272293938
7244.0,New York,0.0610260153197277,0.0610260153197277,0.032662079601434205,0.013795798960313334,0.0070935499813592345,0.003614337559674152,0.0014595213264095308
7277.0,Bridgeport,0.08056537250168758,0.08056537250168758,0.04333051777673608,0.01821454215952628,0.009306763818058993,0.004717651300501649,0.0018995990357456591
7302.0,Hartford,0.0800042893626995,0.0800042893626995,0.04273411991406751,0.017978418842655615,0.009203743992357311,0.004667041460551301,0.0018790496686520335
7303.0,Salvador,0.07328743410379532,0.07328743410379532,0.037169621800596485,0.015086829929205299,0.0075955799475505344,0.0038143445218870357,0.0015300625417827458
7312.0,Providence,0.06230291646773266,0.06230291646773266,0.03269199290383128,0.013608350177157353,0.0069726442961199914,0.003546191739843609,0.0014297702781283885
7320.0,Jaipur,0.04000000059604645,0.04000000059604645,0.020000000298023225,0.00800000011920929,0.004000000059604645,0.0020000000298023225,0.000800000011920929
7347.0,Boston,0.05462820062288555,0.05462820062288555,0.02872134471366975,0.011992244525296888,0.0061464984394694385,0.003131609373574826,0.0012651897387599
7359.0,Taiyuan,0.040576311738609004,0.040576311738609004,0.02162982232090708,0.009157958419346442,0.0047325273933048854,0.0024249401934618537,0.000982398956697479
7390.0,Maceió,0.06851891117014511,0.06851891117014511,0.03440147580322899,0.013822718929959909,0.006927034753811866,0.0034649587253341232,0.0013861869745819566
7406.0,Natal,0.07170273695258922,0.07170273695258922,0.036631393431384315,0.014946493598358639,0.007570749918498349,0.0038285775604110233,0.0015404678981408718
7418.0,Recife,0.0764173443827203,0.0764173443827203,0.03882292732905426,0.015765022329481574,0.007952409533641583,0.004000237075917741,0.0016053393403484093
7434.0,João Pessoa,0.08434898723119975,0.08434898723119975,0.044014042194956124,0.018098369340503653,0.009159262477125169,0.004620927799172838,0.0018561104976533471
7466.0,Delhi [New Delhi],0.04826200326254072,0.04826200326254072,0.02577274894874281,0.010963253910247075,0.005690453099302819,0.0029265650173878528,0.0011881109481037997
7490.0,Saharanpur,0.04000000059604645,0.04000000059604645,0.020000000298023225,0.00800000011920929,0.004000000059604645,0.0020000000298023225,0.000800000011920929
7499.0,Nashik,0.07073497223594957,0.07073497223594957,0.03695755025883635,0.015413253274633963,0.007873309279094859,0.003991297192250356,0.001607936380035153
7524.0,Maiduguri,0.025705334322316302,0.025705334322316302,0.013526510286051528,0.005702294524422004,0.002937526138384502,0.0015018219046468544,0.0006083155735699095
7578.0,Chongqing,0.0882894292464795,0.0882894292464795,0.04550517765313434,0.018537673235652457,0.00934074811426885,0.0046907426602582365,0.0018798338261378001
7581.0,Dehradun,,,,,,,
7601.0,Kota,0.048477906573392834,0.048477906573392834,0.025399370342115226,0.010603960909941677,0.005437232854758504,0.0027728609576299175,0.0011212297724602128
7617.0,Pune,0.07617757044319134,0.07617757044319134,0.0403764530350911,0.01692572684984735,0.008664216507703828,0.004401170741005052,0.0017746164649036131
7631.0,Haridwar,0.05546923402331242,0.05546923402331242,0.029255716769901276,0.012314396564203802,0.006323453933183477,0.0032192162611974807,0.0012994628942662625
7643.0,Meerut,0.03003452565525474,0.03003452565525474,0.015872824391507376,0.006684495634981804,0.0034388217995677526,0.0017520330813509577,0.0007078753130034434
7704.0,Beijing,0.0472749257813907,0.0472749257813907,0.02489254784170726,0.010430415730353752,0.005353348460612064,0.0027281729733305725,0.0011019147839084992
7744.0,Shijiazhuang,0.04475360553186414,0.04475360553186414,0.024057764975287513,0.010281553629471842,0.005339059308161354,0.002746088389951464,0.001114784151951038
7798.0,Baoding,0.029315513624618823,0.029315513624618823,0.015489024303867905,0.006528123357120476,0.003359450570121015,0.0017160461212939143,0.0006942449920609184
7839.0,Indore,0.04000000059604645,0.04000000059604645,0.020000000298023225,0.00800000011920929,0.004000000059604645,0.0020000000298023225,0.000800000011920929
7881.0,Kolhapur,0.06088417494410783,0.06088417494410783,0.03296269327989552,0.014118151819023289,0.007314531142054883,0.0037460938533703395,0.001516315519468386
7884.0,Zunyi,0.0751630552938651,0.0751630552938651,0.037830671760024207,0.015218938921273673,0.007638924249495536,0.0038291847125639204,0.0015331553564246713
7895.0,Aligarh,0.03746657600864443,0.03746657600864443,0.019731237465215705,0.00834941126787388,0.0043114288008986095,0.0021973410136654718,0.0008882995479544759
7933.0,Moradabad,0.03946816108996036,0.03946816108996036,0.020861944217963134,0.008790402771000277,0.0045231460951463956,0.0023100877933085002,0.0009350571509934263
7952.0,Guiyang,0.07976711412745782,0.07976711412745782,0.04068420306815381,0.016514920494851204,0.008307986949295795,0.004171610984037335,0.0016720584697666756
7957.0,Agra,0.06679557210603082,0.06679557210603082,0.03565434120357934,0.01496049796080193,0.00765348006340143,0.003886798124212891,0.001567424382284596
7960.0,Xingtai,0.0378550108498832,0.0378550108498832,0.02014419670245995,0.00858544105161482,0.004456819070720382,0.00228886569057246,0.0009285657263657364
7961.0,Aurangabad,0.04000000059604645,0.04000000059604645,0.020000000298023225,0.00800000011920929,0.004000000059604645,0.0020000000298023225,0.000800000011920929
7962.0,Luoyang,0.05672099805254091,0.05672099805254091,0.030231902420319822,0.012797863992101435,0.006602463207438498,0.0033775667083803503,0.00136744095429359
7996.0,Sangli,0.0647765689736195,0.0647765689736195,0.035049346385499974,0.014980486734071798,0.0077561963149303395,0.003975629887265278,0.0016107020090566765
8039.0,Jiaozuo,0.038224698112775304,0.038224698112775304,0.020463787777624955,0.008740171626905047,0.004542128363497357,0.0023368566377500424,0.0009486887969119934
8043.0,Handan,0.03291993179554118,0.03291993179554118,0.017411394782955045,0.007344171570233405,0.003786942142553407,0.00193881906993538,0.0007855540449520709
8055.0,Tianjin,0.04907024162955052,0.04907024162955052,0.026018918511258038,0.010971341209521838,0.00565116184845452,0.00288615381926739,0.0011669455261487357
8057.0,Anyang,0.03973415229638648,0.03973415229638648,0.02122863667327637,0.009015182578528572,0.0046620579594673205,0.0023894532250088095,0.0009680515710958642
8144.0,Gwalior,0.04000000059604645,0.04000000059604645,0.020000000298023225,0.00800000011920929,0.004000000059604645,0.0020000000298023225,0.000800000011920929
8157.0,Xinxiang,0.05970903954246815,0.05970903954246815,0.03230641268087073,0.013837730327920229,0.007181321318463624,0.0036844096839369553,0.0014925646490601973
8159.0,Tangshan,0.03374394163205554,0.03374394163205554,0.01779327151811116,0.007465426223548657,0.0038417183535527028,0.0019628249233577056,0.000794047253753081
8189.0,Zhengzhou,0.06023377589944992,0.06023377589944992,0.03188885541635618,0.013443401763733862,0.006922558182000347,0.003534099204731328,0.0014288179544146796
8193.0,Binhai,0.04877048837235779,0.04877048837235779,0.026664886114112937,0.011491279032708445,0.0059886438753807255,0.003096354549329458,0.0012633966751963
8224.0,Bareilly,0.03584712485002939,0.03584712485002939,0.01965472678318718,0.008535841763016642,0.004459106736994635,0.002302056241095775,0.0009356630808434085
8258.0,Bhopal,0.04000000059604645,0.04000000059604645,0.020000000298023225,0.00800000011920929,0.004000000059604645,0.0020000000298023225,0.000800000011920929
8274.0,Nanyang,0.04990455937246963,0.04990455937246963,0.026941382334149555,0.011536170391556782,0.005984846173831645,0.0030700758300738536,0.0012440298420434684
8298.0,Pingdingshan,0.045076907122576254,0.045076907122576254,0.02395145888994656,0.010120655944694992,0.00521950247999103,0.00266958499328287,0.0010808402162017778
8319.0,Mangaluru,0.0796433294279118,0.0796433294279118,0.043293161872449984,0.0181826332824643,0.009291385875238051,0.004706145436555507,0.0018925221130699792
8332.0,Harbin,0.07006059321117372,0.07006059321117372,0.037309443457674944,0.015760709497153552,0.008112049517082463,0.004138063042598537,0.0016717872575682847
8334.0,Fancheng,0.06199044735027437,0.06199044735027437,0.03307576620950756,0.013956830584017352,0.00717048732629026,0.0036530337325241693,0.0014747808207421255
8341.0,Solapur,0.055794191442120944,0.055794191442120944,0.0313183218189458,0.01362608962049668,0.007057018910167718,0.003603009553474547,0.001456015723083558
8356.0,Xuchang,0.0326782879262289,0.0326782879262289,0.017498823856017448,0.007438539909944492,0.0038542998117121327,0.0019799320975590674,0.0008029618215567566
8366.0,Yichang,0.08833996397416614,0.08833996397416614,0.045806584410424914,0.01867192446575099,0.00940979275345102,0.004734293355294909,0.0018999453186054544
8372.0,Qinhuangdao,0.05505356807802822,0.05505356807802822,0.02918617338292499,0.012337446381015735,0.006367479297311535,0.0032499225267976586,0.0013127814448933703
8396.0,Jinzhou,0.05423660678309996,0.05423660678309996,0.029310143452127776,0.012548975895599423,0.006512005385101235,0.0033413243964458186,0.0013542324116390416
8419.0,Farrukhabad,0.047351436935982365,0.047351436935982365,0.025631167693427583,0.011054691038242533,0.005772855083857002,0.002972921575803613,0.0012054316600739617
8433.0,Shahjahanpur,0.03737491756303933,0.03737491756303933,0.019844487286577443,0.008390079867931707,0.0043341038496544654,0.0022241107827004583,0.0009015660288180668
8448.0,Luohe,0.0400359012726287,0.0400359012726287,0.02138424689554312,0.009107996923747728,0.004723715378212753,0.0024269057031788303,0.0009845893266865993
8476.0,Jinan,0.07114425388742848,0.07114425388742848,0.03711218736075239,0.015420695051369677,0.007871654098332358,0.003993606293128202,0.0016093290591425926
8497.0,Kannur,0.06327141731093747,0.06327141731093747,0.034546263945420805,0.01494354819786101,0.0077661071470746905,0.003977382327877312,0.0016113242841767036
8510.0,Changchun,0.051233021009049216,0.051233021009049216,0.026582035380672928,0.011013594111648737,0.005619712739709421,0.00285250201063628,0.0011499009199134513
8587.0,Hardoi,,,,,,,
8595.0,Thalassery,0.06668696528141992,0.06668696528141992,0.035698347225114974,0.015089022904994507,0.007783157753903291,0.003983712705023941,0.0016110855350100655
8604.0,Tai'an,0.04547051016941893,0.04547051016941893,0.02345593210155507,0.009703274296512607,0.004947590157872278,0.0025048537002865263,0.0010086292564245897
8620.0,Shangqiu,0.029180426813475886,0.029180426813475886,0.015526975681368942,0.006576530690945667,0.0033969569614080673,0.0017358532791551882,0.0007015924701526768
8630.0,Shenyang,0.04253343544251112,0.04253343544251112,0.023049807539893045,0.00993655988391635,0.005187126625219677,0.002677378318352181,0.001088770213767834
8644.0,Jining,0.04154778289597649,0.04154778289597649,0.02302992722172171,0.00987874419151408,0.005128910562213573,0.0026320471668826355,0.0010662875433645265
8664.0,Zibo,0.036125056732909125,0.036125056732909125,0.019155536646631353,0.008097308774776185,0.004182102088988636,0.0021417252293941943,0.0008673217487696796
8673.0,Kozhikode,0.08130657645380734,0.08130657645380734,0.042383075902170025,0.01747857188453983,0.008869167893882875,0.004473403113431876,0.0017973207647841254
8674.0,Guruvayur,0.0701520527283842,0.0701520527283842,0.03751838145428632,0.015837479751666904,0.008131643664708954,0.00413461491249915,0.001667930396864818
8675.0,Malappuram,0.08222417592991466,0.08222417592991466,0.04266328222319244,0.017614602659666065,0.008939220312719744,0.00451414408677186,0.0018145361311463503
8686.0,Lakhimpur,0.037160714884324896,0.037160714884324896,0.018881493832722498,0.007655844295566732,0.003827922147783366,0.001913961073891683,0.0007655844295566731
8717.0,Nanning,0.0887581627960193,0.0887581627960193,0.04762311683102488,0.019673437467213346,0.009942752793878767,0.004990526535304105,0.0019966208437670963
8722.0,Kanpur,0.05417886923750209,0.05417886923750209,0.02972495227481608,0.012824132260258133,0.0066613467177919425,0.0034171482181077273,0.0013845926798481604
8747.0,Fushun,0.05764562059555453,0.05764562059555453,0.03136257413009966,0.013493489533527643,0.007005296929712007,0.0035955482789258517,0.001457676579155219
8753.0,Anshan,0.03477936601717006,0.03477936601717006,0.018303593318827055,0.007686670945556124,0.0039422301934688465,0.002015581184178323,0.0008171367392082898
8777.0,Jilin,0.06354239692420101,0.06354239692420101,0.0338336651194217,0.014246183987823775,0.007316169336986231,0.0037274947918088212,0.0015050293208713178
8809.0,Liuzhou,0.09079625669878699,0.09079625669878699,0.046569677738724655,0.01888726400821736,0.009491267976495426,0.0047604424399165825,0.0019071386662486889
8848.0,Lucknow,0.07590130629072195,0.07590130629072195,0.039271029134392246,0.016227939081776374,0.008263128349891614,0.00418460591073342,0.001685155031053164
8891.0,Guilin,0.06658664567096564,0.06658664567096564,0.035102065248945644,0.014708103666277771,0.007540304427452414,0.0038368037212441436,0.001547937522193025
8896.0,Mysuru,0.058659544146982885,0.058659544146982885,0.03148044407197961,0.013305310842724788,0.006850011840026854,0.003488555354906865,0.0014055180555550288
8900.0,Kochi,0.06416729152471147,0.06416729152471147,0.03386835888917564,0.014163238766724325,0.007251310924211551,0.003683188397647399,0.0014840653389411997
8909.0,Shaoyang,0.08664634109055845,0.08664634109055845,0.045171982629798504,0.018582409879784816,0.009407976168503196,0.004738857316013106,0.0019019267628745625
8935.0,Weifang,0.04278930142469484,0.04278930142469484,0.02289737289565935,0.009728212738547019,0.005031907778966868,0.0025780956138271717,0.0010444089770024318
8952.0,Nagpur,0.05902582272260326,0.05902582272260326,0.03108563056651361,0.013058223135894316,0.006710031297272245,0.0034232483670523332,0.0013835989653817249
8963.0,Fuyang,0.05448191510447098,0.05448191510447098,0.028831979518543674,0.012149125930515878,0.006259168328160334,0.0032001231941332225,0.001295035126966715
8973.0,Dalian,0.04000000059604645,0.04000000059604645,0.020000000298023225,0.00800000011920929,0.004000000059604645,0.0020000000298023225,0.000800000011920929
8981.0,市中区,0.048223079582796924,0.048223079582796924,0.02580246116322571,0.011050251451906778,0.0057680744804636044,0.0029762172736870814,0.0012095548404302417
8989.0,Wuhan,0.0864257228634492,0.0864257228634492,0.04560719216002453,0.018923006028596836,0.009627859646186343,0.004870245550046424,0.001959041276600882
8993.0,Huaibei,0.04645344009368065,0.04645344009368065,0.024440500918256253,0.010257201825817111,0.005278555731652576,0.0026974842537531366,0.0010913119728829877
8997.0,Kollam,0.05588996565807751,0.05588996565807751,0.029292434701512816,0.012260707940883218,0.006300913373597924,0.0032144599743523165,0.001299102821738464
9007.0,Jabalpur,0.06347754283674187,0.06347754283674187,0.032979978779408045,0.01357944161281762,0.006887623995497106,0.0034750880755481314,0.0013966071227786692
9008.0,Xuzhou,0.04025807504049121,0.04025807504049121,0.020258074742467984,0.008187990334105255,0.004128923570899657,0.002091366664506881,0.0008454537815641821
9013.0,Ettumanoor,0.055010874108220795,0.055010874108220795,0.028944609419584225,0.012095192258454103,0.006204010405102288,0.003164250210520295,0.0012785471111030765
9045.0,Hyderabad,0.05672749099042839,0.05672749099042839,0.029261316207621294,0.012071279234616004,0.006150615010497608,0.003116482165402665,0.001254858548424194
9062.0,Linyi,0.04438560803391506,0.04438560803391506,0.023970424416042045,0.010277064204823595,0.005335634070296299,0.0027363226407863834,0.0011085709419952372
9069.0,Coimbatore,0.04681159478237015,0.04681159478237015,0.02422101480173676,0.010014492876827718,0.005097826144725516,0.0025815217657473638,0.0010391304449758668
9099.0,Bengaluru,0.05499005921936969,0.05499005921936969,0.02846145834421967,0.011748685947988403,0.005982739354595413,0.003030959423963188,0.0012206880820443506
9100.0,Changsha,0.07430113577412921,0.07430113577412921,0.03926357433171343,0.016477324161803853,0.008461505508075198,0.0043088660293374055,0.0017384933970077078
9129.0,Gonda,0.028977265361336806,0.028977265361336806,0.015996300677338406,0.007005072360384158,0.003684449294656035,0.0019136830545078884,0.000784914682255481
9136.0,Xiangtan,0.07917364535646998,0.07917364535646998,0.04419161944532915,0.01880666443159598,0.009647922989592255,0.004900563774889355,0.0019752617108035712
9157.0,Thiruvananthapuram,0.07081821335483827,0.07081821335483827,0.03642849236501482,0.014996195026890998,0.007626455996483086,0.00386363845679976,0.001556101579494562
9165.0,Tiruppur,0.0548247949041291,0.0548247949041291,0.028903944705506533,0.012142086099826924,0.0062484375029336695,0.003195133404632267,0.0012937642536790185
9182.0,Yulin,0.06421912698219293,0.06421912698219293,0.03488463549205482,0.014966247349983725,0.007757593085458231,0.003984166374453587,0.0016172634881603642
9186.0,Zhuzhou,0.0836134716674084,0.0836134716674084,0.044893866345199436,0.018695531353248585,0.009508411386099095,0.004796982754425778,0.0019246215491925788
9192.0,Hengyang,0.0836620981918457,0.0836620981918457,0.04519200385052112,0.018981345641204572,0.009682172629244635,0.004894698752799385,0.0019675428081477046
9195.0,Faizabad,0.05949830772256905,0.05949830772256905,0.03267832552040484,0.01408826165675019,0.007308622499237572,0.0037476934265276134,0.001518412493034133
9208.0,Yantai,0.06137004461381258,0.06137004461381258,0.033458278441345246,0.01430440559581412,0.007387247493569496,0.003772031571846793,0.0015239683908295216
9258.0,Sultanpur,0.0807638599296141,0.0807638599296141,0.04261531999399887,0.01770983680378118,0.00900391836238661,0.004550192850361215,0.00183001357742162
9261.0,Tianjia‘an,0.07290236229837083,0.07290236229837083,0.03853520218482401,0.016146150757045702,0.008268004306128793,0.004201378214818297,0.001694029679647443
9263.0,Huangshi,0.09168097798756636,0.09168097798756636,0.048039814793542024,0.019712708305083693,0.00993061688800697,0.004979847838476116,0.0019936555142739394
9266.0,Erode,0.07267193794601437,0.07267193794601437,0.038665489639325,0.016273328371665268,0.00835997739176451,0.004255019945503458,0.0017155157070031213
9282.0,Prayagraj,0.08417169494982987,0.08417169494982987,0.04615887424288204,0.019374922946667934,0.00987035591719718,0.00497756578540315,0.0019956439100516444
9307.0,Bengbu,0.07456162346840312,0.07456162346840312,0.039215338959189876,0.016388202372652833,0.008393319632916335,0.00426824774308789,0.0017218028256950075
9309.0,Qingdao,0.059192378381469964,0.059192378381469964,0.03199058221836871,0.013653504109971619,0.007062132159432634,0.003615633106659153,0.0014634250274263671
9329.0,Huangdao,0.0459628663919963,0.0459628663919963,0.026025854758722038,0.011481842442155943,0.006028114484766962,0.003117792178800027,0.00127265513564895
9368.0,Salem,0.04000000059604645,0.04000000059604645,0.020000000298023225,0.00800000011920929,0.004000000059604645,0.0020000000298023225,0.000800000011920929
9401.0,Zhanjiang,0.04547368477090068,0.04547368477090068,0.02428009010838253,0.010453367759576658,0.005495564277299086,0.002857451892406769,0.0011653444413593046
9444.0,Madurai,0.0506031018030248,0.0506031018030248,0.027464084533512362,0.011769984228128881,0.006101841397504146,0.0031303024612626996,0.0012688970491935214
9459.0,Hefei,0.05939188359403279,0.05939188359403279,0.03361277857389923,0.015065870936477703,0.007937561494582263,0.004082024617903137,0.001651340720413237
9471.0,Maoming,0.04782493696417593,0.04782493696417593,0.025348388995650607,0.01069028518536452,0.005510804007453646,0.002815389848251257,0.0011383586881548594
9500.0,Gorakhpur,0.0598108444460022,0.0598108444460022,0.0324184096516106,0.013864391675526607,0.007172848626264159,0.0036755478235189877,0.0014888874950097478
9511.0,Haikou,0.08009457991938598,0.08009457991938598,0.04288454219612181,0.0180009813831343,0.00920756735260312,0.004674581654804686,0.0018830259196500516
9525.0,Huai'an,0.04346942462208592,0.04346942462208592,0.023545679635117278,0.010214890576962132,0.005369231778448315,0.002789479602655429,0.0011389829547997807
9544.0,Tiruchirappalli,0.05607361630842264,0.05607361630842264,0.029914420428734156,0.01265930729420695,0.006527101212760609,0.003337517141961838,0.001350163361084491
9562.0,Varanasi,0.061791679443581556,0.061791679443581556,0.03364379427829575,0.014334452015311895,0.00741278502067562,0.0037992682089679555,0.0015400368625308328
9564.0,Durg,0.06183669278023557,0.06183669278023557,0.03380019731354508,0.014410532093438216,0.007414765769324876,0.003777989613623807,0.0015261705383937472
9570.0,Vellore,0.057187962848276014,0.057187962848276014,0.031480773539215426,0.013655814892985046,0.0071186982601530654,0.003660471284194546,0.0014847565167356064
9620.0,Raipur,0.0519945871527539,0.0519945871527539,0.02771236009637221,0.011757009345852554,0.006081966454995253,0.0031146897576370637,0.0012610475471061741
9629.0,Nanchang,0.07078467085329088,0.07078467085329088,0.039555051766231836,0.017084802569074346,0.008878868450374609,0.004554507224858186,0.0018442803996233193
9701.0,Nanjing,0.08601749629949906,0.08601749629949906,0.045001178904644085,0.018761476312148254,0.009658871121902168,0.004929740075573766,0.0019873868804678087
9710.0,Bilaspur,0.0621719687386805,0.0621719687386805,0.032901760519893075,0.013855996232172766,0.0071246914230944595,0.0036288824710022354,0.001464671794664079
9711.0,Guangzhou,0.09186343800073625,0.09186343800073625,0.04764855771872718,0.01949877539138891,0.0098365950227879,0.004943005937800293,0.0019816416957970256
9715.0,Guangzhou,0.09291592464585932,0.09291592464585932,0.048119283710561914,0.019686581533598584,0.0099154119508286,0.004974660524069509,0.0019925481179443867
9716.0,Guangzhou,0.09242283035857991,0.09242283035857991,0.0479657609107632,0.01961710282275624,0.009885408504915306,0.004963260038872579,0.0019888081360633783
9718.0,Guangzhou,0.08380538401993007,0.08380538401993007,0.04395043357851225,0.018250231152609403,0.009294570079148329,0.00470381678197005,0.0018927203566421625
9719.0,Guangzhou,0.09190636426905785,0.09190636426905785,0.04740390515085921,0.01930805776679769,0.009722314880602882,0.004881113266863012,0.0019561499106104463
9721.0,Guangzhou,0.0906200803582437,0.0906200803582437,0.04712072024478201,0.01928950292827825,0.009732809538408856,0.004893574558628552,0.001962989265978807
9724.0,Guangzhou,0.08914759585168688,0.08914759585168688,0.04665711551945544,0.019168579813818774,0.009687447658821624,0.004872745323170951,0.0019544493852678094
9725.0,Guangzhou,0.07560738006489352,0.07560738006489352,0.039131117688427634,0.016080824739491607,0.008154605707825467,0.004119076903879304,0.0016570266795267765
9731.0,Wuhu,0.09538671800502774,0.09538671800502774,0.04909868018174967,0.01988692549436393,0.009977640539477837,0.004996565661116366,0.0019997795383677147
9741.0,花都区,0.08296704443833752,0.08296704443833752,0.044244025241042456,0.018455382747836688,0.009398092642857077,0.0047553009383243736,0.0019133610057527845
9743.0,Yancheng,0.0676052105307369,0.0676052105307369,0.03835065358700017,0.0169279488090859,0.008860301319020781,0.004523628339488925,0.0018172604170596425
9769.0,Yangzhou,0.08676564687119749,0.08676564687119749,0.04578001410934046,0.01900838992752848,0.00966367143604675,0.004878575683276843,0.001959403277957739
9782.0,Kuchai Kot,0.04321283993991021,0.04321283993991021,0.023755298012609866,0.010379443217310297,0.005469106616122675,0.002842285978940824,0.0011593810214034599
9793.0,Ganzhou,0.07864978502643262,0.07864978502643262,0.04139436056725726,0.017224687518320125,0.00878481544805233,0.004456856646072745,0.0017967822625042432
9794.0,Vijayawada,0.06587876537666357,0.06587876537666357,0.0371830055719606,0.01605137836442095,0.008305670103206942,0.004247086263013655,0.0017171163254538046
9831.0,Taizhou,0.06904644797398743,0.06904644797398743,0.03732256948138626,0.015968098381296588,0.008279344345294412,0.004245085194577875,0.0017194106473196618
9834.0,Puducherry,0.06363643370974162,0.06363643370974162,0.03461477814401991,0.014764405978680877,0.007607332655155613,0.003880103796682473,0.001567242810926335
9839.0,Zhongshan,0.09194501433507829,0.09194501433507829,0.047843958523767334,0.01962677362895907,0.009891708760089329,0.00496603038620611,0.0019898920538568366
9850.0,Chennai,0.06671105425219513,0.06671105425219513,0.03575097711950354,0.015039076573780072,0.007711818005644495,0.003921108907286302,0.0015816799096450773
9871.0,Zhuhai,0.09358566980062821,0.09358566980062821,0.04800332995263366,0.0195240738682367,0.009831015455973903,0.0049364236279886625,0.001978231172603993
9917.0,Changzhou,0.06906267363221771,0.06906267363221771,0.036499981579731645,0.015439782316680686,0.007975417154548033,0.004080178966387301,0.001651270607180312
9939.0,Jiangyin,0.083965390086807,0.083965390086807,0.043233512809532144,0.01780971898818219,0.009068674895349637,0.004599891083572274,0.0018542633348264921
9947.0,Huizhou,0.07914011498326468,0.07914011498326468,0.04315968559424059,0.018220710892940414,0.009339432896168474,0.00474687863042426,0.001913993614171372
9963.0,Suzhou,0.07940457645555772,0.07940457645555772,0.04195205031119886,0.01765794771805903,0.009086107460524549,0.004639537829852421,0.0018756226135936472
9969.0,Zhangjiagang,0.07822870586241315,0.07822870586241315,0.04139053730534459,0.017440460751145755,0.008971712016156971,0.004572056777523217,0.001845801329134328
9987.0,Nantong,0.08466448675647564,0.08466448675647564,0.04429043083826195,0.018406036111725428,0.009392483758115236,0.004785113491642604,0.00193662595006338
10007.0,Muzaffarpur,0.046610818839835644,0.046610818839835644,0.02516231278652497,0.010723330138614725,0.00555352364185112,0.0028463221779481346,0.00115290380826332
10017.0,Patna,0.051610782304324684,0.051610782304324684,0.027815062324994047,0.012050443853792399,0.006337197730813858,0.003296830761576338,0.0013485214235343503
10020.0,Changshu,0.08767270037230261,0.08767270037230261,0.045445316356430315,0.018880182348494874,0.009644335616929949,0.004878210108582543,0.0019603949857490113
10065.0,Gaya,0.054016121995022856,0.054016121995022856,0.028671349459958518,0.011909220634991686,0.006068300620432888,0.0030782459704009712,0.0012419762731492063
10078.0,Hangzhou,0.05960067608618372,0.05960067608618372,0.032196648964142593,0.013772963064489972,0.007132463383615726,0.0036542565190240102,0.0014802597766169728
10097.0,Shanghai,0.07457129314499558,0.07457129314499558,0.04074448748001029,0.017685747859661448,0.009216248077282392,0.004738769849851327,0.001924492630488548
10118.0,Jiaxing,0.06577619102630836,0.06577619102630836,0.03774592715322177,0.016749356733003398,0.008764470415721337,0.004510986657954531,0.001828480954975498
10142.0,Visakhapatnam,0.04020481304769927,0.04020481304769927,0.020162069996317006,0.008073614465085402,0.004039945255244825,0.0020210186351897873,0.000808407454075915
10152.0,Begusarai,0.05115816628468217,0.05115816628468217,0.029309778123691996,0.013075721098487994,0.006920911062494562,0.003595732941447433,0.001466373349881107
10153.0,Jieyang,0.06969918699115737,0.06969918699115737,0.03811402132840472,0.016357315451287366,0.00847283750147539,0.004343714189350676,0.0017596189040483953
10168.0,Ranchi,0.04088697889069085,0.04088697889069085,0.020570200616807886,0.008253422474721835,0.004126711237360917,0.0020633556186804587,0.0008253422474721834
10181.0,Yiwu,0.06139813301216508,0.06139813301216508,0.032360389677300885,0.013576877606858592,0.006968711326736448,0.0035474709020762224,0.0014318735687075064
10214.0,Yongkang,0.07145170295407247,0.07145170295407247,0.03737798633803986,0.015540465938163878,0.007930120792314397,0.0040213003311934505,0.0016198291548730097
10220.0,Cixi,0.05611013652472773,0.05611013652472773,0.030419029114131316,0.013018236460279053,0.006760188911251732,0.0034750609381580715,0.0014096804488385791
10243.0,Dhanbad,0.0695358382495713,0.0695358382495713,0.036044916855645516,0.014841981644627841,0.007519035430472692,0.003782526347453502,0.0015168959241622633
10282.0,Ningbo,0.04756145577831142,0.04756145577831142,0.025790984948109025,0.011128212903717453,0.005829805671582134,0.003021367453164957,0.001231738408496358
10285.0,Jamshedpur,0.08055491833891623,0.08055491833891623,0.04278120821664103,0.017905850393723385,0.0091499832667995,0.0046415691838271635,0.0018706578230250474
10286.0,Xiamen,0.08180482045772927,0.08180482045772927,0.04399770647935333,0.018528334730059028,0.009492797059412333,0.004818303385656535,0.0019403390289567369
10313.0,Asansol,0.05468542896202826,0.05468542896202826,0.02842418501581293,0.011726338387758248,0.00595646683265237,0.0030168806325602607,0.001214499319265121
10328.0,Fuzhou,0.09633486272802586,0.09633486272802586,0.04924558998604987,0.01987116881676185,0.009949358034404363,0.004976789980716999,0.0019911010127934103
10331.0,Quanzhou,0.07041997800804597,0.07041997800804597,0.03712856832519238,0.015520348042848402,0.007942603092108858,0.004034454506075125,0.0016266312967470654
10339.0,Wenzhou,0.07541662037784815,0.07541662037784815,0.04027261672979666,0.017103181614848376,0.00885704524706648,0.004531914719860093,0.001832535395918873
10353.0,Putian,0.053263832579762624,0.053263832579762624,0.0287590348992927,0.012300756745924688,0.006380999775479907,0.0032784272555415293,0.001329972620210545
10354.0,Bhubaneshwar,0.04454198440715297,0.04454198440715297,0.025215850963378597,0.011289985228515166,0.0059829327584328545,0.003102839706071092,0.0012634681764477375
10371.0,龙港市,0.049490584114326476,0.049490584114326476,0.02663754059668989,0.011447576647965942,0.005993850666341982,0.00310675277038137,0.0012655892838775152
10374.0,Yueqing,0.07835748630774272,0.07835748630774272,0.04231435266899029,0.01798131475114479,0.009244368304907078,0.004699162272687811,0.0018948180313028554
10392.0,Taizhou,0.05816469770429298,0.05816469770429298,0.03216684189548582,0.014057417800846784,0.00736972278841144,0.003814467768565429,0.0015528027239662288
10432.0,Berhampore,0.05981390864985062,0.05981390864985062,0.0342415006155718,0.014916238380922599,0.007733681818257678,0.003957913066121367,0.001601255869538686
10441.0,Tamluk,0.05214685094900856,0.05214685094900856,0.02819359822888649,0.012038901090663648,0.006262984914835855,0.0032286671148848327,0.001313270138594491
10452.0,Kolkata,0.05660320984154256,0.05660320984154256,0.030284918091904537,0.012798682938357543,0.006598755755583099,0.0033713594138262233,0.0013622832077363185
10453.0,Kolkata,0.0471171314011609,0.0471171314011609,0.025139889757472507,0.010498772811607661,0.005350399891292615,0.002716358410143129,0.0010997706027879018
10496.0,Guwahati,0.07259336780301269,0.07259336780301269,0.03969782817940143,0.016891327227247656,0.008679241496354946,0.004414954306925404,0.001779899280471325
10533.0,Imphal,0.04876366386864853,0.04876366386864853,0.02548721323821468,0.010588939370093956,0.005410982184342978,0.002748574349568481,0.0011079916740918427
