eFUA_ID,eFUA_name,Cntry_name,FUA_p_2015,FUA_area,exDmg_mean,exDmg_pros_mean,exDmg_cmp_mean,exInunD_mean,exInunD_pros_mean,exInunD_cmp_mean,height_mean,height_fp_mean,flopros_mean,exDmg_count,exInunD_count,exDmg_cmp_count,batch,wld_rgn
1657.0,Cotonou,Benin,1828526.29102,521.0,0.0365028065398238,0.0301437745206856,0.0364796183584378,0.0370517169675658,0.0289231844797941,0.0370548322780267,6.729132422344346,4.392258805192082,10.000882219221122,7697,2824,7683,Africa,Africa
3845.0,Fez,Morocco,1282846.77194,419.0,0.047049231967352,0.047049231967352,0.047049231967352,0.0572140418439177,0.0572140418439177,0.0572140418439177,6.2050344852761805,4.698611656645351,6.7307401,1562,443,1562,Africa,Africa
3315.0,Tangier,Morocco,1034031.22971,306.0,0.0351927478958289,0.0193712345774811,0.0349657613615787,0.0464937590323836,0.0271777517749775,0.0464937590323836,6.261341051472828,2.745631403393216,13.9820004,183,18,164,Africa,Africa
2317.0,Rabat,Morocco,2082985.89987,636.0,0.0774161999292257,0.0425107436111561,0.0791648114489692,0.080201973688088,0.0454550376463193,0.0844069154467982,5.288908896055177,3.2775689277704942,10.460439353824846,3443,681,3150,Africa,Africa
1515.0,Marrakesh,Morocco,1135407.40594,405.0,0.0346358755997258,0.0346358755997258,0.0346358755997258,0.0459721684824586,0.0459721684824586,0.0459721684824586,5.392942492956652,2.5469019354843514,6.7816801,927,123,927,Africa,Africa
581.0,Agadir,Morocco,1122995.08714,430.0,0.0662449762892313,0.0661091042452065,0.0661091042452065,0.0658316772397001,0.0657813725340622,0.0657813725340622,6.061532442763277,3.906743087177488,7.74646,2998,859,2979,Africa,Africa
4710.0,Mansoura,Egypt,6114874.2701,2035.0,0.0269571080559384,0.0141011132866119,0.0226542612693286,0.0388314549818491,0.0231410493608932,0.0330209590945658,4.802256656209672,3.485390085895549,17.694282380071233,141348,61870,114831,Africa,Africa
3981.0,Cairo,Egypt,23490198.3643,4348.0,0.0506415308888177,0.0163304876743809,0.0506415308888177,0.0559518739297664,0.0191749573606913,0.0559518739297664,7.188811432655088,4.687201371923142,57.76532028868739,196559,117200,196559,Africa,Africa
5781.0,Asyut,Egypt,2694393.60084,924.0,0.0610202121239484,0.0157655174190026,0.0610202121239484,0.0699328127455792,0.0180178232655023,0.0699328127455792,4.118922946468284,3.5026973160471138,23.015609926245794,79967,36903,79967,Africa,Africa
6229.0,Luxor,Egypt,2468478.11061,736.0,0.0732536497882202,0.0731804018174984,0.0731804018174984,0.0765575396707096,0.0765629241700585,0.0765629241700585,4.188645735286814,3.712715898173247,6.805069145082313,56290,22007,55752,Africa,Africa
4323.0,Al-Minya,Egypt,1441242.9281,515.0,0.0507711152615591,0.028839601052558,0.0507711152615591,0.0591049888935062,0.0338230914997184,0.0591049888935062,4.401241111804984,3.597022737447895,15.2247,41529,14104,41529,Africa,Africa
6013.0,Girga,Egypt,2371731.01877,953.0,0.057970125564058,0.0298729917571498,0.057970125564058,0.0686600776147316,0.031390746040169,0.0686600776147316,3.958539810412664,3.340025866553008,25.80107982949336,84409,38589,84409,Africa,Africa
5645.0,An Nazlah,Egypt,1674900.69329,676.0,0.0231229013566761,0.021514852689309,0.021514852689309,0.0327127054029241,0.0311487973563257,0.0311487973563257,4.087807095522354,3.1857932293017104,6.5064502,48832,19843,47356,Africa,Africa
2821.0,Faiyum,Egypt,2367343.88961,1042.0,0.0633476890948159,0.0571792510837828,0.0633476890948159,0.0716964698621118,0.0660402305377579,0.0716964698621118,3.624333798387554,2.8187716603290145,6.588273538235035,2811,885,2811,Africa,Africa
6012.0,Sohag,Egypt,2382149.76174,726.0,0.0575520134971454,0.0142940379515544,0.0575520134971454,0.0666994163857738,0.0164470000793734,0.0666994163857738,4.199875749340591,3.4020934851803317,36.63044731996433,62202,28866,62202,Africa,Africa
2935.0,Tanta,Egypt,1453549.73098,442.0,0.0387687896876211,0.0267844265291494,0.0387687896876211,0.0539514742508213,0.0375385448526245,0.0539514742508213,5.315425801948727,3.634536226554449,12.391280146748995,28811,13136,28811,Africa,Africa
5320.0,Al-Zaqaziq‎,Egypt,1199687.43734,294.0,0.0209724598806955,0.0199655803055269,0.0209724598806955,0.0284061360533692,0.0268478143342954,0.0284061360533692,5.508162398366775,3.881230434491068,7.260806190098769,26786,12821,26786,Africa,Africa
233.0,Alexandria,Egypt,5860478.16695,1198.0,0.0764037109705516,0.0522979824884987,0.0766872358212829,0.0735863240725098,0.0487763277508992,0.0736773246101747,7.020551275303864,5.454633273148272,14.744827371408082,86951,45651,85248,Africa,Africa
1785.0,Casablanca,Morocco,4377455.14014,915.0,0.0422515643984115,0.0111294296414568,0.0420828382003917,0.0334670335044109,0.0054283522687038,0.0333130432369642,5.868337275123909,6.846622177265081,77.38845819921417,4139,2179,4109,Africa,Africa
3534.0,Mbuji-Mayi,DemocraticRepublicoftheCongo,3126644.83746,213.0,0.0565178292390437,0.0565178292390437,0.0565178292390437,0.0788142092223834,0.0788142092223834,0.0788142092223834,5.362902099565311,2.5595754808062297,2.1031001,1100,295,1100,Africa,Africa
2526.0,Ibadan,Nigeria,3327050.18327,1185.0,0.056062339053132,0.056062339053132,0.056062339053132,0.0739553685538166,0.0739553685538166,0.0739553685538166,6.085937735956851,3.153133194429662,6.599102625261643,485,113,485,Africa,Africa
6529.0,Kaduna,Nigeria,1745138.94857,491.0,0.0587690484283944,0.0587690484283944,0.0587690484283944,0.0589821504546562,0.0589821504546562,0.0589821504546562,6.0336165655753815,4.1790468073572,7.7663798,1612,734,1612,Africa,Africa
3337.0,Johannesburg,SouthAfrica,8182341.80498,3795.0,0.0299062753874082,0.001746194098145,0.0299062753874082,0.0424400394546078,0.0023709903931039,0.0424400394546078,6.178481671724463,3.678625824928841,100.0,4773,998,4773,Africa,Africa
1647.0,Port Elizabeth,SouthAfrica,1177968.04294,638.0,0.0248995519787527,0.0014854091342928,0.0249184186503624,0.0396392311546468,0.0023963585219285,0.039637830952813,5.519125386310973,3.098150844370247,100.0,2094,261,2087,Africa,Africa
3656.0,Klipgat,SouthAfrica,1290030.58198,715.0,0.0230571338565571,0.001543554028732,0.0230571338565571,0.0289710960137591,0.0019187525209993,0.0289710960137591,4.981125189427358,3.4994818315669334,100.0,1465,278,1465,Africa,Africa
4513.0,Durban,SouthAfrica,3226799.39369,1611.0,0.0626164878814881,0.0036486629350398,0.0619917606410614,0.0618765852136234,0.0036346271038566,0.0608714827033405,7.838281119482981,5.546100844739855,100.0,5429,2058,5205,Africa,Africa
3700.0,Pretoria,SouthAfrica,1635386.30794,1115.0,0.0366465640505788,0.0020852845062156,0.0366465640505788,0.0596288771336407,0.0033758369540678,0.0596288771336407,5.9287834116504765,3.2048486808212,100.0,634,152,634,Africa,Africa
189.0,Cape Town,SouthAfrica,3796315.91745,1729.0,0.0279794124122567,0.0015336136225512,0.0282476694251604,0.0407337632437757,0.0022072939498082,0.0407380744591605,5.941785594740136,3.1435104297612395,100.0,3035,515,2935,Africa,Africa
6502.0,Abuja,Nigeria,2578149.67849,1027.0,0.0242385353630179,0.0242385353630179,0.0242385353630179,0.0413213638477129,0.0413213638477129,0.0413213638477129,5.979147512387196,3.699289518628887,6.653678829274422,567,91,567,Africa,Africa
6152.0,Amaigbo,Nigeria,3099677.57631,1636.0,0.0670010259103823,0.0670010259103823,0.0670010259103823,0.0628645484431107,0.0628645484431107,0.0628645484431107,4.792861008698655,2.895577952447085,6.620131279330709,803,95,803,Africa,Africa
6116.0,Onitsha,Nigeria,4359636.93424,1961.0,0.0690756116784772,0.0690756116784772,0.0690756116784772,0.0752702281896563,0.0752702281896563,0.0752702281896563,5.669293244566964,3.018839714654056,7.177771750179902,18197,3147,18197,Africa,Africa
865.0,Lagos,Nigeria,12337226.552,2284.0,0.0470751338716208,0.0473757191140151,0.0473757191140151,0.0398663985111716,0.0406407247288708,0.0406407247288708,7.797525295230367,6.175223523322054,7.7038146184423,30640,13521,29469,Africa,Africa
6995.0,Kano,Nigeria,4821779.42683,1397.0,0.040349713080771,0.040349713080771,0.040349713080771,0.0542412352831416,0.0542412352831416,0.0542412352831416,4.588493247558215,2.520063096703891,8.1775999,3587,361,3587,Africa,Africa
6466.0,Oboama Nguru,Nigeria,1306034.18119,627.0,0.0753596190902981,0.0753596190902981,0.0753596190902981,0.0837903367700854,0.0837903367700854,0.0837903367700854,4.688745093184519,2.52912320693334,6.555127680395093,474,24,474,Africa,Africa
6256.0,Port Harcourt,Nigeria,1381502.38821,291.0,0.0509688328729782,0.0510909069668137,0.0510909069668137,0.052324488248459,0.0524914833111237,0.0524914833111237,7.259975258059169,5.076460733260659,6.6812401,4502,1585,4297,Africa,Africa
7524.0,Maiduguri,Nigeria,1112394.56467,241.0,0.0220636041589684,0.0220636041589684,0.0220636041589684,0.0193317392641351,0.0193317392641351,0.0193317392641351,7.003689989974348,7.191006996355436,6.69416,4249,2265,4249,Africa,Africa
7140.0,Jos,Nigeria,1022185.26254,648.0,0.02,0.02,0.02,0.034212355732671,0.034212355732671,0.034212355732671,5.360709635227365,3.1991591785527485,6.6738701,514,79,514,Africa,Africa
6644.0,Enugu,Nigeria,1153081.77191,716.0,0.02,0.02,0.02,0.0340452883034358,0.0340452883034358,0.0340452883034358,5.450047265763655,2.98482483625412,7.4043698,31,4,31,Africa,Africa
6556.0,Aba,Nigeria,1267678.97894,258.0,0.02,0.02,0.02,0.0247664396074413,0.0247664396074413,0.0247664396074413,6.636479426632518,5.414160943031311,9.6197596,99,50,99,Africa,Africa
5294.0,Benin City,Nigeria,1639736.42949,772.0,0.0697385557003474,0.0697385557003474,0.0697385557003474,0.0679947870287195,0.0679947870287195,0.0679947870287195,6.3154898447169066,4.043827098556781,6.64957,1566,349,1566,Africa,Africa
1385.0,Kinshasa,DemocraticRepublicoftheCongo,5764312.31853,591.0,0.0918184895019661,0.0916923538906761,0.0916923538906761,0.0795262627659176,0.0791812322785956,0.0791812322785956,7.228743606803416,6.820618725994435,2.000825852686892,5855,3421,5690,Africa,Africa
3810.0,Ilorin,Nigeria,1181705.96434,548.0,0.0345149129598948,0.0345149129598948,0.0345149129598948,0.0477405435390645,0.0477405435390645,0.0477405435390645,5.934406397275423,3.9363355078958953,6.5213499,2073,419,2073,Africa,Africa
4861.0,Lubumbashi,DemocraticRepublicoftheCongo,2303799.0033,435.0,0.038564069082907,0.038564069082907,0.038564069082907,0.0388034222453784,0.0388034222453784,0.0388034222453784,5.536545242327652,4.8696847485599735,2.0171101,841,452,841,Africa,Africa
1889.0,Mogadishu,Somalia,1518891.00393,124.0,0.02,,,,,,6.9927414524283735,,2.0,3,0,0,Africa,Africa
156.0,Freetown,SierraLeone,1222025.52102,264.0,0.0198557408111024,,,0.0260567072040464,,,9.440339262960446,4.690697083549,,1210,165,0,Africa,Africa
1967.0,Touba,Senegal,1016890.88545,159.0,,,,,,,6.238274296431183,,6.5199399,0,0,0,Africa,Africa
153.0,Dakar,Senegal,3409806.43078,388.0,0.02,,,0.0311761345990392,,,7.116257626546986,3.854360781483731,,645,236,0,Africa,Africa
811.0,Brazzaville,RepublicofCongo,1646275.68146,176.0,0.0973124481625721,0.1,0.1,0.0788669812307607,,,7.661121609739859,6.50623129525916,2.0,4605,924,18,Africa,Africa
448.0,Niamey,Niger,1142932.71412,202.0,0.0914181018577238,0.0914181018577238,0.0914181018577238,0.0847524985863499,0.0847524985863499,0.0847524985863499,5.8603907009677965,4.860149445041054,6.50003,3804,2092,3804,Africa,Africa
118.0,Maputo,Mozambique,2579017.68704,690.0,0.0390406798550449,0.0110513138363489,0.0406172403237183,0.0558483167666363,0.0159195832274369,0.0586851119905829,5.972390229064292,2.9917478344772075,20.0,6561,1997,5726,Africa,Africa
433.0,Tripoli,Libya,1525385.72166,1222.0,0.024491119340982,0.0076487820683321,0.0268464464632415,0.0203178245285344,0.0070407783692664,0.0214463398865124,5.436596541182564,6.388404953908995,54.89523813664584,9555,8943,8574,Africa,Africa
98.0,Monrovia,Liberia,1482214.91226,451.0,0.0742607529042529,0.0437768329300947,0.0742108428310456,0.0657569010587017,0.0389388912171185,0.066020135691793,5.916824572825235,5.5741400378140105,13.824638001076751,15370,11698,14128,Africa,Africa
3056.0,Mombasa,Kenya,1104262.79954,289.0,0.0723246491172742,0.0706598422762028,0.0706598422762028,0.0630403974300591,0.0667757187706264,0.0667757187706264,5.594109367731485,4.217542518543292,2.06479,2654,395,980,Africa,Africa
550.0,Conakry,Guinea,2533177.45823,709.0,0.0209309766784336,0.0156852987937457,0.0209308814209221,0.0368224653455222,0.0248235705676433,0.0368224653455222,5.595956888610451,2.9692313364558607,7.905220414150231,8768,658,8761,Africa,Africa
1296.0,Kumasi,Ghana,3234531.77085,1029.0,0.0440316021090427,0.0440316021090427,0.0440316021090427,0.0498418467782908,0.0498418467782908,0.0498418467782908,6.1743616704366895,2.5353981366674447,7.2463002,393,20,393,Africa,Africa
5821.0,Addis Ababa,Ethiopia,3968807.40781,810.0,0.0486723037541698,0.020252659574468,0.020252659574468,0.0686187055304749,0.0451397655736282,0.0451397655736282,6.620634949184164,3.180516836119195,2.00741,709,172,188,Africa,Africa
2629.0,Abidjan,CotedIvoire,4649772.03074,1082.0,0.0445057163408838,0.0437404399931302,0.0437404399931302,0.0504394971763575,0.0537702154156456,0.0537702154156456,6.757071521427452,4.488424597187685,6.8131199,5198,2684,3484,Africa,Africa
483.0,N'Djamena,Chad,1370021.33144,258.0,0.0481691558622595,0.0339042074150103,0.0481691558622595,0.0360923980443031,0.0273074832520971,0.0360923980443031,5.979883696238422,5.221809762575952,21.342997161348443,16278,11463,16278,Africa,Africa
1834.0,Ouagadougou,BurkinaFaso,2813684.24882,908.0,0.0247546301343989,0.0247546301343989,0.0247546301343989,0.0340656589116508,0.0340656589116508,0.0340656589116508,4.917309162782726,3.2169799867540427,2.0141851581463275,945,90,945,Africa,Africa
5483.0,Beni,DemocraticRepublicoftheCongo,1512870.2892,80.0,,,,,,,6.435276868906081,,2.0009201,0,0,0,Africa,Africa
1245.0,Lomé,Togo,2180682.66188,520.0,0.0261223238677415,0.0261192106319469,0.0261192106319469,0.0251498864194175,0.0251206131307774,0.0251206131307774,8.854374886366406,5.519069271915626,2.5053201,5882,512,5881,Africa,Africa
1986.0,Lusaka,Zambia,2620092.50442,743.0,0.02,0.02,0.02,0.0297100592419245,0.0297100592419245,0.0297100592419245,4.5385734238991295,3.886444954645066,6.5064502,94,21,94,Africa,Africa
289.0,Nouakchott,Mauritania,1140832.14514,235.0,0.0153065542284003,0.0153065542284003,0.0153065542284003,0.0198891969199721,0.0198891969199721,0.0198891969199721,6.436034982254994,4.384453217530887,2.0,3561,1901,3561,Africa,Africa
947.0,Oran,Algeria,1332318.68679,465.0,0.0182784822850996,0.0097256606219175,0.0182784822850996,0.0432339660515953,0.0223429542224936,0.0432339660515953,5.811948514943711,3.1588460579514503,16.4183998,1004,32,1004,Africa,Africa
3142.0,Kananga,DemocraticRepublicoftheCongo,1018036.09543,125.0,,,,,,,6.711228912194687,,2.0490799,0,0,0,Africa,Africa
2630.0,Garoua,Cameroon,1100720.35634,91.0,0.064734516529706,0.064734516529706,0.064734516529706,0.0521925570090538,0.0521925570090538,0.0521925570090538,5.665620687909029,3.210588675667382,6.8751998,2096,125,2096,Africa,Africa
2295.0,Yaounde,Cameroon,3547917.37579,572.0,0.02,0.02,0.02,0.0164815288137241,0.0164815288137241,0.0164815288137241,7.973441233199831,9.548404914992195,6.5342498,31,14,31,Africa,Africa
809.0,Douala,Cameroon,3002078.17321,360.0,0.0564695992060237,0.0557757022376875,0.0557757022376875,0.0419943008833348,0.0424886804076117,0.0424886804076117,7.79491658407932,6.169561254765525,7.318139585599187,8677,4692,7593,Africa,Africa
3145.0,Algiers,Algeria,4921385.25012,1802.0,0.0376703360713812,0.008568066687863,0.0354326213949149,0.0506526730084201,0.0123392081230792,0.0526938466345736,5.611187624220198,4.393309107611434,24.97218049111113,7835,2608,6794,Africa,Africa
2171.0,Nairobi,Kenya,4712493.99749,859.0,0.0257571582847007,0.0257571582847007,0.0257571582847007,0.0352728151300101,0.0352728151300101,0.0352728151300101,7.069748635638653,3.6429935771658872,2.0044834519501964,283,145,283,Africa,Africa
1899.0,Kampala,Uganda,3964521.71566,1077.0,0.0116701713298649,0.01142642432615,0.01142642432615,0.0329785645837447,0.0329878479432763,0.0329878479432763,5.800357316892163,2.75411578735674,2.0,6458,319,6274,Africa,Africa
3280.0,Dar es Salaam,Tanzania,5644865.66667,1057.0,0.0386202315863475,0.0383445126830445,0.0383445126830445,0.039565806791603,0.0397159478294483,0.0397159478294483,6.404737356457205,4.536782032127883,2.0038112680819795,1510,531,1474,Africa,Africa
586.0,Bamako,Mali,3290547.46126,700.0,0.077879681870026,0.0546594274117573,0.077879681870026,0.0717002965269182,0.0545474903052214,0.0717002965269182,6.092993234014423,3.305386444842534,14.245821995230347,5504,1088,5504,Africa,Africa
1558.0,Harare,Zimbabwe,2906612.25731,1521.0,0.0304217505524363,0.0304217505524363,0.0304217505524363,0.0510635352179172,0.0510635352179172,0.0510635352179172,4.332540516980483,2.6321659246963347,2.054887511331833,1085,207,1085,Africa,Africa
1545.0,Tunis,Tunisia,2534692.78747,1129.0,0.0329910097349404,0.0085679562318046,0.0332972119194286,0.0387230610387952,0.0103132732562368,0.0390815287348535,5.528849304164554,4.040488329665577,27.77795700359743,14583,4855,14331,Africa,Africa
3226.0,Khartoum,Sudan,6229523.11583,1363.0,0.073057972307572,0.0400925665652218,0.073057972307572,0.0515408196324247,0.0300425278335916,0.0515408196324247,6.5776251612729535,5.386656132590731,12.5889997,33665,14944,33665,Africa,Africa
1338.0,Kigali,Rwanda,1294124.27931,483.0,0.0524820312871131,0.0524820312871131,0.0524820312871131,0.057547940417914,0.057547940417914,0.057547940417914,5.491676034120021,4.760703528617729,3.2736640457495376,1911,303,1911,Africa,Africa
446.0,Lilongwe,Malawi,1022605.26039,338.0,0.055207734728256,0.055207734728256,0.055207734728256,0.0570208377653422,0.0570208377653422,0.0570208377653422,4.665481332586958,4.0744035025924425,6.5696902,667,344,667,Africa,Africa
723.0,Antananarivo,Madagascar,2386441.86536,448.0,0.0605666625044554,0.0605666625044554,0.0605666625044554,0.0543525462891136,0.0543525462891136,0.0543525462891136,6.157625670048018,4.596068349876861,2.93942,13958,6544,13958,Africa,Africa
2940.0,Accra,Ghana,4786265.39821,1934.0,0.057531257364952,0.0341853885463402,0.0575371170736576,0.0527246101952351,0.0323355087083429,0.0527426759598129,6.06209234867097,4.267673597890532,10.972090129907428,8090,2343,8088,Africa,Africa
524.0,Bangui,CentralAfricanRepublic,1048483.32732,155.0,0.0880315788650649,0.0880315788650649,0.0880315788650649,0.074770656508342,0.074770656508342,0.074770656508342,6.235897467033135,4.53266897158775,2.943102193767579,2172,873,2172,Africa,Africa
506.0,Luanda,Angola,7308152.20825,1941.0,0.0194623093286501,0.0103465232727604,0.0194607246668261,0.0334672531267373,0.0173685490103084,0.0338782503388002,5.184686636112291,2.769826046358968,16.329832728882955,3551,284,3541,Africa,Africa
2207.0,Hanoi,Vietnam,8350600.19677,3293.0,0.066638246490126,0.0346947243852019,0.066638246490126,0.0572565659983277,0.02886812726068,0.0572565659983277,4.281289026706928,3.996133680997246,62.541207281943336,263897,133326,263897,Asia,SE Asia
1525.0,Kathmandu,Nepal,3679117.86657,488.0,0.0865871535895433,0.0865871535895433,0.0865871535895433,0.0605629640243195,0.0605629640243195,0.0605629640243195,6.360120157728566,9.588292847409774,2.0,1153,1034,1153,Asia,S Asia
2352.0,Kabul,Afghanistan,4604344.15749,707.0,0.0534817931033302,0.0534817931033302,0.0534817931033302,0.0449230361336701,0.0449230361336701,0.0449230361336701,5.248217137724386,4.655157755277974,3.7804301,6929,4185,6929,Asia,S Asia
3033.0,Sirajganj,Bangladesh,2631728.4659,1310.0,0.0685869407609399,0.008250774651348,0.0685869407609399,0.0659905001837538,0.0093120152619186,0.0659905001837538,2.6573497784943587,2.526269773656938,50.0,114219,37210,114219,Asia,S Asia
1095.0,Kandy,SriLanka,1182446.9012,791.0,0.0784894476587724,0.0784894476587724,0.0784894476587724,0.0731828982553194,0.0731828982553194,0.0731828982553194,3.675877543814405,5.740744544641815,8.239115288431039,1933,1096,1933,Asia,S Asia
3435.0,Tangail,Bangladesh,1485869.0192,785.0,0.058332087571653,0.0084199868117653,0.058332087571653,0.0583556216295275,0.0097719858963309,0.0583556216295275,2.668701175075297,2.516605645455723,50.0,19828,6209,19828,Asia,S Asia
5038.0,Ho Chi Minh City,Vietnam,12831945.0812,3036.0,0.0633331230515921,0.0631484043280228,0.0635551484976285,0.0552579522740915,0.0548049313254937,0.0552659984384568,5.940480705077597,4.22644182757023,7.786792416114663,139314,83196,137257,Asia,SE Asia
434.0,Colombo,SriLanka,5670079.61044,2789.0,0.072600668155438,0.0726623835949811,0.0726623835949811,0.0650389464219213,0.0651368631981842,0.0651368631981842,4.498025427392661,4.229410787319319,6.614972730372325,32471,17047,32386,Asia,S Asia
4280.0,Long Xuyen,Vietnam,1547431.50141,995.0,0.0827117820786891,0.0426553176682567,0.0827117820786891,0.0739597682079164,0.0390248012647026,0.0739597682079164,3.986290550284176,3.8964198020646914,10.0,96024,35011,96024,Asia,SE Asia
1637.0,Istanbul,Turkey,14791738.7918,2540.0,0.0426434300035025,0.021372713484873,0.0435175857144321,0.0478647097837805,0.025328402982481,0.0494039952409372,9.077466468703753,3.2464438945906235,17.321120312834722,5468,599,5011,Asia,SW Asia
5080.0,Đà Nẵng,Vietnam,1138424.45552,418.0,0.0876017053985675,0.0887884740555427,0.0887884740555427,0.077403935738871,0.0812477754499416,0.0812477754499416,4.604207566823132,4.622911043526627,7.3617702,23490,16650,13957,Asia,SE Asia
3569.0,Haiphong,Vietnam,1377016.69945,632.0,0.0504186234878028,0.0506164353174243,0.0516507735062105,0.0452180158357545,0.0451681673381725,0.0458367118591855,4.579640582284376,3.132810112603316,6.6397464338204015,14589,6858,12882,Asia,SE Asia
770.0,Taichung,Taiwan,4020321.03382,1786.0,0.0715491052496672,0.0035985504234124,0.0717342306724135,0.061207773246391,0.0032934003409375,0.0612658348060782,6.961133939411579,4.782117433799569,201.66330209744663,19774,11672,19558,Asia,E Asia
491.0,Hsinchu,Taiwan,1116593.13363,554.0,0.078388246831979,,,0.0756283005578454,,,6.817843512131528,4.198819739346689,,4343,3098,0,Asia,E Asia
1897.0,Kaohsiung,Taiwan,2934154.37918,1088.0,0.0853682837285809,0.0046437746828217,0.0850042099216939,0.0657414192568111,0.0041015071987079,0.065582652890362,7.872506208278501,8.863992176325262,150.0,22593,15733,21831,Asia,E Asia
1141.0,New Taipei [Taipei],Taiwan,9530828.72544,2463.0,0.0830207687133835,0.0012746069031045,0.0869382023974298,0.0642988781667342,0.0011613987280651,0.0644031848374802,8.770566749332303,9.044980922579247,770.9453679191251,20005,14145,14250,Asia,E Asia
1815.0,Tainan,Taiwan,1339958.44764,715.0,0.0612003938371974,0.0034510286786549,0.0610447163794805,0.0410104337937385,0.0024727365240804,0.0408514771819184,7.380803401646507,6.740402460792477,150.0,18350,12207,17965,Asia,E Asia
5137.0,Gaziantep,Turkey,1554725.0461,384.0,0.04,0.02,0.04,,,,6.9557419031219725,,17.9659996,2,0,2,Asia,SW Asia
3529.0,Khulna,Bangladesh,1408217.82493,371.0,0.0414455196263281,0.0081552829228553,0.0414455196263281,0.0333564297670726,0.0083942846891901,0.0333564297670726,3.7552659550038863,2.786585595189292,50.0,14259,4138,14259,Asia,S Asia
3234.0,Nam Định,Vietnam,1198796.51295,723.0,0.0661462970175061,0.0148249962014857,0.0661462970175061,0.0617054241099454,0.014850567027631,0.0617054241099454,3.648422322300984,3.50424603635681,23.406816541709805,73031,44542,73031,Asia,SE Asia
3702.0,Dhaka,Bangladesh,1721611.74321,610.0,0.0678979245630593,0.0090505222206907,0.0678979245630593,0.0626684568707201,0.00963619890859,0.0626684568707201,3.891399098641934,2.91301987063756,50.0,14214,4845,14214,Asia,S Asia
7163.0,Mumbai,India,22277275.0699,2367.0,0.0747799147835638,0.0043131885642832,0.0738021056908191,0.0593145763404292,0.0036577719713949,0.0576338262289342,9.209300638755732,6.641735788971821,100.0,35096,10374,28152,Asia,S Asia
4515.0,Lakshmipur,Bangladesh,1291110.72759,632.0,0.056058723199987,0.0085656244140287,0.056058723199987,0.0553342668277782,0.009911359682426,0.0553342668277782,2.548872149054784,2.5288213548259537,50.0,31082,11696,31082,Asia,S Asia
3650.0,Ankara,Turkey,3385325.26723,1042.0,0.0567156780333886,0.0295759931531568,0.0567156780333886,0.0351745404033375,0.018309497963683,0.0351745404033375,7.904176797391617,6.429759026417696,19.9223003,3825,1457,3825,Asia,SW Asia
7490.0,Saharanpur,India,1260280.28569,225.0,0.04,0.002,0.04,0.0303919671987114,0.0015195983633084,0.0303919671987114,4.782515623054596,3.6602065563201904,100.0,4,4,4,Asia,S Asia
7139.0,Vasai-Virar,India,1487095.45834,292.0,0.0845686090790648,0.0047642195878863,0.084426420022857,0.0674970512820961,0.004014906371921,0.0669069863049756,5.869402050507414,6.070675788102096,100.0,11984,4337,11509,Asia,S Asia
6651.0,Vadodara,India,2280235.37294,591.0,0.0400053620678044,0.002355754162204,0.0400053620678044,0.0211607365243017,0.001351521337156,0.0211607365243017,5.8350519488535415,5.9173444388846566,100.0,12781,5256,12781,Asia,S Asia
6065.0,Ludhiana,India,2130483.69702,627.0,0.0335649472268599,0.0019962986801738,0.0335649472268599,0.0193671219834167,0.0012334250425623,0.0193671219834167,6.132364629161826,4.827041540128242,100.0,12811,5554,12811,Asia,S Asia
5617.0,Jalandhar,India,1193165.84703,369.0,0.0501610791848578,0.0030838000223173,0.0501610791848578,0.039675785985537,0.0028631045303542,0.039675785985537,5.109209793923938,2.582413960589103,100.0,604,147,604,Asia,S Asia
4396.0,Amritsar,India,1348034.97444,431.0,0.0268237839012808,0.0016272121705013,0.0268237839012808,0.0163767389500644,0.0010977191116458,0.0163767389500644,4.987837902721241,3.036920145842376,100.0,5864,2250,5864,Asia,S Asia
3722.0,Rajkot,India,1454166.41579,323.0,0.04,0.002,0.04,0.0325010103264949,0.0016250505162688,0.0325010103264949,5.667412283618058,3.4365126948709817,100.0,706,54,706,Asia,S Asia
3357.0,Jammu,India,1155695.86891,345.0,0.0546673003461979,0.0032142927908864,0.0546673003461979,0.042176877190292,0.0027036855995033,0.042176877190292,5.031832076723524,2.999885067217995,100.0,2870,840,2870,Asia,S Asia
2091.0,Srinagar,India,1298095.01704,402.0,0.0595466961001767,0.0034845812987263,0.0595466961001767,0.0393829290045551,0.0024315907304193,0.0393829290045551,5.169620658729763,5.570946977943598,100.0,16543,6477,16543,Asia,S Asia
4316.0,Comilla,Bangladesh,8812244.06675,4493.0,0.0641301849509241,0.0081800642519658,0.0638470663930709,0.0658376372493716,0.0091274937947507,0.0655179776268398,2.6167922184507733,2.556457378791924,52.62790790513476,236462,95989,233213,Asia,S Asia
3703.0,Dhaka,Bangladesh,3075402.54702,1377.0,0.0614018172176212,0.0077518884848124,0.0614018172176212,0.0558681996448985,0.007639438899844,0.0558681996448985,3.131330102729133,2.7003537609340413,50.0,35175,13654,35175,Asia,S Asia
4148.0,Brahmanbaria,Bangladesh,2480649.06816,1121.0,0.0684532401151087,0.0086416609750922,0.0684532401151087,0.0633425198507761,0.0094760677962171,0.0633425198507761,2.751111950951312,2.585394187611116,50.0,33621,6182,33621,Asia,S Asia
3705.0,Dhaka,Bangladesh,20392157.1096,3268.0,0.0778136122805715,0.0089399491003275,0.0778099416026052,0.0772724255668077,0.0092248166242816,0.077367499408203,4.149107610012607,3.3270220005372755,50.0,234517,114805,232610,Asia,S Asia
4833.0,Chattogram,Bangladesh,5964578.13113,1591.0,0.0531858619005395,0.0065705092844611,0.0529121923543739,0.0490689382975011,0.0069561177318419,0.0488935507075642,3.827008587962179,2.7979449396406046,50.0,34324,17210,32826,Asia,S Asia
3707.0,Dhaka,Bangladesh,1548886.70489,505.0,0.0753896215819755,0.0088088155986736,0.0753896215819755,0.074573731230289,0.0095265256734182,0.074573731230289,2.98542557849701,2.71609987923976,50.0,17730,6117,17730,Asia,S Asia
3483.0,Mymensingh,Bangladesh,1150722.5143,484.0,0.059299955495593,0.0067458867004889,0.059299955495593,0.0490576688973854,0.0053081272017661,0.0490576688973854,2.847840303331446,2.7464273312786074,50.0,2729,1134,2729,Asia,S Asia
2289.0,Bogura,Bangladesh,1955452.19638,1033.0,0.0648137987377351,0.0079823707669913,0.0648137987377351,0.0661980863411032,0.0090762433147249,0.0661980863411032,2.909503675338112,2.533475105680977,50.0,35712,12502,35712,Asia,S Asia
4644.0,Sylhet,Bangladesh,1390248.89849,503.0,0.0594910049524778,0.0071610550960691,0.0594910049524778,0.0504131007992437,0.0069123327166024,0.0504131007992437,3.5884865311179115,2.8751214652463397,50.0,12779,2589,12779,Asia,S Asia
4009.0,Kishoreganj,Bangladesh,1035698.08083,550.0,0.0582260733472219,0.0076515435898265,0.0582260733472219,0.0426828294411939,0.0055848578292312,0.0426828294411939,2.6742109564001457,2.50086021701343,50.0,6915,667,6915,Asia,S Asia
3607.0,Sincan,Turkey,1471991.24203,492.0,0.0615394949716652,0.0327166713825209,0.0615394949716652,0.0483470682504672,0.0266507181567274,0.0483470682504672,5.609809605316208,4.653328763876925,19.9223003,1488,838,1488,Asia,SW Asia
3842.0,Ad Diwaniyah,Iraq,1068653.11319,200.0,0.04028,0.02028,0.04028,0.0405850000143051,0.0205850000143051,0.0405850000143051,4.3686708857691405,2.5,17.3190994,10,2,10,Asia,SW Asia
2199.0,Bursa,Turkey,1868115.03635,776.0,0.0443479674567058,0.0230037718882387,0.0443479674567058,0.0395687846967262,0.0207683405252607,0.0395687846967262,5.777417617208009,3.457816074125741,17.0401001,2851,909,2851,Asia,SW Asia
5222.0,Shizuoka,Japan,1153826.26576,1120.0,0.0680413674260956,0.0015910226331483,0.0680563461663032,0.0392840326687282,0.0010382501010468,0.0393637459265926,7.102250058404244,8.150377799709203,200.0,8721,6442,8543,Asia,E Asia
3956.0,Osaka [Kyoto],Japan,17621765.5919,10090.0,0.0673464508293715,0.0015959883094363,0.0672321407098268,0.035362669670704,0.0009319057426030406,0.035228512878519,8.349929759513595,10.555184126312003,200.0,59481,50502,58969,Asia,E Asia
2648.0,Hiroshima,Japan,1633746.73779,1553.0,0.0807034183504462,0.0018773352533687,0.0807723194544608,0.0418165586725942,0.0012054581561253,0.0414543732345914,7.638303825870258,10.477424527977895,200.0,11278,10426,10253,Asia,E Asia
5091.0,Hamamatsu,Japan,1099104.77467,1219.0,0.0826445557460549,0.001882615360731,0.0826044164128466,0.0668852157201597,0.0017201534497798,0.0667232024016578,6.182673837745784,6.1006278541347605,200.0,28812,23335,28604,Asia,E Asia
5005.0,Takasaki [Maebashi],Japan,2237876.44643,2717.0,0.0584084105510159,0.0013677770285779,0.0584084105510159,0.0371299176343905,0.0009418208986408244,0.0371299176343905,6.406670335600142,5.425584455228597,200.0,19777,12671,19777,Asia,E Asia
4822.0,Sendai,Japan,1517061.18191,1419.0,0.0807238652845897,0.0019015371367854,0.0807156502510212,0.0719409534000597,0.0017027154333994,0.0718837811952984,6.916806994864907,5.253720474397778,200.0,28328,18027,28196,Asia,E Asia
4199.0,Naha,Japan,1160096.73009,691.0,,,,,,,6.856446287987759,,200.0,0,0,0,Asia,E Asia
3549.0,Okayama,Japan,1417356.73893,1816.0,0.0772370407209611,0.0018122487064984,0.0772598247919981,0.0554009995612333,0.0014188981920221,0.0557468911983288,6.106963061584164,7.003484407634618,200.0,43823,39435,43143,Asia,E Asia
2382.0,Kumamoto,Japan,1068107.61975,1123.0,0.0675456632833361,0.0015780261132654,0.067042642873325,0.0654170347847615,0.0015806545848566,0.0645532368307175,5.115160548446366,3.859020280911479,200.0,17345,13535,16793,Asia,E Asia
843.0,Kitakyushu,Japan,1589886.37124,1535.0,0.0692210180706098,0.0017031808185569,0.0694503157612703,0.0489981307316194,0.0013581156977916,0.0496570243586002,7.874910588733432,6.839555344653665,200.0,6709,5351,6559,Asia,E Asia
266.0,Sapporo,Japan,2222113.47893,1544.0,0.0664484281263108,0.0016187280925518,0.0653312587760829,0.0528674779826456,0.0014367449286855,0.0518262749305805,7.79150641388673,5.462070598168354,200.0,63127,30027,59991,Asia,E Asia
2709.0,Baghdad,Iraq,6245609.02132,2252.0,0.0670565708828518,0.0276755558203527,0.0670565708828518,0.0562644582352727,0.0234105349984188,0.0562644582352727,4.836085586443565,4.542115482855137,30.68008297647777,236482,130399,236482,Asia,SW Asia
1084.0,Mosul,Iraq,1218694.94921,453.0,0.0761490581054921,0.0402059903957422,0.0761490581054921,0.0658190046138415,0.0357562580295539,0.0658190046138415,5.37888728877624,3.7133083957204582,17.9272995,2996,1102,2996,Asia,SW Asia
4497.0,Basra,Iraq,1620042.70829,370.0,0.0711067766172218,0.0373545136072026,0.0711067766172218,0.0576524774951975,0.0308825654390805,0.0576524774951975,5.442542398058407,5.1628438230580285,16.7646008,40334,23651,40334,Asia,SW Asia
7499.0,Nashik,India,1897850.97149,485.0,0.0724003335997359,0.0040495021848993,0.0724003335997359,0.0646115886091907,0.003791604576654,0.0646115886091907,5.181794400025458,4.431281874285362,100.0,996,309,996,Asia,S Asia
3453.0,Najaf,Iraq,1070856.90631,189.0,0.0723770768277214,0.0379569305559535,0.0723770768277214,0.0694107150941189,0.0363738061743813,0.0694107150941189,5.987767492832237,3.727274547890309,17.4237003,4854,3112,4854,Asia,SW Asia
2018.0,Erbil,Iraq,1461345.91607,725.0,,,,,,,4.653461303225329,,16.3188,0,0,0,Asia,SW Asia
4686.0,Tehran,Iran,13408679.6999,3332.0,0.039028064431564,0.0204322266142022,0.039028064431564,0.0293420764066398,0.0156105463333281,0.0293420764066398,7.293608851511805,4.26739571777067,17.859895614302275,6166,2495,6166,Asia,SW Asia
6030.0,Mashhad,Iran,3181980.71482,830.0,0.0511488309865116,0.0271016782126531,0.0511488309865116,0.046634948638623,0.0250629508567518,0.046634948638623,6.318977287587435,3.5929734051217443,16.4729996,2843,569,2843,Asia,SW Asia
708.0,Fukuoka,Japan,2998820.90844,1938.0,0.0569181686894005,0.0013906334912838,0.0568057265001687,0.0486352375501326,0.0012936201617239,0.0483477861250712,8.119646395829491,3.78255995844473,200.0,11155,7631,11003,Asia,E Asia
4532.0,Nagoya,Japan,9590442.43583,7350.0,0.0660027222314881,0.0015942842039564,0.0659433790333646,0.0398180634672904,0.0010958451287905,0.0397724128128438,7.807203038308288,7.863315533157034,200.0,123700,106814,121796,Asia,E Asia
5129.0,Tokyo,Japan,36471786.9071,11971.0,0.0693948805676523,0.0016211748355312,0.0693932759200013,0.040788128028738,0.001048847515422,0.0408289253205316,9.420862001514196,8.16259349369363,200.0,202775,142990,202160,Asia,E Asia
1782.0,Daejeon,SouthKorea,1746023.24779,1001.0,0.0829560956639158,0.0081947076037691,0.0829560956639158,0.0686681126266896,0.0066823932111693,0.0686681126266896,7.040390568547705,4.409845488396951,130.18392306956417,2929,997,2929,Asia,E Asia
633.0,Izmir,Turkey,3094411.99044,1125.0,0.0378600123953103,0.0200948540313691,0.0378126544356228,0.032785196300365,0.017647131909826,0.0326008911774612,6.9501766650402725,3.07530672621316,16.7369995,8132,1333,8019,Asia,SW Asia
1234.0,Jeddah,SaudiArabia,3992565.12509,1517.0,0.0396425624690764,0.0089732596495094,0.0396513313251407,0.0303140713612545,0.0072594197308623,0.0303253128372027,7.504353227699983,3.072301566380349,45.7198982,9565,3264,9538,Asia,SW Asia
3691.0,Dammam,SaudiArabia,2319628.54097,1198.0,0.0449472121016629,0.0099597864862411,0.0449835387257467,0.0388655955063755,0.0089396088573014,0.0390531193936512,6.765441933615453,3.397077014625878,46.1575012,6292,1867,6246,Asia,SW Asia
3327.0,Riyadh,SaudiArabia,6299387.24487,3239.0,0.0605174516057762,0.0129919848018816,0.0605174516057762,0.054720718464579,0.0119466839327273,0.054720718464579,7.294218032988418,4.084532605956222,46.4460983,8696,4541,8696,Asia,SW Asia
1625.0,Mecca,SaudiArabia,1742128.92729,835.0,0.0596651913054152,0.0125690028165836,0.0596651913054152,0.0563306943090613,0.0119433229568826,0.0563306943090613,8.274131971333299,2.968047890064681,45.7198982,1197,361,1197,Asia,SW Asia
1009.0,Medina,SaudiArabia,1297733.02846,534.0,0.0688038308875944,0.0148453093601624,0.0688038308875944,0.05616323975434,0.0125896109799738,0.05616323975434,6.871763170724714,5.053053192674925,45.8516006,2947,1858,2947,Asia,SW Asia
3647.0,Hofuf,SaudiArabia,1236290.80166,804.0,0.0422626903989005,0.0093469070666236,0.0422626903989005,0.0306276021168859,0.0070584431909903,0.0306276021168859,5.040566048656792,5.368531536628972,46.1575012,5106,2645,5106,Asia,SW Asia
2845.0,Quezon City [Manila],Philippines,24958274.4194,4873.0,0.0517449197859841,0.0460065820950423,0.0521385932049061,0.0418619161794784,0.0375509710985989,0.0416421210311625,5.384370226688708,5.522784266090911,10.774972249184858,75381,23018,62005,Asia,SE Asia
1797.0,Angeles [San Fernando],Philippines,1983596.91985,1079.0,0.0566094573725001,0.056483964068141,0.0566243183789351,0.0525362979260994,0.0522421804667782,0.052298465465955,3.7348619320190406,2.988216512453477,8.672143779680624,23340,10223,22959,Asia,SE Asia
3471.0,Antalya,Turkey,1087976.74869,664.0,0.0366965432129931,0.0193031934850209,0.0361590739282114,0.0271770949778568,0.0146275199203404,0.0264347255829917,6.315249596259341,4.435681786803413,19.3808002,11433,4663,11085,Asia,SW Asia
604.0,Dagupan,Philippines,1219135.09167,760.0,0.0674870453534325,0.0297183254656127,0.0671930667399295,0.0693873008617588,0.0301797024255953,0.0688029985625161,2.841567214551659,2.827318836890578,21.164371851762077,33491,15600,32097,Asia,SE Asia
4372.0,Cebu City,Philippines,3059069.97335,1232.0,,,,,,,4.850242543097108,,,0,0,0,Asia,SE Asia
2524.0,Singapore,Malaysia,1858307.14599,1307.0,0.0645816031269347,0.0143845501667397,0.064571619760785,0.0649997313280417,0.0149101253797649,0.0648632764733788,5.735165003883815,3.184442058004255,23.8854008,2850,376,2845,Asia,SE Asia
1322.0,Kuala Lumpur,Malaysia,7481102.84749,3314.0,0.0556027181353307,0.0127098277516113,0.0555490750100819,0.0397518443921672,0.0093814477806773,0.0396072063108519,7.75133324790875,5.663223309682192,26.77170679119136,42461,22086,40975,Asia,SE Asia
447.0,Bukit Mertajam,Malaysia,1009439.4856,685.0,0.0567951794928978,0.0137277809285499,0.0567552504572467,0.0462367940624476,0.0124185563933584,0.046278645001471,6.017422390336968,3.93213261254692,44.992730236213454,13295,5628,13139,Asia,SE Asia
94.0,Seoul,SouthKorea,24287447.2125,7053.0,0.0862502977859861,0.0083316026149804,0.086167750874608,0.0725039189153149,0.0079442739828911,0.0730680155473145,9.163940358338053,6.888529629961319,146.09830380897608,55427,34659,50189,Asia,E Asia
3057.0,Busan,SouthKorea,4218267.5169,1478.0,0.0947585506593161,0.0099140934913976,0.095576951755169,0.0803179504242583,0.0093399010916138,0.085233070847985,9.471821838606552,7.265539980156682,52.53294654007987,35364,28808,31869,Asia,E Asia
3211.0,Ulsan,SouthKorea,1132432.10118,836.0,0.0402998354965943,0.0021491866804277,0.0403052417797417,0.0199459574071729,0.0012070111513831,0.0202393869292074,8.799199390213632,7.985576048956977,159.89537502347738,638,225,628,Asia,E Asia
2453.0,Daegu,SouthKorea,2868256.7255,2251.0,0.0711223509045222,0.007707744454708,0.0705074184366869,0.0512983421297141,0.0060236676409505,0.051377331181901,6.770083731963035,4.601876998390126,53.5353012,10766,4794,8701,Asia,E Asia
2246.0,Gwangju,SouthKorea,1683322.22698,1057.0,0.061109397087496,0.0070642545235854,0.0622354082280277,0.05117509688128,0.0063981651241764,0.0516350626187706,6.104711839224584,3.707830981496478,51.3464012,6997,3520,6645,Asia,E Asia
4985.0,Davao City,Philippines,1356277.38533,477.0,0.0729281267934115,0.04,0.04,0.0539367960554609,,,4.79883670363576,5.835846856321484,7.8971,1613,1076,6,Asia,SE Asia
7581.0,Dehradun,India,1157124.99511,284.0,,,,,,,5.6614424209397685,,100.0,0,0,0,Asia,S Asia
7961.0,Aurangabad,India,1861221.88509,345.0,0.04,0.002,0.04,0.0186525061399679,0.0009326253081247312,0.0186525061399679,5.539433322096031,5.361209869384766,100.0,52,1,52,Asia,S Asia
7895.0,Aligarh,India,1749764.90379,338.0,0.0389625905199073,0.0023238498520137,0.0389625905199073,0.0242501308422172,0.0015205582656851,0.0242501308422172,5.428473265237407,4.804630822191999,100.0,13739,4581,13739,Asia,S Asia
8997.0,Kollam,India,2802508.962,1540.0,0.0625731255431409,0.0035292157989652,0.0628705537625292,0.0582328552586373,0.0034925488590647,0.0586003177286531,3.400993164733651,2.6630879082263887,100.0,24404,11158,22774,Asia,S Asia
8722.0,Kanpur,India,4341524.84992,807.0,0.0644496075582654,0.0037998039048114,0.0644496075582654,0.0512731987102811,0.0035608906600803,0.0512731987102811,5.394300197496404,3.3208489534312062,100.0,16679,4178,16679,Asia,S Asia
8497.0,Kannur,India,1602872.64541,754.0,0.0630290228488092,0.0036966093569147,0.061929199265345,0.0686954844761978,0.0043528404144691,0.0679204392823562,3.674234988699071,2.7908448591783888,100.0,5033,1277,3459,Asia,S Asia
8319.0,Mangaluru,India,1574536.59142,764.0,0.0824923583908104,0.004734597037409,0.0823497532771277,0.0768267941858152,0.0045911919450173,0.0765105056659774,4.713489165593933,4.0346403888685,100.0,6841,3080,6189,Asia,S Asia
8224.0,Bareilly,India,1761174.35043,294.0,0.0402755828483663,0.0024949753786091,0.0402755828483663,0.0291014295186208,0.0020495288605502,0.0291014295186208,4.648887094072943,3.0045987813825605,100.0,4130,845,4130,Asia,S Asia
7617.0,Pune,India,7292984.88056,1558.0,0.0778983742579184,0.0043869043617376,0.0778983742579184,0.0640424608974968,0.0038656366983114,0.0640424608974968,6.38317370778094,5.862968251375949,100.0,7203,2994,7203,Asia,S Asia
5991.0,Ahmedabad,India,7293273.58904,1133.0,0.0435187304259436,0.0025837839035164,0.0435187304259436,0.02786348655075,0.0018217914677081,0.02786348655075,6.338850916190074,4.733445769381157,100.0,39522,18219,39522,Asia,S Asia
10533.0,Imphal,India,1102315.38416,609.0,0.0537388539071024,0.0030153711839319,0.0537388539071024,0.0412886470101039,0.0024343714016837,0.0412886470101039,4.372483563609337,3.760042831445606,100.0,22785,9217,22785,Asia,S Asia
10496.0,Guwahati,India,1380917.20556,521.0,0.0813044732063422,0.0046127723307185,0.0813044732063422,0.0745298441045551,0.0046685353824475,0.0745298441045551,6.233636248932802,3.325430866856648,100.0,13894,3591,13894,Asia,S Asia
10453.0,Kolkata,India,1506343.54911,651.0,0.0524229557704132,0.0030154111590304,0.0524172567284721,0.0460714663790044,0.0028563026839768,0.0460347508373449,3.369386409578293,2.6395684680712628,100.0,9155,2805,9153,Asia,S Asia
10441.0,Tamluk,India,2162558.01764,900.0,0.0604613005494401,0.0035810603807378,0.0604499818874589,0.0545104071712605,0.0036210633565301,0.0545222418186913,2.747025966115606,2.589646924907623,100.0,41984,15122,41418,Asia,S Asia
10313.0,Asansol,India,3483728.87913,818.0,0.0657552102793362,0.0036906173891911,0.0657552102793362,0.0555684709933232,0.0031007941315077,0.0555684709933232,3.563158756179877,2.657591031929936,100.0,5363,398,5363,Asia,S Asia
10065.0,Gaya,India,1042313.2792,188.0,0.0584338254607329,0.0033011745392671,0.0584338254607329,0.0462485072974539,0.0027980506439691,0.0462485072974539,4.300810352137314,3.712566288149475,100.0,1691,352,1691,Asia,S Asia
10017.0,Patna,India,3062410.20069,316.0,0.0619390234527327,0.0036696016529373,0.0619390234527327,0.044408396303933,0.003051093539733,0.044408396303933,6.387817149964874,3.935476177252504,100.0,16151,6155,16151,Asia,S Asia
10007.0,Muzaffarpur,India,1953556.40139,621.0,0.0538402898939975,0.0031618565243215,0.0538402898939975,0.0450272210218195,0.0029453372620343,0.0450272210218195,3.1686830982406278,2.70664531685152,100.0,42877,15185,42877,Asia,S Asia
9850.0,Chennai,India,10577189.2451,2070.0,0.0664447435389341,0.0038230505414798,0.0664603496858361,0.0490116274092468,0.0031051417486745,0.0489667695936977,5.910233213059812,6.660047957696055,100.0,35511,18521,35199,Asia,S Asia
9794.0,Vijayawada,India,1551704.54805,314.0,0.0726296205196128,0.0043738979210786,0.0726296205196128,0.0580012807574155,0.0040474571224141,0.0580012807574155,6.401256580787966,4.507848839552425,100.0,18285,4950,18285,Asia,S Asia
9570.0,Vellore,India,1342765.62158,497.0,0.0649901623612161,0.0038715578581165,0.0649901623612161,0.0556067191778696,0.0038409005882172,0.0556067191778696,3.900032552745808,3.22893519150056,100.0,8540,2208,8540,Asia,S Asia
9368.0,Salem,India,1831357.09964,518.0,0.04,0.002,0.04,0.0390484456004611,0.0019524223013069,0.0390484456004611,3.766119225418053,2.5783881346384683,100.0,34,12,34,Asia,S Asia
9099.0,Bengaluru,India,11934852.4749,2054.0,0.058096350851169,0.0031559909585364,0.058096350851169,0.0507849495331366,0.0028669724179086,0.0507849495331366,6.317269194629992,3.869834289879378,100.0,2818,762,2818,Asia,S Asia
9282.0,Prayagraj,India,3244738.0578,349.0,0.0912971553401268,0.0049911802045342,0.0912971553401268,0.082028047127,0.0049177929863331,0.082028047127,5.348463967085706,3.837129552480136,100.0,10137,793,10137,Asia,S Asia
10142.0,Visakhapatnam,India,1889151.91118,443.0,0.0412109023449213,0.0020862841555002,0.0413268484488776,0.0185121165922573,0.0011108748915315,0.0218936472077042,7.083917316561439,8.736300699203776,100.0,949,121,866,Asia,S Asia
7108.0,Silvassa,India,1139259.60881,374.0,0.0810925424674998,0.0045392189677896,0.0810925424674998,0.0785316154987969,0.0045312456260135,0.0785316154987969,4.550279992457851,3.47092946316438,100.0,3358,1195,3358,Asia,S Asia
3270.0,Peshawar,Pakistan,5789130.04626,2013.0,0.0487586100903018,0.0487586100903018,0.0487586100903018,0.0328489753903903,0.0328489753903903,0.0328489753903903,3.792112707226489,3.3880012441787675,9.692791314124191,38933,10909,38933,Asia,S Asia
6458.0,Lahore,Pakistan,11786290.5854,3154.0,0.0455148849724536,0.0455148849724536,0.0455148849724536,0.0327111255257233,0.0327111255257233,0.0327111255257233,5.420560988488802,3.685608800443352,7.128381586988291,139793,37281,139793,Asia,S Asia
6422.0,Gujranwala,Pakistan,3182474.90245,808.0,0.0399987641125517,0.0399987641125517,0.0399987641125517,0.0344917708213409,0.0344917708213409,0.0344917708213409,4.645966349618124,3.249353134631855,6.8049698,746,183,746,Asia,S Asia
5572.0,Abbottabad,Pakistan,1712393.76876,401.0,0.0371671676300578,0.0371671676300578,0.0371671676300578,0.0302821029159195,0.0302821029159195,0.0302821029159195,4.618249498390287,3.686302240925885,9.9723997,340,95,340,Asia,S Asia
6476.0,Sialkot,Pakistan,2804575.29863,1129.0,0.0324437485942902,0.0323415672725337,0.0324437485942902,0.020646183759361,0.0206178303418459,0.020646183759361,3.901693228514137,3.1974008821470457,8.127900631331014,62115,15778,62115,Asia,S Asia
6153.0,Faisalabad,Pakistan,4979823.29122,1644.0,0.0288631327504495,0.0288631327504495,0.0288631327504495,0.0187289536554036,0.0187289536554036,0.0187289536554036,4.367573357835701,2.8755921800300297,6.8049698,31286,5415,31286,Asia,S Asia
5621.0,Rawalpindi [Islamabad],Pakistan,4137957.27677,1152.0,0.0587082313562916,0.0587082313562916,0.0587082313562916,0.0522039889274948,0.0522039889274948,0.0522039889274948,5.644419704852878,5.641646301587807,6.626196221547414,2470,711,2470,Asia,S Asia
4692.0,Hyderabad,Pakistan,2054115.88953,314.0,0.0759158734526268,0.0759158734526268,0.0759158734526268,0.0679842261933454,0.0679842261933454,0.0679842261933454,5.171171819590849,4.624365320009969,6.7000799,26028,12167,26028,Asia,S Asia
4371.0,Mardan,Pakistan,1327263.4842,511.0,0.0405302235031507,0.0405302235031507,0.0405302235031507,0.0291458562133099,0.0291458562133099,0.0291458562133099,3.8660890770138314,4.307939549385034,9.9723997,3026,1015,3026,Asia,S Asia
4238.0,Swat City,Pakistan,1114628.63519,217.0,0.0368580146585468,0.0368580146585468,0.0368580146585468,0.0261771200811084,0.0261771200811084,0.0261771200811084,5.151813456573255,3.1827348284287886,9.9723997,3194,275,3194,Asia,S Asia
5717.0,Multan,Pakistan,2925388.02468,1120.0,0.0561238827413723,0.0561238827413723,0.0561238827413723,0.0470222684722285,0.0470222684722285,0.0470222684722285,3.6963188751624334,3.712563728154647,6.8049698,84556,47141,84556,Asia,S Asia
2034.0,Karachi,Pakistan,13417664.3617,1348.0,0.0603263487965955,0.0588065017800016,0.0588065017800016,0.0387297621950437,0.0360337209863465,0.0360337209863465,7.064172833660562,6.802310094588291,6.699788243072951,10104,3763,9094,Asia,S Asia
10452.0,Kolkata,India,23129019.5711,4586.0,0.0615865452790878,0.0036153682038045,0.061597592533453,0.0552646505599514,0.0034567085854088,0.0552381265542102,4.767767965337426,3.38030717519406,100.0,109489,43111,108994,Asia,S Asia
7466.0,Delhi [New Delhi],India,30076707.7518,5569.0,0.0497037422217771,0.0029762139468412,0.0497037422217771,0.0307310089131609,0.0020106224480248,0.0307310089131609,6.51322134956117,5.938194294908026,100.0,152848,68471,152848,Asia,S Asia
8900.0,Kochi,India,4079939.19612,2029.0,0.0678617973570966,0.0038849030672201,0.069456820301826,0.0642029770712794,0.0039026714567058,0.0657849536863937,4.392775112750458,3.302863924670631,100.0,27167,12607,23723,Asia,S Asia
8848.0,Lucknow,India,5244876.15644,1203.0,0.0798166344940908,0.0042996559480285,0.0798166344940908,0.0651124036211566,0.0036196944498104,0.0651124036211566,5.060100843536569,5.279819236864308,100.0,10876,5184,10876,Asia,S Asia
8674.0,Guruvayur,India,2981880.87738,1571.0,0.0768626075573639,0.0043017109263105,0.0772602194545008,0.0769877491241849,0.0046663616707916,0.0776596638758456,2.8149937348795864,2.5720590393282774,100.0,13145,4481,12762,Asia,S Asia
7881.0,Kolhapur,India,1055484.07049,279.0,0.067428860334138,0.0039328172572255,0.067428860334138,0.0634133147736694,0.0041580635028699,0.0634133147736694,4.671149508406787,2.80691492401312,100.0,4767,467,4767,Asia,S Asia
7320.0,Jaipur,India,4070557.21288,799.0,0.04,0.002,0.04,0.0336225524703868,0.0016811276378839,0.0336225524703868,5.726031366646855,3.418511451676029,100.0,116,28,116,Asia,S Asia
10432.0,Berhampore,India,1585052.49181,427.0,0.0665665377310039,0.0041398865458209,0.0665665377310039,0.0655229575401798,0.0047446261496827,0.0655229575401798,3.145647130753243,2.592761758489928,100.0,16976,4309,16976,Asia,S Asia
9266.0,Erode,India,1582499.26559,579.0,0.0811272456309901,0.0045048064675597,0.0811272456309901,0.0733478958423681,0.0043198672694944,0.0733478958423681,3.8715138372131928,3.2973076589638377,100.0,1769,386,1769,Asia,S Asia
9165.0,Tiruppur,India,1537199.41356,569.0,0.0528423144020159,0.0030963341354677,0.0528423144020159,0.0342590484615223,0.0021323427263895,0.0342590484615223,4.331359428045918,5.860965606105838,100.0,831,573,831,Asia,S Asia
9157.0,Thiruvananthapuram,India,2850517.81741,1078.0,0.063394859219164,0.0033775526163551,0.0634359733059978,0.073312290762193,0.0040666180870708,0.0734846047867261,4.401458454722791,2.9609819158764985,100.0,2100,975,2083,Asia,S Asia
9544.0,Tiruchirappalli,India,1389313.67341,404.0,0.0600842588424886,0.0034536056001231,0.0600842588424886,0.0500443070328138,0.0031158039396324,0.0500443070328138,4.533104382385269,3.789825103603138,100.0,13409,3964,13409,Asia,S Asia
9500.0,Gorakhpur,India,2186425.92782,506.0,0.0706027572128016,0.0040338382648165,0.0706027572128016,0.058577595850822,0.0038735143225332,0.058577595850822,4.282301433921612,3.3349706540828112,100.0,28965,7635,28965,Asia,S Asia
9444.0,Madurai,India,2033424.92204,388.0,0.0512047322937976,0.0031139741708929,0.0512047322937976,0.034160840080391,0.0022962637122856,0.034160840080391,5.0948485379685655,5.543892531896445,100.0,7133,3371,7133,Asia,S Asia
9258.0,Sultanpur,India,1243185.48615,103.0,0.083585247339446,0.0046182787910111,0.083585247339446,0.080596333343398,0.0046377120301349,0.080596333343398,3.4878609148939903,3.5106221532719624,100.0,1551,776,1551,Asia,S Asia
9195.0,Faizabad,India,1955325.89147,395.0,0.0733517966847208,0.0041902262299244,0.0733517966847208,0.0635447943665746,0.0043369703731991,0.0635447943665746,3.65386519338306,2.6616327357859024,100.0,21672,2204,21672,Asia,S Asia
9129.0,Gonda,India,1074099.87561,66.0,0.031511731802689,0.0020552150638813,0.031511731802689,0.0222122037613543,0.0015676873679584,0.0222122037613543,3.974069482863622,2.753400512378445,100.0,214,41,214,Asia,S Asia
9069.0,Coimbatore,India,2672462.04182,1076.0,0.0436919938560084,0.0023710225824373,0.0436919938560084,0.0401400113910424,0.0023406549119648,0.0401400113910424,4.666028351253412,3.485755469488061,100.0,602,138,602,Asia,S Asia
9013.0,Ettumanoor,India,1314887.25839,699.0,0.0545575838049493,0.0031575513001175,0.0545575838049493,0.0529273308049089,0.0031544875830187,0.0529273308049089,3.982201533300756,3.148290256449416,100.0,15831,7845,15831,Asia,S Asia
9007.0,Jabalpur,India,1706855.62296,362.0,0.0754475424881211,0.0040400378476476,0.0754475424881211,0.0605132534934758,0.0034094972069523,0.0605132534934758,5.073814763809711,3.428401459396667,100.0,776,162,776,Asia,S Asia
8952.0,Nagpur,India,3187285.47374,835.0,0.0565032128621789,0.0032527039735914,0.0565032128621789,0.0611904231133942,0.0036567997248964,0.0611904231133942,5.71225249391184,2.91923831668434,100.0,1264,220,1264,Asia,S Asia
8896.0,Mysuru,India,1460486.32509,377.0,0.0642125004150204,0.0037192071449915,0.0642125004150204,0.061955064762659,0.0037377456248325,0.061955064762659,5.1945803974702365,2.887135310876009,100.0,139,40,139,Asia,S Asia
8673.0,Kozhikode,India,2598494.42344,993.0,0.084748472773625,0.004598151800593,0.0847688191547039,0.0849940934892199,0.004670956277941,0.0850048065296943,3.479552174372411,2.823374833794074,100.0,5469,1769,5453,Asia,S Asia
8595.0,Thalassery,India,1480750.51278,610.0,0.0645509253080937,0.0040213499006215,0.0645752990847061,0.0712220043491733,0.0042657884253562,0.0712220043491733,2.882912371285673,2.7419793188417416,100.0,1265,247,1264,Asia,S Asia
8587.0,Hardoi,India,1195723.57036,52.0,,,,,,,4.686477677726451,,100.0,0,0,0,Asia,S Asia
8433.0,Shahjahanpur,India,1044912.3782,218.0,0.0412957573452471,0.0024202838894449,0.0412957573452471,0.0290103146820569,0.0018540117035167,0.0290103146820569,3.8343215800437513,3.148607013053424,100.0,9075,1456,9075,Asia,S Asia
8419.0,Farrukhabad,India,1028592.72311,76.0,0.0595001035075257,0.0034586489810928,0.0595001035075257,0.0462988678532165,0.0031691944302102,0.0462988678532165,4.43066313691399,2.545080161952189,100.0,2579,424,2579,Asia,S Asia
8341.0,Solapur,India,1145587.29718,280.0,0.0527213498970434,0.0031559894518046,0.0527213498970434,0.0596194309176207,0.0041313268136428,0.0596194309176207,4.867502078088416,2.8540556020981684,100.0,428,61,428,Asia,S Asia
8258.0,Bhopal,India,2239295.72971,500.0,0.04,0.002,0.04,0.0300420666368605,0.0015021033395012,0.0300420666368605,5.431341745679743,4.0651702559242215,100.0,1691,146,1691,Asia,S Asia
8144.0,Gwalior,India,1602739.6697,232.0,0.04,0.002,0.04,0.0396268933181283,0.0019813446687668,0.0396268933181283,5.9523040978312585,2.5237624645233154,100.0,17,2,17,Asia,S Asia
9562.0,Varanasi,India,5147432.43676,1417.0,0.0746485455686029,0.0042082454836158,0.0746485455686029,0.0589209716178384,0.0037912910217408,0.0589209716178384,3.5466405886688306,3.553828287375356,100.0,19413,3792,19413,Asia,S Asia
9564.0,Durg,India,1235052.61635,331.0,0.0594753781910275,0.0035720222829179,0.0594753781910275,0.0643817188100123,0.0041417285694225,0.0643817188100123,5.673648512116603,2.8549291866674857,100.0,4505,751,4505,Asia,S Asia
9620.0,Raipur,India,1590781.07184,504.0,0.0532398577957828,0.0031601168412087,0.0532398577957828,0.0515469126916578,0.0032699811352377,0.0515469126916578,5.142798676556669,2.833379806548445,100.0,4624,1765,4624,Asia,S Asia
9710.0,Bilaspur,India,1010597.50678,299.0,0.0669613644057184,0.003816101260295,0.0669613644057184,0.0514176769913892,0.0031548045377294,0.0514176769913892,4.3761999467934825,4.695772311272245,100.0,2346,956,2346,Asia,S Asia
9045.0,Hyderabad,India,8859344.66366,1904.0,0.0410877475816027,0.0022576997410622,0.0410877475816027,0.0404390577755986,0.0023441832661999,0.0404390577755986,6.273559904079765,5.31093680198782,100.0,4652,813,4652,Asia,S Asia
8686.0,Lakhimpur,India,1001347.21231,55.0,0.0294164204305614,0.0017285774588433,0.0294164204305614,0.0169091956826421,0.0009258253301441294,0.0169091956826421,4.555985879919406,5.23496137810992,100.0,14,4,14,Asia,S Asia
8675.0,Malappuram,India,1166411.94332,611.0,0.0867342908897499,0.0046442402539747,0.0867342908897499,0.0863917296433592,0.004773333335789,0.0863917296433592,2.822215741874227,2.8759610841129497,100.0,4774,2230,4774,Asia,S Asia
7996.0,Sangli,India,1027678.6373,225.0,0.0691064602850962,0.0040874813582557,0.0691064602850962,0.0654899442431312,0.0042622182988911,0.0654899442431312,4.719694770463105,3.2246944796695427,100.0,5995,1667,5995,Asia,S Asia
5291.0,Isfahan,Iran,2515160.31491,1031.0,0.0371568311650903,0.0198315624875747,0.0371568311650903,0.023159441737455,0.0125587463753316,0.023159441737455,5.970105210148563,5.437296901402543,16.7602005,24078,12040,24078,Asia,SW Asia
7957.0,Agra,India,2737028.21967,535.0,0.0714945961769045,0.0039877435707253,0.0714945961769045,0.0615818762966608,0.0037008587508726,0.0615818762966608,5.829822277947222,3.9696634001094537,100.0,5960,1185,5960,Asia,S Asia
7933.0,Moradabad,India,1842998.23819,420.0,0.0398590983599532,0.0023627571500153,0.0398590983599532,0.0246083149141139,0.0015532148161029,0.0246083149141139,4.788568139012238,4.9469589222748525,100.0,15271,3172,15271,Asia,S Asia
7839.0,Indore,India,3288988.09682,809.0,0.04,0.002,0.04,0.0313495753394001,0.0015674787713961,0.0313495753394001,4.9522148882254085,3.575853463370878,100.0,465,73,465,Asia,S Asia
7643.0,Meerut,India,2422104.31333,577.0,0.0288153025106394,0.0016657685800028,0.0288153025106394,0.0174864395093432,0.0010893339771338,0.0174864395093432,4.853489088839343,4.026030146025924,100.0,12252,3377,12252,Asia,S Asia
7601.0,Kota,India,1147922.81901,287.0,0.0534876603495676,0.0029764343881528,0.0534876603495676,0.0440697764483885,0.0026283630439634,0.0440697764483885,5.297553650578409,3.081005771724173,100.0,2334,710,2334,Asia,S Asia
7631.0,Haridwar,India,1056634.65482,361.0,0.0607617492869189,0.003531037798963,0.0607617492869189,0.0529356305421717,0.0032042488158299,0.0529356305421717,4.9952700719851855,3.3236624097502734,100.0,3531,624,3531,Asia,S Asia
6611.0,Surat,India,5704834.34959,680.0,0.0784777544652481,0.0044619288564907,0.0765697184156931,0.0663564994209014,0.0039234437809372,0.0612636536099747,6.780633382343772,5.03507570639476,100.0,14355,5433,8924,Asia,S Asia
5324.0,Jodhpur,India,1553529.95837,408.0,0.0382286851256226,0.0022606441463538,0.0382286851256226,0.0360303759779583,0.002235032380394,0.0360303759779583,5.073941139139983,2.694072661440644,100.0,1663,890,1663,Asia,S Asia
10354.0,Bhubaneshwar,India,1156974.19317,301.0,0.0488864949156545,0.0032662902534893,0.0488864949156545,0.038069362135631,0.0030915284479149,0.038069362135631,5.444815152790178,3.1599503500525383,100.0,8571,3152,8571,Asia,S Asia
10285.0,Jamshedpur,India,1807392.36897,265.0,0.0838398198519726,0.0046578579693625,0.0838398198519726,0.0720239569510626,0.0043898125663137,0.0720239569510626,6.931548193128672,5.028199585626723,100.0,2077,684,2077,Asia,S Asia
10243.0,Dhanbad,India,2233108.22438,755.0,0.0829218182542212,0.004444444629993,0.0829218182542212,0.0704558358070508,0.0038204146189783,0.0704558358070508,3.4712082503335813,2.8388954989721524,100.0,1539,186,1539,Asia,S Asia
10168.0,Ranchi,India,1789434.17829,459.0,0.0446461787501226,0.0023609155793191,0.0446461787501226,0.0314120559608868,0.0016372731694611,0.0314120559608868,4.443240809936053,4.432158618021091,100.0,169,24,169,Asia,S Asia
10152.0,Begusarai,India,1150857.22396,249.0,0.0603049932956983,0.003877344615441,0.0603049932956983,0.0486699920140833,0.0038810603386228,0.0486699920140833,3.823849023620719,3.149417916370808,100.0,17972,6986,17972,Asia,S Asia
9834.0,Puducherry,India,1008954.18832,274.0,0.0623786189105298,0.00372601778166,0.06229866486757,0.0584669297541771,0.0038122738125205,0.0583650967940809,4.759506137189782,3.851544021089659,100.0,7430,2783,7401,Asia,S Asia
9782.0,Kuchai Kot,India,1628994.82655,823.0,0.0535128071932425,0.0032459920938877,0.0535128071932425,0.0413042957257592,0.0030211911416295,0.0413042957257592,2.578516253224989,2.516242513651892,100.0,36359,6300,36359,Asia,S Asia
6781.0,Chandigarh,India,2513988.31837,769.0,0.0435752017867839,0.0026224011310593,0.0435752017867839,0.0371940258064935,0.0024176920449013,0.0371940258064935,5.301687881320521,2.851557619920466,100.0,1207,144,1207,Asia,S Asia
4845.0,Qom,Iran,1062501.83935,260.0,0.0370456589218402,0.0198482538499965,0.0370456589218402,0.0153233034389065,0.0083692973835358,0.0153233034389065,6.306443215142788,7.298893462762189,19.7551003,6394,4263,6394,Asia,SW Asia
1749.0,Rajshahi,Bangladesh,1081657.57633,448.0,0.0586930036027483,0.0075789222989512,0.0586930036027483,0.049583835250156,0.0078180793086424,0.049583835250156,3.2743713970121227,2.6862193729725554,50.0,27338,10300,27338,Asia,S Asia
4397.0,Ahwaz,Iran,1391063.8088,588.0,0.0720945587840589,0.0380505765867711,0.0720945587840589,0.0492228791234341,0.0269591390538852,0.0492228791234341,5.985038967056518,5.67980490204933,18.5289993,63035,22703,63035,Asia,SW Asia
9525.0,Huai'an,China,1577760.99373,868.0,0.0471817757791526,0.0108390496110201,0.0471817757791526,0.038181327380923,0.0095714717184139,0.038181327380923,5.430120378526439,3.266602786384692,20.0,24058,12447,24058,Asia,E Asia
9511.0,Haikou,China,1920718.47452,701.0,0.0799950023405798,0.0176272812372046,0.0787024230223089,0.0643655959697014,0.0156241301513881,0.0677036831123279,7.479017767149973,7.656575876635544,20.0,11609,7158,9179,Asia,E Asia
9329.0,Huangdao,China,1072374.95234,753.0,0.043661002884402,0.0084567811197194,0.0414890486500023,0.0259827846758114,0.0072260106931022,0.0337281420614362,6.7589886777938135,5.8889865721005314,20.0,2063,1249,1106,Asia,E Asia
9307.0,Bengbu,China,1195820.09161,795.0,0.0803909026251561,0.0172387288480999,0.0803909026251561,0.0691783799864746,0.0155984507954675,0.0691783799864746,5.520218258532921,4.459917081012422,20.0,60021,25568,60021,Asia,E Asia
9263.0,Huangshi,China,1403773.44255,1089.0,0.0943319327794395,0.0049635004179665,0.0943319327794395,0.0866027059293783,0.0048028783592292,0.0866027059293783,5.320774217845696,5.169202040563956,100.0,49858,21375,49858,Asia,E Asia
9208.0,Yantai,China,2046203.97884,1522.0,0.0607488142414798,0.0135979382958571,0.0607290728519473,0.0392487794147744,0.00937168027217,0.0387756105236866,6.192728511526327,7.6258977414125315,20.0,9196,4757,9011,Asia,E Asia
9186.0,Zhuzhou,China,1182940.3466,521.0,0.0891288779299361,0.0189209874853391,0.0891288779299361,0.0771439632943905,0.0175335513018128,0.0771439632943905,6.795966658803748,5.164499052480964,20.0,3497,1398,3497,Asia,E Asia
9008.0,Xuzhou,China,2483179.90076,1607.0,0.0401973469204859,0.0081389332315399,0.0401973469204859,0.0362590843013885,0.0074266097060903,0.0362590843013885,5.311497041446574,3.131063055987049,20.0,5959,2034,5959,Asia,E Asia
8993.0,Huaibei,China,1220714.56369,607.0,0.0484265998768038,0.0106654888457797,0.0484265998768038,0.0344701138776835,0.0079297161367886,0.0344701138776835,4.894327628411114,4.319826763544806,20.0,34819,16109,34819,Asia,E Asia
8963.0,Fuyang,China,1100943.66786,783.0,0.0568134275257303,0.0125469554503279,0.0568134275257303,0.0407065563386398,0.0095105071212818,0.0407065563386398,5.260924949079159,5.231117584479138,20.0,76515,48378,76515,Asia,E Asia
8935.0,Weifang,China,1768060.18832,1230.0,0.0454932262794984,0.0102126336145642,0.0454932262794984,0.024245784683834,0.005784876502525,0.024245784683834,6.092423307855842,6.3728505031898255,20.0,15872,7230,15872,Asia,E Asia
8630.0,Shenyang,China,6219708.34811,2024.0,0.0467898770468426,0.0107352507026437,0.0467898770468426,0.0293232495545098,0.0072168984018548,0.0293232495545098,8.552011342669527,5.075621055102795,20.0,59505,22355,59505,Asia,E Asia
8620.0,Shangqiu,China,1136814.74397,1005.0,0.0311043560567128,0.0069645711924157,0.0311043560567128,0.0219895075758122,0.005191076320035,0.0219895075758122,4.831543059035292,2.902596292869371,20.0,11266,3036,11266,Asia,E Asia
8510.0,Changchun,China,3868822.1543,1847.0,0.0410206202194658,0.0088090718382079,0.0410206202194658,0.0347367450764905,0.0076064433310216,0.0347367450764905,7.381530992847705,7.119110287280327,20.0,15971,4334,15971,Asia,E Asia
8396.0,Jinzhou,China,1171199.29514,575.0,0.0587114476583857,0.0132121871332389,0.0587114476583857,0.0467642914620465,0.0112209642936622,0.0467642914620465,5.915820565343699,4.211824105008378,20.0,11947,4309,11947,Asia,E Asia
8372.0,Qinhuangdao,China,1044685.58494,443.0,0.0563924354481106,0.0125304035250463,0.0563963890934583,0.0338547765947387,0.0079693693795367,0.0338624783987029,7.887520420722608,6.503246982553813,20.0,2263,1574,2254,Asia,E Asia
8043.0,Handan,China,1698252.07214,856.0,0.0323196286608818,0.0071835110737222,0.0323196286608818,0.0176161977383852,0.0041088490399551,0.0176161977383852,6.95651876635526,5.344489996079549,20.0,12367,6450,12367,Asia,E Asia
8039.0,Jiaozuo,China,1414484.64244,843.0,0.0387974171070313,0.0088292839660128,0.0387974171070313,0.0301164511236621,0.0071719897500886,0.0301164511236621,5.913250507736426,3.328859583185808,20.0,11197,5031,11197,Asia,E Asia
7962.0,Luoyang,China,2359897.52587,1115.0,0.0605421147088495,0.0134337899630377,0.0605421147088495,0.048423004992969,0.0114168314365232,0.048423004992969,6.921585066689895,4.883443504336303,20.0,9656,3104,9656,Asia,E Asia
9629.0,Nanchang,China,3904839.5276,1916.0,0.0747138788760568,0.017474992539997,0.0747138788760568,0.0649752140436983,0.0162698636852701,0.0649752140436983,6.709314240502345,4.8725100326889,20.0,76199,26990,76199,Asia,E Asia
7884.0,Zunyi,China,1079361.07326,511.0,0.0745186599372823,0.0151073792072362,0.0745186599372823,0.0729776211026272,0.014750674056753,0.0729776211026272,6.891919954581049,3.463487365448214,20.0,848,287,848,Asia,E Asia
9701.0,Nanjing,China,6914261.04841,2419.0,0.0865709664666987,0.0187058402545774,0.0865709664666987,0.074479813626303,0.016910922592368,0.074479813626303,6.8340749599156325,6.117493924104068,20.0,133434,77298,133434,Asia,E Asia
9793.0,Ganzhou,China,1008165.43118,608.0,0.0884692354155837,0.0185578014159496,0.0884692354155837,0.0724882449338421,0.0163333659679652,0.0724882449338421,6.125092385725248,4.534736500264852,20.0,5650,1611,5650,Asia,E Asia
10118.0,Jiaxing,China,2487378.09412,1515.0,0.0668323361357582,0.0161711944042917,0.0668323361357582,0.0529738320930602,0.0142055006093657,0.0529738320930602,6.106968783478056,5.66237965935022,27.062544585785588,158374,111930,158374,Asia,E Asia
9987.0,Nantong,China,2162493.14599,1483.0,0.0848045886027699,0.0184220218430113,0.084749561271649,0.0741388080505707,0.0167889295703651,0.0742676604341441,5.853454155036835,5.838558514738513,20.0,169321,155872,166831,Asia,E Asia
9871.0,Zhuhai,China,1688793.54966,815.0,0.0933942500636766,0.0097283585495645,0.0933761814277002,0.0686214200902348,0.0077572681543897,0.0676704073628683,9.932790823548569,9.9683751481652,50.0,27968,19701,25475,Asia,E Asia
9769.0,Yangzhou,China,1638366.16072,958.0,0.0873349186045753,0.0190129946910139,0.087333263980752,0.075864725444512,0.0171674871343826,0.075863138903711,5.736017489698887,5.821442027471136,20.0,83312,61297,83294,Asia,E Asia
9725.0,Guangzhou,China,8742535.91611,1573.0,0.0606864752100546,0.0063800049709889,0.0608041242820052,0.0523667223830954,0.0058724279132154,0.0524815027339527,12.785650358481478,7.645809848557377,50.13617243242323,4394,2029,4349,Asia,E Asia
9718.0,Guangzhou,China,6730966.44804,2458.0,0.08455607872923,0.00926477231754,0.0839504112589166,0.0625227908717723,0.0073300940168677,0.0618231276240754,8.944951757853115,7.9236330126490575,50.0,125409,80067,117493,Asia,E Asia
9471.0,Maoming,China,1031334.50673,545.0,0.0536771404071961,0.006043799641268,0.0536771404071961,0.0447333127617707,0.0054042155345225,0.0447333127617707,4.603363401701346,2.8852511763557107,50.0,6057,2670,6057,Asia,E Asia
9309.0,Qingdao,China,4856058.04225,2542.0,0.0610533745312717,0.0134894037867321,0.0602409610134455,0.0520658028191251,0.0122968354432443,0.0509583629793481,7.294347356916204,4.383940975860109,20.0,27940,12641,26280,Asia,E Asia
9261.0,Tianjia‘an,China,1591003.12042,895.0,0.0821978941329787,0.0175339172472368,0.0821978941329787,0.0660301833545243,0.0149163457993419,0.0660301833545243,5.635747877554201,4.711176909386303,20.0,42173,13114,42173,Asia,E Asia
9062.0,Linyi,China,2405441.97621,1815.0,0.0569328953430616,0.0127156105046741,0.0569328953430616,0.0350757941572465,0.008495897478047,0.0350757941572465,6.754613864525336,4.366366285502337,20.0,14160,3351,14160,Asia,E Asia
8909.0,Shaoyang,China,1000825.59384,567.0,0.0876815561822034,0.0185347634770644,0.0876815561822034,0.0826613964892551,0.0181384457433556,0.0826613964892551,4.947334552750995,5.044756068225628,20.0,5473,3009,5473,Asia,E Asia
8753.0,Anshan,China,1846134.212,759.0,0.0345201622474382,0.007811259624848,0.0345201622474382,0.0227806166211516,0.005279640296662,0.0227806166211516,7.446437812084934,4.264889618172127,20.0,1177,432,1177,Asia,E Asia
8159.0,Tangshan,China,2358087.33009,1676.0,0.0340894234039207,0.0075148104847112,0.0340894234039207,0.020253531672215,0.0046350930644435,0.020253531672215,6.074836864807991,4.933767903941356,20.0,50952,14023,50952,Asia,E Asia
10282.0,Ningbo,China,3737732.22752,1653.0,0.0479797042965499,0.0111728996982747,0.0479152045790429,0.027594278221819,0.0068162089064897,0.0275024625681797,7.246302487480113,7.080727856881031,20.0,77886,59895,77682,Asia,E Asia
9969.0,Zhangjiagang,China,1509729.02985,717.0,0.0784482219179818,0.0174452252445247,0.078319219925348,0.0531753479729349,0.0124758637608201,0.0530199174487121,8.21044566027077,7.903950447515045,20.0,72024,63515,70999,Asia,E Asia
9947.0,Huizhou,China,2079954.49011,974.0,0.0815806953848474,0.0093467545784831,0.0815806953848474,0.0705147746152857,0.0086316500027366,0.0705147746152857,6.865386468923072,5.860097901455919,50.0,30371,14211,30371,Asia,E Asia
9939.0,Jiangyin,China,1258760.89789,735.0,0.0840955344536491,0.017813607651277,0.084007638972216,0.06813956319276,0.0149514865760411,0.0687390448695297,6.887014862779129,6.681372674706732,20.0,78198,69644,75149,Asia,E Asia
9917.0,Changzhou,China,3486423.01188,1506.0,0.0697835465204655,0.0155101295107748,0.0694840114471391,0.0442545054279133,0.0106226276101579,0.0439876159445914,7.445388681450061,7.44823590491194,20.0,166960,137554,164981,Asia,E Asia
9831.0,Taizhou,China,1131587.12987,867.0,0.0713787081703307,0.0162718055364634,0.0713787081703307,0.057090709169919,0.0139588193613615,0.057090709169919,5.60224962916107,5.284204785237907,20.0,100582,71486,100582,Asia,E Asia
9741.0,花都区,China,1053269.07339,542.0,0.0823514179096428,0.0092310194360951,0.0823514179096428,0.0629064152916696,0.007614925583881,0.0629064152916696,7.675517511140293,7.293121372879707,50.0,9200,6587,9200,Asia,E Asia
7076.0,Kunming,China,3554514.06121,1384.0,0.0344139930558014,0.0075797876670738,0.0344139930558014,0.0166305241738591,0.0037264551211024,0.0166305241738591,9.503218953152226,14.53910902350288,20.0,11256,2967,11256,Asia,E Asia
5963.0,Mianyang,China,1129793.16307,649.0,0.0730173935848196,0.0159449199450443,0.0730173935848196,0.0554586106935019,0.0128301578236019,0.0554586106935019,5.349884074300437,6.542180920058234,20.0,5792,2937,5792,Asia,E Asia
3828.0,Lanzhou,China,2585524.21751,871.0,0.0791226833624446,0.0170028311657663,0.0791226833624446,0.0458088636482856,0.0103874092604579,0.0458088636482856,10.98438261336218,10.752224624729813,20.0,3898,2705,3898,Asia,E Asia
8448.0,Luohe,China,1188290.35848,852.0,0.0462148796071813,0.0102856646398086,0.0462148796071813,0.0270098440188434,0.0064651404519172,0.0270098440188434,5.119853115938176,5.291758858458812,20.0,71407,22480,71407,Asia,E Asia
8366.0,Yichang,China,1019239.06764,639.0,0.0940778447396766,0.0048441856400576,0.0940778447396766,0.0833695374684543,0.0046227117522661,0.0833695374684543,6.606780504082528,4.9762005611985085,100.0,6822,1944,6822,Asia,E Asia
8356.0,Xuchang,China,1021674.00303,657.0,0.0350813687582896,0.0079530383955074,0.0350813687582896,0.023800717801356,0.0056981582398496,0.023800717801356,5.680962525086641,3.80429562230411,20.0,14634,3446,14634,Asia,E Asia
8334.0,Fancheng,China,1401398.91231,930.0,0.0715248591372511,0.0040839254924423,0.0715248591372511,0.045734376068228,0.0028088259054603,0.045734376068228,5.684886517666625,6.475058582180199,100.0,20395,5771,20395,Asia,E Asia
8332.0,Harbin,China,4590552.64352,1548.0,0.0743686110437146,0.0162225669793762,0.0743686110437146,0.055957425892012,0.0131449546269017,0.055957425892012,8.576605771528682,6.121523242107141,20.0,37366,14434,37366,Asia,E Asia
8298.0,Pingdingshan,China,1018607.28401,435.0,0.0485872463829675,0.0108224387193587,0.0485872463829675,0.0375641651708043,0.0087384772558391,0.0375641651708043,6.936937818584824,3.572605398566158,20.0,10716,3252,10716,Asia,E Asia
8274.0,Nanyang,China,1261384.99125,878.0,0.0563218690330834,0.0125569861486249,0.0563218690330834,0.0453988229601697,0.0109621922773028,0.0453988229601697,5.43816224737372,3.4158507245654794,20.0,7091,1687,7091,Asia,E Asia
8057.0,Anyang,China,1562152.21147,951.0,0.0413201430754203,0.0093092068848115,0.0413201430754203,0.0234626410398927,0.005541627987527,0.0234626410398927,6.2250218629172185,6.9843466383109565,20.0,16756,8440,16756,Asia,E Asia
7960.0,Xingtai,China,1111698.43006,674.0,0.038482433580285,0.0086358315769439,0.038482433580285,0.0299029144179594,0.0070633026707415,0.0299029144179594,6.37392409261613,3.633575251047808,20.0,1207,435,1207,Asia,E Asia
7798.0,Baoding,China,1697773.41899,905.0,0.0299450111610123,0.006669102613886,0.0299450111610123,0.0184284616989938,0.0042619159047955,0.0184284616989938,6.396923882224075,3.782181401707609,20.0,34223,10549,34223,Asia,E Asia
7744.0,Shijiazhuang,China,4232106.67047,1780.0,0.045892698545052,0.0105153218619564,0.045892698545052,0.0365936133607812,0.0087924896832086,0.0365936133607812,7.62033368505397,3.9593602983159353,20.0,24751,10401,24751,Asia,E Asia
7359.0,Taiyuan,China,3818782.52794,1065.0,0.0428276310802177,0.009547395449129,0.0428276310802177,0.0247937635906138,0.0058000404573075,0.0247937635906138,9.387386379360011,6.407032234982752,20.0,19549,10815,19549,Asia,E Asia
6640.0,Datong,China,1733548.66568,827.0,0.0359247051247253,0.0077666656012205,0.0359247051247253,0.0247811576103841,0.0055761734726642,0.0247811576103841,6.8196566428427765,4.281386911723913,20.0,3754,1523,3754,Asia,E Asia
6206.0,Baoji,China,1182083.7041,693.0,0.0552612322245857,0.0124819476019853,0.0552612322245857,0.0352917386879546,0.0086481349617848,0.0352917386879546,7.403010606597571,6.033723193532812,20.0,8546,3293,8546,Asia,E Asia
5335.0,Hohhot,China,2130821.85576,856.0,0.0289448869771955,0.0063655115009753,0.0289448869771955,0.012884149095878,0.002932892624659,0.012884149095878,7.772353466358625,8.109561415546484,20.0,11391,7073,11391,Asia,E Asia
4760.0,Baotou,China,2206063.06948,638.0,0.0532260546522828,0.0117998632138528,0.0532260546522828,0.0422583829582892,0.0097552991171437,0.0422583829582892,7.983751246128661,4.510823828229194,20.0,10920,3592,10920,Asia,E Asia
4150.0,Yinchuan,China,1704007.09763,1012.0,0.0392817310022526,0.0087452556866748,0.0392817310022526,0.0201800369942414,0.004838362223454,0.0201800369942414,5.331107366370201,4.838077992309818,20.0,28934,10736,28934,Asia,E Asia
2293.0,Ürümqi,China,3279549.97678,1047.0,0.02765463941715,0.0059101598725368,0.02765463941715,0.0109141806831363,0.0024481990846959,0.0109141806831363,7.793667956180403,8.981698410839627,20.0,5293,2870,5293,Asia,E Asia
5666.0,Shiraz,Iran,1493433.00901,578.0,0.0422983795787559,0.0222970059896013,0.0422983795787559,0.0207670510001872,0.0110621898277139,0.0207670510001872,7.27334303482886,8.603504353405626,16.9195004,5261,2297,5261,Asia,SW Asia
8476.0,Jinan,China,4264024.41164,1923.0,0.0683214156624617,0.0148298264836574,0.0683214156624617,0.0548010248692052,0.0123599469829121,0.0548010248692052,7.505252211953181,6.363869351608949,20.0,68308,36939,68308,Asia,E Asia
8604.0,Tai'an,China,1006438.02257,562.0,0.0521558942873552,0.0112128004429443,0.0521558942873552,0.0423057404753094,0.0094397285096848,0.0423057404753094,6.518041100395638,3.184133891906692,20.0,2043,371,2043,Asia,E Asia
8644.0,Jining,China,1023093.18866,525.0,0.0418723367141262,0.0098635976415406,0.0418723367141262,0.0295860198184371,0.00773432099834,0.0295860198184371,6.247241762046366,5.023282875238194,20.0,32851,15156,32851,Asia,E Asia
8747.0,Fushun,China,1470959.82606,837.0,0.0637137838910146,0.0142148262065796,0.0637137838910146,0.0418644340979161,0.0101528339301449,0.0418644340979161,6.376781779223306,6.103206169759878,20.0,5323,2294,5323,Asia,E Asia
3438.0,Xining,China,1414920.69654,569.0,0.0477823528208982,0.0102634163242369,0.0477823528208982,0.0290530828925436,0.0063507675566447,0.0290530828925436,8.486981905508548,7.98391940956236,20.0,2607,1701,2607,Asia,E Asia
10374.0,Yueqing,China,1326399.38473,604.0,0.0791472807123011,0.0180859183959415,0.0790099805441208,0.0611432237902787,0.0147917758903808,0.0605788364248072,6.535186655821613,6.634979533818467,20.0,20366,15480,19728,Asia,E Asia
10353.0,Putian,China,1521917.5916,1042.0,0.0556210087997735,0.0125624458380552,0.0555586637885107,0.03896126567747,0.0093586858136155,0.0382698759801454,5.486736200247432,5.503888866947322,20.0,11147,6741,10008,Asia,E Asia
10020.0,Changshu,China,1043190.95965,512.0,0.089128212008473,0.0190617033171409,0.089128212008473,0.0691458702561431,0.015449412242905,0.0691458702561431,7.185670790358402,7.095210790997236,20.0,58739,43140,58739,Asia,E Asia
9839.0,Zhongshan,China,1353907.84102,577.0,0.0929976048696111,0.0098676332890538,0.0928026872685512,0.0721704000926389,0.0081782176295605,0.0716469813323268,8.901716387582175,7.938117008055585,50.0,36091,24042,34604,Asia,E Asia
9743.0,Yancheng,China,1176341.88814,917.0,0.0681632110871759,0.016987385879254,0.0681632110871759,0.0610209489197997,0.0164669602400826,0.0610209489197997,4.82828135175253,4.748502173227824,20.0,110390,83461,110390,Asia,E Asia
9731.0,Wuhu,China,1311748.66967,710.0,0.0966882539712899,0.0199263526224532,0.0966882539712899,0.0868781788292284,0.0185500670932454,0.0868781788292284,5.831193356870561,5.332197660608411,20.0,79330,45814,79330,Asia,E Asia
9724.0,Guangzhou,China,2113159.85112,247.0,0.0794218598468111,0.0085454113482046,0.0793927360982393,0.0318529152301531,0.0041464967600582,0.031653705531681,16.215865508293646,22.188704973015412,50.0,2899,2270,2862,Asia,E Asia
9721.0,Guangzhou,China,3492565.57875,583.0,0.087616936294186,0.0093566882041804,0.0874477474907731,0.0427121615513551,0.0053953947286105,0.0422543563113449,11.850300860111664,15.097763751200556,50.0,12676,10400,12494,Asia,E Asia
10181.0,Yiwu,China,1706311.13833,966.0,0.06048721500688,0.0131311196316698,0.06048721500688,0.041588922764318,0.0094338439971796,0.041588922764318,7.287659761841714,7.401117479511288,20.0,7272,3954,7272,Asia,E Asia
9719.0,Guangzhou,China,1393718.2398,461.0,0.090134537297525,0.0094210879265564,0.0882866197322875,0.0607136302122296,0.0064779105187954,0.0530468441787902,10.88590231293468,10.73887382213402,50.0,18459,14683,10975,Asia,E Asia
9459.0,Hefei,China,4730879.8577,2608.0,0.06530970660021,0.0153395127113336,0.06530970660021,0.0567276427119717,0.0142928265645213,0.0567276427119717,5.928825950249109,4.143780801177926,20.0,39495,6873,39495,Asia,E Asia
9401.0,Zhanjiang,China,1204127.26612,612.0,0.0476340408194355,0.0054305614477455,0.0458600250309434,0.0365862409556977,0.0048596292917672,0.0388610374150348,6.656509414672826,4.201884530770721,50.0,3169,394,1747,Asia,E Asia
9192.0,Hengyang,China,1340729.87376,968.0,0.0865803616102159,0.0190485106417299,0.0865803616102159,0.0751235924663935,0.0180643973358378,0.0751235924663935,5.347791613912527,5.153539185405185,20.0,18065,9983,18065,Asia,E Asia
9136.0,Xiangtan,China,1228014.29093,823.0,0.0845944460671196,0.0190875080770221,0.0845944460671196,0.0827668194681047,0.0192647995367454,0.0827668194681047,4.755507626130134,3.1612886484331253,20.0,13847,5992,13847,Asia,E Asia
9100.0,Changsha,China,3904010.58309,1496.0,0.0793685380184646,0.0172063229771284,0.0793685380184646,0.0573894278153942,0.0131631639528847,0.0573894278153942,7.339349131827404,7.003409889696731,20.0,26508,16215,26508,Asia,E Asia
8973.0,Dalian,China,3668893.67929,1290.0,0.04,0.008,0.04,0.0284584957145109,0.0059692234803753,0.02984611737921,9.1983455574198,4.731324426649668,20.0,1441,338,1368,Asia,E Asia
8891.0,Guilin,China,1311446.36238,947.0,0.0684455678507562,0.0149793286315912,0.0684455678507562,0.0551003962861944,0.0126532901642095,0.0551003962861944,5.872731475174993,5.2614261134244655,20.0,10997,4790,10997,Asia,E Asia
8809.0,Liuzhou,China,1737108.20055,773.0,0.0949462052722938,0.0193444048634151,0.0949462052722938,0.086903610170799,0.0184412911308107,0.086903610170799,7.253184078806316,5.114009442991598,20.0,3850,651,3850,Asia,E Asia
8777.0,Jilin,China,1690756.19417,659.0,0.0717842896893814,0.0155825949213763,0.0717842896893814,0.0549574673531829,0.0128133396500788,0.0549574673531829,7.2155841259498255,4.261905239175984,20.0,4737,1823,4737,Asia,E Asia
9716.0,Guangzhou,China,1899221.60087,681.0,0.0932729188999316,0.0098779551478678,0.092412514423267,0.0743932861604067,0.0081429444168868,0.0701294443085332,8.585253796521432,7.3986057048307154,50.0,48219,35534,33899,Asia,E Asia
10286.0,Xiamen,China,5142192.42912,1702.0,0.0816593376987763,0.018078226216106,0.0799985624667774,0.0694360992001493,0.0163285593668494,0.06809264796486,7.127640976732114,5.639288855615477,20.0,24590,18764,19446,Asia,E Asia
9182.0,Yulin,China,1285290.54363,814.0,0.0676940633922301,0.0153806015729215,0.0676940633922301,0.0626266775013249,0.0151299024936786,0.0626266775013249,4.9968862231723925,3.4667345257919457,20.0,8081,4056,8081,Asia,E Asia
10371.0,龙港市,China,1419747.22725,497.0,0.0509580112905095,0.0117536294505946,0.0509428777608414,0.0391561118327882,0.0096568650544859,0.0391335441879163,5.672601186597676,4.392899358475632,20.0,23209,17726,23136,Asia,E Asia
6390.0,Mojokerto,Indonesia,1084952.26945,606.0,0.0490282837235753,0.0029031412554054,0.0490282837235753,0.0379959580762508,0.0024242922346101,0.0379959580762508,3.776918192972177,3.4180066517488847,100.0,13766,4409,13766,Asia,SE Asia
5930.0,Magelang,Indonesia,1046216.25297,632.0,0.0732846810292402,0.0039040184134706,0.0732846810292402,0.0693205274318436,0.0037514397324755,0.0693205274318436,3.566036705581372,3.087201150456559,100.0,795,199,795,Asia,SE Asia
5810.0,Pekalongan,Indonesia,1530751.90124,668.0,0.0375809457812875,0.0018919273651397,0.0374665042962291,0.0310464028433966,0.0015795213932764,0.0303670369354629,3.864818432552331,3.266153029044062,100.0,7162,1667,6652,Asia,SE Asia
5306.0,Tasikmalaya,Indonesia,2456059.97267,1130.0,0.071343187907628,0.0036886972222075,0.071343187907628,0.0533054708030304,0.0027572087436317,0.0533054708030304,3.5872892449578586,2.9207090543321343,100.0,747,121,747,Asia,SE Asia
4899.0,Jakarta,Indonesia,1727806.55775,617.0,0.0778628327541412,0.0040150435237356,0.0778628327541412,0.0640401821030809,0.0033594410327908,0.0640401821030809,3.692847218867882,3.032037459626609,100.0,241,59,241,Asia,SE Asia
4897.0,Jakarta,Indonesia,29753582.4462,5292.0,0.0439072652730241,0.002601238786151,0.0439073952971202,0.0283581708990323,0.0018480941136926,0.0283581708990323,6.557667056623727,5.151875397468748,100.0,45307,18253,45305,Asia,SE Asia
4894.0,Jakarta,Indonesia,3777015.47696,1298.0,0.053547517689656,0.0030078859084194,0.053547517689656,0.0500893885881401,0.0029606169955272,0.0500893885881401,3.7741510148349455,2.951381897162726,100.0,11400,3142,11400,Asia,SE Asia
4395.0,Palembang,Indonesia,2010909.39761,625.0,0.0550736627008331,0.0035615993739276,0.0550736627008331,0.0490115976597971,0.0035843963419036,0.0490115976597971,4.961508971612056,3.431901090041034,100.0,22416,9504,22416,Asia,SE Asia
4194.0,Batam City,Indonesia,1034146.55041,331.0,,,,,,,6.3988172233025535,,100.0,0,0,0,Asia,SE Asia
10339.0,Wenzhou,China,5211421.13188,1415.0,0.0753111984346954,0.0170854037251614,0.0751131822340369,0.0528419915073443,0.0129038883726037,0.0529277007565204,8.137849268382936,7.92644922687605,20.0,66259,46851,62730,Asia,E Asia
2706.0,Padang,Indonesia,1034213.23641,392.0,0.0540272151653854,0.0033090112847156,0.0531739068325017,0.0398499702656059,0.00265727827961,0.0379218041901747,5.897369638011768,4.5785754437559385,100.0,1738,1221,1566,Asia,SE Asia
429.0,Kuwait City,Kuwait,3631546.88792,1147.0,0.072467864978231,0.0072797875710411,0.0731510069381373,0.0606836282247542,0.0054147695698322,0.0679371016320803,9.204873356084851,5.878688189243716,70.58597879157277,10838,2856,10299,Asia,SW Asia
2481.0,Tashkent,Uzbekistan,3704738.50839,1259.0,0.0381806993153675,0.0197996126528745,0.038179243348007,0.0298870141226021,0.0159784666441909,0.0298755419226575,6.947080936439134,4.0065925827923925,13.152196894721666,11436,3184,11427,Asia,C Asia
1894.0,Bangkok,Thailand,16290188.4579,5161.0,0.0539602895974009,0.0192343455447804,0.0539593625222607,0.0360681496044472,0.0137018972882489,0.0360791242333928,6.570266477871255,5.647473951219079,28.27967782475957,411503,293508,410879,Asia,SE Asia
1150.0,Ta'izz,Yemen,1123215.9061,199.0,,,,,,,8.04383763950673,,6.5064502,0,0,0,Asia,SW Asia
1981.0,Samarkand,Uzbekistan,1046699.66595,634.0,0.0532167537670907,0.0281380053993359,0.0532167537670907,0.0392301799758716,0.0209891298642476,0.0392301799758716,5.941667595536399,6.200028483894034,11.6671,6941,3966,6941,Asia,C Asia
357.0,Dubai,UnitedArabEmirates,5444031.30137,2177.0,0.0507900288232213,0.011375773634857,0.0502215397256296,0.0280277062723797,0.00827375028573,0.0343429633039584,7.251777636557487,8.027712976199961,46.19309118223305,16392,10367,5905,Asia,SW Asia
146.0,Doha,Qatar,1821304.86566,1100.0,0.0314488317137006,,,0.0179962818227091,,,5.992889001133593,3.92684677394981,,1421,835,0,Asia,SW Asia
3324.0,Pyongyang,NorthKorea,2993742.73307,754.0,0.0839633779336052,0.0839633779336052,0.0839633779336052,0.0747078914133058,0.0747078914133058,0.0747078914133058,7.7371771834349214,4.604497713902418,2.0,16502,3979,16502,Asia,E Asia
6518.0,Jember,Indonesia,2041651.87199,1290.0,0.042663091483951,0.0024908697429191,0.0426455211772812,0.0306559240462284,0.0018124132681386,0.0305858799542838,3.767127704136536,3.555392825635692,100.0,8571,1931,8538,Asia,SE Asia
6731.0,Mataram,Indonesia,1287364.87294,634.0,,,,,,,3.7566218142079615,,100.0,0,0,0,Asia,SE Asia
6794.0,Samarinda,Indonesia,1114038.75335,495.0,0.0663020459178098,0.0040462929579834,0.0663020459178098,0.0669976022558377,0.0043211923836951,0.0669976022558377,4.660654544266572,3.516660177260948,100.0,10989,4028,10989,Asia,SE Asia
6878.0,Makassar,Indonesia,2508648.68574,945.0,0.0403871563959464,0.0022182950497739,0.0403721384054895,0.0318487352987004,0.0019545008127494,0.0318126376631376,4.374066782535269,3.067967860363342,100.0,11958,3409,11940,Asia,SE Asia
3000.0,Kermanshah,Iran,1054613.30952,249.0,0.0723055773682127,0.0380980921623269,0.0723055773682127,0.065743835313517,0.0354026311819887,0.065743835313517,6.09967713593668,4.068433173370174,18.5226002,3147,868,3147,Asia,SW Asia
967.0,Tabriz,Iran,1839113.7169,892.0,0.0455248562743176,0.0242929142429526,0.0455248562743176,0.0449074946795674,0.0245505132460194,0.0449074946795674,5.728789263126278,2.7777795155294798,17.8528004,5118,685,5118,Asia,SW Asia
6345.0,Jombang,Indonesia,4479675.3634,2768.0,0.0483170572515711,0.0028308442937902,0.0483170572515711,0.0419380532872376,0.0025763289461827,0.0419380532872376,3.962297505781857,3.1747715586330454,100.0,27599,11014,27599,Asia,SE Asia
6401.0,Surabaya,Indonesia,10752964.4412,4278.0,0.0442116471485972,0.0027248887660139,0.0441094697577959,0.0307257255942603,0.0020760689929638,0.0306223686244525,4.935630045533074,4.189458116390654,100.0,40949,12569,37227,Asia,SE Asia
5680.0,Purwokerto,Indonesia,3050149.12383,1735.0,0.0646124664672203,0.0035936549832433,0.0647509027883715,0.0629485067765827,0.0036400551604908,0.0631146184780821,3.68591009943792,2.986035091243308,100.0,10900,2623,10808,Asia,SE Asia
5567.0,Tegal,Indonesia,3454395.57199,1565.0,0.0352624931127503,0.0019894913465993,0.0352038756275332,0.0292806361489027,0.0017077286261911,0.0290747748645793,4.012145130882781,3.0023661452464614,100.0,24142,5330,23388,Asia,SE Asia
5107.0,Bandung,Indonesia,9310750.84446,2312.0,0.0542644411292613,0.002998110998409,0.0542644411292613,0.0382340425186753,0.0022099016136076,0.0382340425186753,5.278815046520666,4.647768210235909,100.0,11166,4153,11166,Asia,SE Asia
5918.0,Yogyakarta,Indonesia,7463686.59925,4298.0,0.0582843827790576,0.0032891283823617,0.057955746110243,0.0497548758591642,0.0029840508255417,0.0490355476446868,4.098976395027407,4.255281982306538,100.0,19645,7489,19134,Asia,SE Asia
5407.0,Cirebon,Indonesia,2725179.94251,1225.0,0.0408908805079573,0.0021767016266787,0.0408909361056415,0.0398201458756744,0.00216564019796,0.0398201458756744,4.138166007530757,2.6999996623516123,100.0,10175,1625,10174,Asia,SE Asia
4435.0,Yangon,Myanmar,6143161.51779,1321.0,0.0579754319615993,0.0578896255708023,0.0578896255708023,0.0489333857877564,0.0484417621715478,0.0484417621715478,5.984072456266019,4.344390660666445,2.0831201,70868,15184,70041,Asia,SE Asia
6666.0,Denpasar,Indonesia,2478880.68954,1032.0,,,,,,,4.872492159653007,,100.0,0,0,0,Asia,SE Asia
5182.0,Garut,Indonesia,2043805.03823,710.0,0.0764642884799051,0.0040620240830128,0.0764642884799051,0.0745268194347028,0.0040866958695596,0.0745268194347028,3.6296499698000537,2.835029726585572,100.0,924,291,924,Asia,SE Asia
4900.0,Jakarta,Indonesia,2898313.04639,1737.0,0.045647034388679,0.0026950152907564,0.045647034388679,0.0352796581585968,0.0022140385517059,0.0352796581585968,4.064096715345223,3.8525004712735584,100.0,37915,12309,37915,Asia,SE Asia
1596.0,Medan,Indonesia,4546313.15481,1723.0,0.0375844560460804,0.0022616540578117,0.0375844560460804,0.0284996297840507,0.0018596670293843,0.0284996297840507,5.287953728881232,3.4000120224829,100.0,16522,4574,16522,Asia,SE Asia
6674.0,Banjarmasin,Indonesia,1360146.27868,706.0,0.0395604630653961,0.0022409339335323,0.0395604630653961,0.0264923897013577,0.0016001242735331,0.0264923897013577,4.5439100731161455,4.728410498460935,100.0,27523,10029,27523,Asia,SE Asia
6124.0,Madiun,Indonesia,1678612.45238,1155.0,0.0455723952597327,0.0026263777562215,0.0455723952597327,0.0319947829312794,0.0019786992349028,0.0319947829312794,4.184633877760383,3.685338587454422,100.0,9709,3888,9709,Asia,SE Asia
6015.0,Pati,Indonesia,2363946.10273,1420.0,0.0397310777086375,0.002269779750803,0.0395943894686677,0.0344630881879985,0.00197063711538,0.0337184727078038,3.837566175506833,2.723925478714566,100.0,21882,4351,20964,Asia,SE Asia
5894.0,Temanggung,Indonesia,1017174.15246,682.0,0.04,0.002,0.04,0.0400000000208616,0.0020000000208616,0.0400000000208616,3.3149215096707776,2.5,100.0,93,4,93,Asia,SE Asia
4898.0,Jakarta,Indonesia,1651451.85818,657.0,0.04,0.002,0.04,0.0310043049241887,0.00155021525279,0.0310043049241887,3.63354601299049,3.797807641742198,100.0,81,35,81,Asia,SE Asia
4593.0,Bandar Lampung,Indonesia,1373041.53767,484.0,0.0777088614491371,0.0042654089487611,0.0780172812925989,0.0735013116842309,0.0041017811296789,0.0747780414550874,5.765097426827524,2.899956914465581,100.0,513,99,509,Asia,SE Asia
5906.0,Semarang,Indonesia,4086893.98249,2082.0,0.0356828163937325,0.0019310438249035,0.0353426752471946,0.0261335443039362,0.0014604742645874,0.0255921010085212,4.680562735908019,3.0609789351498424,100.0,27494,5833,24322,Asia,SE Asia
1872.0,Mandalay,Myanmar,2078198.48882,705.0,0.081475938795813,0.081475938795813,0.081475938795813,0.0759322115805479,0.0759322115805479,0.0759322115805479,5.067395373003597,2.9546522526354826,2.7442388222505096,25847,3581,25847,Asia,SE Asia
3255.0,Pekanbaru,Indonesia,1092048.9462,631.0,0.0709991502125607,0.0040394952355913,0.0709991502125607,0.0677232480212065,0.0040706357899646,0.0677232480212065,4.843848713048327,3.533761033992826,100.0,9800,3093,9800,Asia,SE Asia
1744.0,Baku,Azerbaijan,2741763.27111,1210.0,0.0415816493769794,0.0195786565600411,0.0415743465258061,0.0376457268267757,0.0134563557618267,0.0377897644963093,7.347701450774526,4.007989570421266,17.90310876358941,7507,712,7473,Asia,SW Asia
9711.0,Guangzhou,China,16746844.1549,4413.0,0.0930862571187632,0.0098543739362533,0.0930829021417725,0.0704453457362452,0.0081458181816043,0.070412165198074,9.355131264131538,8.35420573795019,50.0,274323,197292,273200,Asia,E Asia
8157.0,Xinxiang,China,2044707.24557,1214.0,0.0598161141660365,0.0137108699547641,0.0598161141660365,0.0419326950659355,0.0102298579435697,0.0419326950659355,6.672141872422742,6.354140323119278,20.0,80770,42198,80770,Asia,E Asia
7578.0,Chongqing,China,6036834.03391,2267.0,0.0940226427426379,0.019339108879527,0.0940226427426379,0.0827063824563369,0.0176983580966169,0.0827063824563369,8.761715377648606,5.599625766756043,20.0,9857,1809,9857,Asia,E Asia
10153.0,Jieyang,China,12657025.2062,5922.0,0.0716393500942664,0.0086006582729082,0.0712358616760964,0.0553430981533081,0.0072650447061914,0.055096350122457,5.877493527681648,5.603160444980791,49.05535563661935,156072,91758,150854,Asia,E Asia
8664.0,Zibo,China,3699954.75321,2900.0,0.0379335086746383,0.0084394830682525,0.0379335086746383,0.0189939500892568,0.0044344808679804,0.0189939500892568,6.96985600821998,6.999683900037486,20.0,33333,16094,33333,Asia,E Asia
8055.0,Tianjin,China,8317096.11403,2413.0,0.0514552248346212,0.0114214416992068,0.0514552248346212,0.0300060061430813,0.0070094509546653,0.0300060061430813,7.38371123224023,6.79506029095872,20.0,203448,119918,203448,Asia,E Asia
10328.0,Fuzhou,China,4203944.63086,1516.0,0.0935927650995607,0.0197314145314605,0.0955558918810209,0.0839648358633057,0.0186552847071441,0.0831995680700346,7.51967227458329,8.344947121234613,20.0,72075,54327,56745,Asia,E Asia
10220.0,Cixi,China,3230913.0829,2155.0,0.0580869853177523,0.013298464209953,0.0580760168269275,0.0391853584663051,0.0096029789455414,0.039200194089266,6.254492227705803,5.868673356709055,20.0,73060,45110,72647,Asia,E Asia
567.0,Amman,Jordan,4123100.49344,1598.0,0.0549303496642016,0.0288080662352852,0.0549303496642016,0.0386143377568819,0.0207564881374093,0.0386143377568819,6.906881168257581,6.003459312506681,16.345273184843965,419,169,419,Asia,SW Asia
10078.0,Hangzhou,China,9581083.87704,4634.0,0.0611798424011104,0.0139663137307525,0.061058649191578,0.0364935086829674,0.0089827484153419,0.0363667858000322,7.411563496215889,6.767578199803045,20.0,287911,220372,284314,Asia,E Asia
9715.0,Guangzhou,China,4521577.55338,2151.0,0.0939036006443298,0.0099172246606936,0.0937722479552385,0.074816522860819,0.0084585385926261,0.0740541967614632,7.556466033201564,7.223298697325975,50.0,176311,121524,165916,Asia,E Asia
8989.0,Wuhan,China,8534060.73725,2682.0,0.0904419615576797,0.0049082737278761,0.0904419615576797,0.0704474908472641,0.0042010055422901,0.0704474908472641,8.792779613058695,7.361916268067151,100.0,185795,78265,185795,Asia,E Asia
8981.0,市中区,China,1670203.65552,1572.0,0.0456063185595129,0.0103247687194399,0.0456063185595129,0.03853930802951,0.0094099502012785,0.03853930802951,4.468809274353071,3.919809040163936,20.0,11073,3847,11073,Asia,E Asia
8717.0,Nanning,China,2818094.81367,927.0,0.0903982048807032,0.0196481120103588,0.0903982048807032,0.0749575497140092,0.0176189090743393,0.0749575497140092,7.2420962913372415,6.685270626377848,20.0,19033,11897,19033,Asia,E Asia
8193.0,Binhai,China,2004427.09937,993.0,0.0475296699396986,0.0109968537525694,0.0473949485025126,0.0329967142864745,0.0081378196263129,0.0325701066047995,6.3631416021189695,5.369089228246045,20.0,64860,32082,63246,Asia,E Asia
8189.0,Zhengzhou,China,5884051.26194,2310.0,0.0623369092423945,0.0137614824080315,0.0623369092423945,0.0474420820643172,0.011134720854194,0.0474420820643172,7.312201705826994,5.288486314104178,20.0,74641,43896,74641,Asia,E Asia
7952.0,Guiyang,China,3244349.99904,1223.0,0.0654671735945451,0.0136393236119969,0.0654671735945451,0.0670085571082604,0.0139280340906053,0.0670085571082604,7.881077146422066,7.583757470755545,20.0,3597,1148,3597,Asia,E Asia
7094.0,Xi'an,China,6576880.03533,2083.0,0.0510666056675246,0.0115771093777348,0.0510666056675246,0.0322580390163785,0.0078167447986949,0.0322580390163785,8.7362959612331,5.366194350322644,20.0,29969,18596,29969,Asia,E Asia
5723.0,Chengdu,China,11749963.1495,4034.0,0.041291375634588,0.0095543733506405,0.041291375634588,0.0294294835117451,0.0072248610032902,0.0294294835117451,6.108929325549997,4.833038067121548,20.0,26748,14184,26748,Asia,E Asia
10214.0,Yongkang,China,1091385.00541,816.0,0.0729026473386478,0.0157134182540402,0.0729026473386478,0.0528140400269131,0.0118368454741651,0.0528140400269131,6.583904720852096,6.747124652409325,20.0,9090,5865,9090,Asia,E Asia
10097.0,Shanghai,China,26920218.1645,5878.0,0.0755160396571399,0.004008828597794,0.0754802520795723,0.0541151171646702,0.0031982030242567,0.0541889229248382,8.222039868719834,7.325871277952879,179.64482477130494,571550,470660,566981,Asia,E Asia
7704.0,Beijing,China,21279474.4756,5536.0,0.048669253847188,0.0106234600193303,0.048669253847188,0.0314596742962965,0.0071574267151615,0.0314596742962965,9.210328577450303,5.823415300506349,20.0,81596,46371,81596,Asia,E Asia
9963.0,Suzhou,China,11403059.1856,5056.0,0.0810753654733501,0.0178631081614949,0.0810332482303641,0.0573573477549562,0.013511160652488,0.0572672831145116,7.536604212042004,7.4919871265630205,20.00019130585604,496568,370580,494361,Asia,E Asia
1036.0,Sana'a,Yemen,2671299.11422,500.0,0.0360988867745541,0.0360988867745541,0.0360988867745541,0.0141284188994245,0.0141284188994245,0.0141284188994245,7.010610806111664,8.513971401903255,6.510749900602965,696,552,696,Asia,SW Asia
195.0,Abu Dhabi,UnitedArabEmirates,1017109.48366,697.0,0.051811422884636,0.0117082899490405,0.0521332359587712,0.0345154859714639,0.0083601337514311,0.0348755421900519,6.751955855905599,5.092609517152535,45.7198982,13197,6198,12615,Asia,SW Asia
1022.0,Dushanbe,Tajikistan,1241583.18275,350.0,0.0358070043227983,0.0358070043227983,0.0358070043227983,0.0211558022311182,0.0211558022311182,0.0211558022311182,6.65659343069028,4.595491445433608,2.6789445710397333,3395,2022,3395,Asia,C Asia
1133.0,Aleppo,Syria,2437709.28388,1036.0,0.0616546770709031,0.0616546770709031,0.0616546770709031,0.0506694462724803,0.0506694462724803,0.0506694462724803,5.377077503803569,7.596220804995228,8.66782,2396,921,2396,Asia,SW Asia
1018.0,Damascus,Syria,3304903.1249,1268.0,0.0314151983976256,0.0314151983976256,0.0314151983976256,0.0233560404843771,0.0233560404843771,0.0233560404843771,5.966910399676239,4.450057037468586,6.771619207030557,4397,1937,4397,Asia,SW Asia
154.0,Singapore,Singapore,5602397.89136,637.0,0.04,0.00041338028169014265,0.04,0.0237845380327023,0.00026692207959537614,0.0246287455112691,13.064380771549256,7.30328948252669,1982.07673014499,1179,214,1136,Asia,SE Asia
10392.0,Taizhou,China,3202231.15561,1582.0,0.0592062914412284,0.0140839118858876,0.0586901990693762,0.0414795795944222,0.0106741667911809,0.0406416869551154,6.596984009857547,6.036210968088691,20.0,72960,57125,67514,Asia,E Asia
117.0,Ulaanbaatar,Mongolia,1360931.8323,383.0,0.0354995480742564,0.0354995480742564,0.0354995480742564,0.0233751344436079,0.0233751344436079,0.0233751344436079,7.515488228142465,4.056281802323297,6.5384798,5618,1393,5618,Asia,E Asia
431.0,Beirut,Lebanon,2813753.44523,868.0,0.04,0.008,0.04,0.0247995024346555,0.0057625023844876,0.0288125118718963,7.899774354242405,5.556883161360786,38.0615997,257,152,10,Asia,SW Asia
1091.0,Bishkek,Kyrgyzstan,1179392.01353,389.0,0.04,0.04,0.04,0.0307595102319172,0.0307595102319172,0.0307595102319172,7.521143512860225,3.867366113290488,3.791569701293284,407,108,407,Asia,C Asia
312.0,Gaza,Palestina,1689860.60305,355.0,0.0442974472383289,0.0047619267052824,0.0450245526830958,0.0465876941509447,0.0055157041669755,0.0484385768298145,6.384543133396149,3.0810823125465983,85.34710933745545,573,207,491,Asia,SW Asia
419.0,Tel Aviv,Israel,2805937.20054,1102.0,0.0495731549529905,0.0027753006994899,0.0496272687759603,0.0341153201443112,0.0018917323344504,0.0341153201443112,7.55832326879508,5.827537563526341,96.73529284813578,2344,697,2332,Asia,SW Asia
696.0,Sha Tin,HongKong,1303459.23035,282.0,0.04122103543557,0.0009703323055841044,0.041244739446538,0.0294633945609442,0.0008918805242028782,0.0289012764492207,8.470758473320545,6.40443139844155,198.14582170731035,117,43,115,Asia,E Asia
73.0,Hong Kong,HongKong,5845663.06696,684.0,0.0444247737661517,0.0012415416331044,0.0441392975138912,0.0357802837933695,0.0013372635835942,0.0377723550667328,13.685583246845322,5.788446128332137,199.98092834738856,648,212,585,Asia,E Asia
826.0,Tbilisi,Georgia,1150902.96446,321.0,0.0619520777885576,0.0161158791356094,0.0619520777885576,0.054273498921305,0.0151683357415771,0.054273498921305,10.090801837565673,8.139616794359926,57.4962709753449,2919,1319,2919,Asia,SW Asia
976.0,Phnom Penh,Cambodia,2140599.39492,720.0,0.0724866773310254,0.0447811466910771,0.0724866773310254,0.0572815058631,0.0326935588633731,0.0572815058631,5.40318568027161,4.764277766158204,15.421638573627275,46859,20891,46859,Asia,SE Asia
16.0,Manama,Bahrain,1369162.16931,670.0,,,,,,,6.022706289915377,,,0,0,0,Asia,SW Asia
359.0,Yerevan,Armenia,1356806.65085,665.0,0.0496574495021106,0.0442081134896006,0.0496574495021106,0.0381458356794695,0.0327861469691601,0.0381458356794695,7.395397445924647,5.707900252119294,10.439389559001995,2007,974,2007,Asia,SW Asia
2583.0,Almaty,Kazakhstan,2043997.18347,956.0,0.0409772257432182,0.0208813211374317,0.0410112062095971,0.0343165201252216,0.0177750260881136,0.0346065950696168,7.0108164345688255,3.212385213243706,16.4930992,961,177,929,Asia,C Asia
10331.0,Quanzhou,China,6446306.90928,3186.0,0.0693629998795544,0.0152395641304658,0.0710654872745956,0.0574117707524107,0.0137398851104223,0.0609914213559427,6.650336739135886,5.446060539861833,20.0,8993,4662,8226,Asia,E Asia
7190.0,Vila Velha,Brazil,1710333.44125,911.0,0.079603627927718,0.0169369544165526,0.0804027828563628,0.0303560392169501,0.0074599067458421,0.0315253444320735,8.333065391260645,6.9315718397294335,22.5028,15888,5817,14400,CSAmerica,S America
6870.0,Belo Horizonte,Brazil,4966926.83222,3099.0,0.0876956261264372,0.0441745440918105,0.0876956261264372,0.0795264874414699,0.0408770455760645,0.0795264874414699,7.554215213292543,4.4317898659366,17.9335003,11955,3558,11955,CSAmerica,S America
6700.0,Santos,Brazil,1712548.22359,722.0,0.0686027476776417,0.0139090307815859,0.0687312433703738,0.0287227593291748,0.006192934710448,0.0291635380405283,7.893884478292067,4.1634440220267726,24.6189995,8643,2888,7927,CSAmerica,S America
6461.0,Campinas,Brazil,2509882.22362,1571.0,0.091236006802674,0.0186861272491858,0.091236006802674,0.075084586972707,0.0163276167220037,0.075084586972707,6.006564703148355,3.299478232901484,24.6189995,7097,1897,7097,CSAmerica,S America
7303.0,Salvador,Brazil,3252523.07781,623.0,0.071805013748259,0.0362400068434928,0.0718097951489668,0.0373904292432772,0.0193292792418155,0.0374769105866472,8.669706587616774,4.301505061523612,18.1067009,3243,663,3226,CSAmerica,S America
4809.0,Goiânia,Brazil,2248199.0731,1842.0,0.0816741839396384,0.0414651611602393,0.0816741839396384,0.0635932332032736,0.0329506152740289,0.0635932332032736,5.853517967064128,3.72425794359796,16.8029995,3882,715,3882,CSAmerica,S America
7434.0,João Pessoa,Brazil,1124050.37118,446.0,0.0835523564400716,0.017829751603312,0.0824889819246856,0.0650200734013459,0.0153255612625863,0.065568788885794,5.580658803158893,3.217507245674328,35.2368011,6319,790,4521,CSAmerica,S America
7226.0,Fortaleza,Brazil,3611864.22693,1557.0,0.073893351746983,0.0150054491094062,0.0738962766715146,0.0403794179803892,0.0084753271252358,0.0404294802469602,5.899853395113388,3.231884451040924,20.3572998,10490,965,10486,CSAmerica,S America
7406.0,Natal,Brazil,1321459.96645,694.0,0.0710120113138967,0.0147662991240663,0.0710103295604684,0.0418610897131449,0.0092187513292309,0.0418316393925349,5.137002661349637,2.983905371852022,22.9862003,7461,631,7460,CSAmerica,S America
5926.0,Curitiba,Brazil,3033042.20493,1593.0,0.0788211995267703,0.0398232652728886,0.0788211995267703,0.0574417394778761,0.029918155944529,0.0574417394778761,7.051749423652787,3.2908178377379853,17.6543999,6489,915,6489,CSAmerica,S America
5465.0,Ceilândia,Brazil,1973463.71856,867.0,0.062017007181777,0.0126495645144863,0.062017007181777,0.0322137475163567,0.0064792192436078,0.0322137475163567,6.011021342539879,2.964177343531526,36.5334015,3945,313,3945,CSAmerica,S America
7021.0,Sao Goncalo,Brazil,1998757.60557,1215.0,0.0704138879662531,0.0158577481029503,0.070745928283567,0.0320900302643258,0.0081290178424519,0.0325293716256442,6.509083269629235,3.5935823214195834,23.7283001,14576,1441,13503,CSAmerica,S America
6961.0,Rio de Janeiro,Brazil,10814391.2338,3598.0,0.0719686404014552,0.0150638380887617,0.0720198587908152,0.0350925773810792,0.0077415258898714,0.0352932741867599,7.744247479861347,4.070817683539343,23.7283001,31830,8506,30240,CSAmerica,S America
6567.0,São Paulo,Brazil,21684522.8166,6077.0,0.0787345908881205,0.0159905772458399,0.0787345908881205,0.0407078990346213,0.008860112264392,0.0407078990346213,8.716619542313984,8.30232312329779,24.6189995,34410,11086,34410,CSAmerica,S America
1284.0,Cali,Colombia,2390801.63626,408.0,0.0763128912724965,0.0395610551884919,0.0763128912724965,0.0250599745402637,0.013498397235437,0.0250599745402637,8.95039735656326,6.407086396974858,18.2598991,10747,2716,10747,CSAmerica,S America
4082.0,Barranquilla,Colombia,2073296.02632,436.0,0.0906754682555505,0.0463047362054813,0.0906754682555505,0.062661290019344,0.0339414047669955,0.062661290019344,5.919214458004984,4.118706860596462,16.5302803529624,6208,1542,6208,CSAmerica,S America
4617.0,Bucaramanga,Colombia,1054587.12175,342.0,0.0872756954204349,0.0441221725756414,0.0872756954204349,0.0652005565133696,0.0332845903536031,0.0652005565133696,5.9143591239533855,4.892772682352004,16.8663998,592,306,592,CSAmerica,S America
2757.0,Medellín,Colombia,3610595.16419,692.0,0.0869042890320651,0.0439780454000601,0.0869042890320651,0.0591726409390541,0.030108178062708,0.0591726409390541,8.568049128003194,5.757774607924607,17.0674992,786,417,786,CSAmerica,S America
4048.0,Bogota,Colombia,9080732.02093,1863.0,0.0867694888300041,0.0392729072120325,0.0867694888300041,0.0538310227917353,0.0246249203747405,0.0538310227917353,6.672697482128614,4.954164691810758,23.0959369931171,15735,4868,15735,CSAmerica,S America
1459.0,Maracaibo,Venezuela,2305881.75782,851.0,0.0698000513443748,0.0347655958772084,0.0691948887260447,0.0338822156072717,0.0185369920799453,0.0364230330724582,6.000079004695542,3.4383169861740224,17.5925007,841,420,744,CSAmerica,S America
3284.0,Valencia,Venezuela,1968184.80037,1177.0,0.0637754933925027,0.0327424738071159,0.0637754933925027,0.0399998223588971,0.0199999111882697,0.0399998223588971,6.141783832022227,2.5000111050306373,16.3188,2284,29,2284,CSAmerica,S America
2801.0,Barquisimeto,Venezuela,1186176.24111,492.0,0.0699999999999999,0.0349999999999999,0.0699999999999999,0.0384020579026707,0.0192010289564398,0.0384020579026707,8.082403695216216,2.614858174324036,19.232493052235466,83,10,83,CSAmerica,S America
4040.0,Caracas,Venezuela,3589208.18328,890.0,0.0901082548139133,0.0195539980643845,0.0901866106356974,0.0525525011268728,0.0115122624054628,0.0527202966583624,12.48222670297286,10.719004873618994,20.638432766618678,783,453,780,CSAmerica,S America
3611.0,Maracay,Venezuela,1482535.35955,647.0,0.0654937272496251,0.0332741890791725,0.0654937272496251,0.038467148720787,0.0192335743690469,0.038467148720787,6.447514054324749,2.6749133704770385,16.9647007,2496,52,2496,CSAmerica,S America
5593.0,Porto Alegre,Brazil,2907003.90809,1373.0,0.0915192771984363,0.0193786742716157,0.0916775293307386,0.0568073663080694,0.0143333797284776,0.0564913922043594,6.294548700697801,4.934887795436934,20.0245991,18585,7187,17608,CSAmerica,S America
7418.0,Recife,Brazil,3679510.14639,1262.0,0.0737791920490651,0.0149447195108086,0.0739487834465598,0.0401645322286862,0.0086887175174876,0.0413721735556325,6.437089455076357,5.464336547113024,38.7491989,8902,2537,8245,CSAmerica,S America
1570.0,Santa Cruz de la Sierra,Bolivia,1762054.23438,817.0,0.0812016267137423,0.0812016267137423,0.0812016267137423,0.0578803682601727,0.0578803682601727,0.0578803682601727,5.377491640579475,3.062985405137733,6.6044002,2908,231,2908,CSAmerica,S America
6852.0,Teresina,Brazil,1036955.51972,1028.0,0.0953475017841691,0.0260801815517604,0.0953475017841691,0.0804930831934087,0.0205444795987296,0.0804930831934087,4.773875023609537,3.65094267859082,23.2915644099359,12278,2506,12278,CSAmerica,S America
7390.0,Maceió,Brazil,1184064.69007,682.0,0.0701213398076127,0.0146359374204416,0.0712455418595436,0.037615265975694,0.0077665922126003,0.0377520659110853,6.63731126191801,2.725138526629349,27.4776001,5771,592,3564,CSAmerica,S America
1055.0,Viña del Mar [Valparaíso],Chile,1008041.3939,788.0,0.0853237674080557,0.0091065216074257,0.0853429346958034,0.0614936940621629,0.0073994476517305,0.0615844455190417,6.239550234296685,3.486071156373346,50.3153992,2155,719,2149,CSAmerica,S America
818.0,Guayaquil,Ecuador,2857865.39619,1016.0,0.0850299135393864,0.0444125103878485,0.0853760634487946,0.0487178037316613,0.0273490773745997,0.0485397942752115,8.031760986627766,5.775883909584327,18.3314991,53904,13243,48955,CSAmerica,S America
594.0,Managua,Nicaragua,1274053.34671,883.0,0.0702301170382311,0.0702301170382311,0.0702301170382311,0.031336813616107,0.031336813616107,0.031336813616107,5.115100200512034,3.095492698582223,6.5064502,6811,59,6811,CSAmerica,C America
224.0,San José,CostaRica,2565528.86422,1801.0,0.0891448525130412,0.0448424067026431,0.0891448525130412,0.0589705001938182,0.0298938582374342,0.0589705001938182,5.204217972370759,2.83420389016132,16.34124066670243,1311,190,1311,CSAmerica,C America
1674.0,Santo Domingo,DominicanRepublic,4248976.09982,1582.0,0.0834072487003158,0.0064914519701069,0.0836452747515782,0.0533857479334195,0.0039862593035552,0.0555540340273533,5.544223997647405,4.593270243891932,181.00805244332983,7628,1040,7422,CSAmerica,C America
2569.0,Quito,Ecuador,2659133.12609,1394.0,0.0869444730619124,0.0439930112151192,0.0869444730619124,0.0520787172645201,0.0266209826911917,0.0520787172645201,7.593696613168424,5.834388404573713,16.3188,1638,525,1638,CSAmerica,S America
888.0,San Salvador,ElSalvador,2661755.75746,2004.0,0.0747384648917921,0.0747503697565762,0.0747503697565762,0.0657469926404126,0.0662869553585007,0.0662869553585007,5.051274108763586,2.8079484525515155,8.793160421175962,4302,269,4291,CSAmerica,C America
740.0,Panama City,Panama,1461305.31049,952.0,0.0848695846139485,0.0437300232428243,0.0848671194511976,0.0498135961913526,0.0278765656242876,0.0499495556083781,6.359299176032933,4.2374447380664,16.457529717526878,5834,1058,5824,CSAmerica,C America
465.0,Asuncion,Paraguay,2487874.19088,1760.0,0.0920104840868763,0.0829901556861411,0.0920104840868763,0.0820477339797247,0.0571495994367436,0.0820477339797247,4.982948441043842,3.2328858438101715,14.275484765493704,32791,3615,32791,CSAmerica,S America
2327.0,Lima,Peru,9669592.8658,2121.0,0.0504894634461597,0.0029301019511424,0.0504801769457117,0.013433450563746,0.0008408992387800595,0.0134140600660691,7.71317491949719,6.069502526711668,226.2579638944034,3984,3069,3981,CSAmerica,S America
2072.0,Santiago,Chile,7087659.55454,2923.0,0.0632749985077791,0.0070361008536394,0.0632749985077791,0.0259421471072142,0.0031245047128003,0.0259421471072142,5.856803054181204,4.702577087889425,70.4343033,17798,5800,17798,CSAmerica,S America
1301.0,Tegucigalpa,Honduras,1148517.18511,862.0,0.0909793675654652,0.0909793675654652,0.0909793675654652,0.0511987908248933,0.0511987908248933,0.0511987908248933,7.043868544780838,6.702699652532252,6.6233001,387,82,387,CSAmerica,C America
2162.0,Guatemala City,Guatemala,3464817.45088,1421.0,0.0701009536411946,0.0701009536411946,0.0701009536411946,0.0387869476166402,0.0387869476166402,0.0387869476166402,7.025136329341132,3.680614721560129,6.536644612927141,1889,377,1889,CSAmerica,C America
906.0,Montevideo,Uruguay,1738937.87726,802.0,0.0870676044741208,0.0180881842139798,0.0868423302538525,0.0594305694847147,0.0144589750150208,0.0591357109799179,6.268613004381753,5.525904508803266,47.62386210099681,6677,2744,6424,CSAmerica,S America
4483.0,Belém,Brazil,2174968.08768,587.0,0.0908085420960658,0.0475262189543745,0.0911148884060396,0.0544343372684673,0.0308298978489844,0.054304512666966,6.296203199862656,5.891115467473543,17.1921005,6043,2043,4579,CSAmerica,S America
6639.0,São Luís,Brazil,1455771.20985,555.0,0.0813876760425112,0.0421701301904389,0.0812050644203397,0.0576167650554727,0.0315975102030922,0.0565100583151257,3.2967450805098157,2.744530657347678,19.9104004,1758,233,1655,CSAmerica,S America
800.0,Cochabamba,Bolivia,1227385.36304,870.0,0.080229084208919,0.080229084208919,0.080229084208919,0.04471524413685,0.04471524413685,0.04471524413685,5.490293487338139,4.069789283187197,6.8867998,4435,1624,4435,CSAmerica,S America
209.0,El Alto [La Paz],Bolivia,1772263.30334,745.0,0.0723339274613411,0.0723339274613411,0.0723339274613411,0.0386840712714172,0.0386840712714172,0.0386840712714172,7.153823983674329,2.884491516196209,6.51054,206,69,206,CSAmerica,S America
1477.0,Manaus,Brazil,2080861.00923,453.0,0.0986603732677208,0.0495974763356215,0.0986603732677208,0.0792015609516508,0.0422602705013692,0.0792015609516508,8.276227608652071,3.959781192299253,16.5151005,7938,789,7938,CSAmerica,S America
3340.0,Rosario,Argentina,1336722.50022,1444.0,0.0831398685325883,0.0427143698145301,0.0831398685325883,0.0479740106881847,0.0255805434374975,0.0479740106881847,5.855604511437472,4.523403613479313,18.63628211602134,23199,3654,23199,CSAmerica,S America
2285.0,Cordoba,Argentina,1617671.65553,1698.0,0.0804767114395252,0.0410646066063909,0.0804767114395252,0.0382171203442747,0.0199190785965866,0.0382171203442747,6.015565725317056,7.061237189317411,17.9955006,2191,1064,2191,CSAmerica,S America
1467.0,San Miguel de Tucumán,Argentina,1074939.05111,1159.0,0.0667667369013802,0.0354333020676664,0.0667667369013802,0.0356906071446378,0.0199025444278435,0.0356906071446378,5.249804647333527,3.151000466686592,19.0744991,15567,2658,15567,CSAmerica,S America
358.0,Mendoza,Argentina,1139081.55375,911.0,0.0574518421979895,0.0304449465535624,0.0574518421979895,0.0219802419853514,0.0122305146877221,0.0219802419853514,4.611595257211834,2.7014622747882022,16.7707005,2584,264,2584,CSAmerica,S America
4215.0,Buenos Aires,Argentina,14984068.9017,5376.0,0.0908137859312756,0.0165928159984753,0.0907944401470122,0.062150934249732,0.0130596734137068,0.0621093102265888,6.938640731933561,6.624904375673603,46.03155982983193,72370,39310,72072,CSAmerica,S America
3171.0,Krakow,Poland,1284334.3974,2630.0,0.0394969305513708,0.0009605011977317752,0.0394969305513708,0.0420757014440027,0.0010507355323809,0.0420757014440027,3.7708748664509097,3.991195695867566,200.0,31406,11321,31406,Europe,Europe
3881.0,Rome,Italy,3501925.08293,2696.0,0.0786222492241248,0.0018036001762828,0.0786232172325571,0.073314573994087,0.0017005597400057,0.0733024676461581,5.023685608687151,6.011830249801759,270.9178670917249,31456,15744,31401,Europe,Europe
1600.0,Milan,Italy,5121995.62973,3393.0,0.0292008204991792,0.0039127748293556,0.0292008204991792,0.0323575539344189,0.0040294360011548,0.0323575539344189,7.280770631242314,4.186425473898727,60.88993985861415,24740,4927,24740,Europe,Europe
4333.0,Naples,Italy,4054332.8269,2318.0,0.0573852064742638,0.0144323695874065,0.0591545966317577,0.0682084635937592,0.0160150300461123,0.0692675907638904,5.620104337971215,3.434577993859415,45.91648202723124,29641,10603,25536,Europe,Europe
85.0,Turin,Italy,1784834.15615,1708.0,0.0521861107485029,0.0061795172236077,0.0521861107485029,0.0540114875130078,0.0064018517770751,0.0540114875130078,6.184007766990694,5.712259530108944,74.8428080369219,23195,7454,23195,Europe,Europe
5288.0,London,UnitedKingdom,12598186.4483,6605.0,0.0469539802726707,0.0021246382675709,0.047181432703036,0.0428919724020861,0.0019433323208296,0.0428417300015581,5.343077175481799,5.167811727251987,321.15232233467657,53882,29227,52623,Europe,Europe
4159.0,Leeds,UnitedKingdom,2922157.55937,3044.0,0.0355233839580583,0.0021768251404705,0.0355233839580583,0.0420884412086879,0.0025311562204028,0.0420884412086879,4.769975245978364,4.098183369886356,100.0,49427,10836,49427,Europe,Europe
3304.0,Manchester,UnitedKingdom,3270370.45977,2182.0,0.0516805643976877,0.0028972578872288,0.0516546595382771,0.0420735298214321,0.0024015731918152,0.0421261698222613,5.477689402581486,6.4297062499879045,100.0,11992,5627,11759,Europe,Europe
4460.0,Sheffield,UnitedKingdom,1145121.88929,1325.0,0.0525093968579835,0.0029174491180806,0.0525093968579835,0.0541177162865318,0.0029963009906115,0.0541177162865318,4.924866951181716,6.278676385445413,100.0,3134,1183,3134,Europe,Europe
4867.0,Portsmouth,UnitedKingdom,1338017.67463,2051.0,0.0331196858716038,0.0020823748369508,0.033434557315187,0.0332899850217145,0.0022461794294813,0.0353151686398827,4.56426080043896,4.526679145620222,100.0,4787,1256,4268,Europe,Europe
4767.0,Nottingham,UnitedKingdom,1562399.05848,2248.0,0.0415611035597846,0.0024246586706471,0.0415611035597846,0.039306459190934,0.002303519711151,0.039306459190934,4.663659706376038,4.857874857202941,100.0,19554,6383,19554,Europe,Europe
4227.0,Newcastle upon Tyne,UnitedKingdom,1687394.75441,2249.0,0.0606355148074724,0.0035870769547568,0.0607237905733584,0.0582175964232936,0.0035594027053692,0.0582767624143274,4.500737928018976,4.857989907734229,100.0,10400,3632,10342,Europe,Europe
3799.0,Birmingham,UnitedKingdom,2958884.77956,1786.0,0.0487820486744967,0.0026810337426125,0.0487820486744967,0.0531855967377384,0.0029952219313161,0.0531855967377384,5.954551381665382,4.58896830165632,100.0,2845,993,2845,Europe,Europe
3099.0,Bristol,UnitedKingdom,1213639.1467,1951.0,0.0709061374756267,0.0039666413516261,0.0720023871923707,0.0663842820954822,0.0040652965181975,0.0671608103997615,4.4729518686735945,6.867383705948543,100.0,7336,3036,7007,Europe,Europe
2374.0,Liverpool,UnitedKingdom,1676212.19285,1038.0,0.0351307897128253,0.0018398072587242,0.0318725634656184,0.026332199490964,0.0012018280251873,0.0217167301477879,5.459577742617066,6.226346190418028,100.0,1670,809,1205,Europe,Europe
2086.0,Cardiff,UnitedKingdom,1141468.69085,1537.0,0.0460505697599182,0.0026767360558131,0.0462949623153423,0.0418496534016481,0.0024397521626317,0.0422711509545672,4.5930119566702325,5.047527533562533,100.0,4177,950,4098,Europe,Europe
3911.0,Marseille,France,1357310.6448,1599.0,0.0294196183767896,0.0017547881954464,0.0303257936568208,0.0294027908686075,0.0018057777071155,0.0296301788601859,6.337958519004878,4.400333329099948,94.57657023456252,6074,1101,1816,Europe,Europe
2663.0,Katowice,Poland,2912555.18753,5198.0,0.0422265985884831,0.0009350835691442108,0.0422265985884831,0.0482606186785228,0.0010956552380044,0.0482606186785228,3.944402165454005,3.0990521898082517,200.0,23560,5066,23560,Europe,Europe
955.0,Glasgow,UnitedKingdom,1743356.14606,2350.0,0.0575839344812102,0.002516990757412,0.0574486868868735,0.0545088986361991,0.0024091426305235,0.0542603428890857,4.9660160547886,5.262195035372012,204.00820200040016,10954,3659,10861,Europe,Europe
2787.0,Lodz,Poland,1064394.02438,1996.0,0.0286104747500866,0.0005959687242686314,0.0286104747500866,0.0309090678088686,0.0006271639152006668,0.0309090678088686,3.957483981155674,3.643254748257724,200.0,1156,110,1156,Europe,Europe
4937.0,Volgograd,Russia,1422694.91921,2075.0,0.0654095182315355,0.0138480882566577,0.0654095182315355,0.0818837005720248,0.017417930534272,0.0818837005720248,5.7841662975594526,3.512605757348087,46.2182999,26638,3782,26638,Europe,Europe
3560.0,Voronezh,Russia,1099469.30339,1305.0,0.0491026619062841,0.011357549862596,0.0491026619062841,0.051412498387834,0.0120489083001712,0.051412498387834,5.842478300352728,3.112354483267885,47.7887001,27689,2587,27689,Europe,Europe
4344.0,Donetsk,Ukraine,1464092.25701,1231.0,0.03,0.015,0.03,0.0328369197766449,0.0164184598925232,0.0328369197766449,5.7403238051432375,3.496925454150446,11.3367004,4755,1052,4755,Europe,Europe
2203.0,Kyiv,Ukraine,3438138.07159,3385.0,0.0867062091106665,0.0690307216115835,0.0867062091106665,0.0809216407310861,0.0566878654559425,0.0809216407310861,6.214109610016076,4.525578430309948,11.172167852871432,145609,37352,145609,Europe,Europe
3818.0,Kharkiv,Ukraine,1720556.03348,1741.0,0.0435639346925176,0.0227653321146465,0.0435639346925176,0.0327840777018493,0.01715609503795,0.0327840777018493,5.765602225158349,6.606415260060782,12.3238001,14024,3488,14024,Europe,Europe
3608.0,Dnipro,Ukraine,1031762.99983,915.0,0.0839296692717197,0.0839296692717197,0.0839296692717197,0.0727634075851394,0.0727634075851394,0.0727634075851394,6.526400724354691,3.983585166248481,8.30618,31370,9515,31370,Europe,Europe
2737.0,Odesa,Ukraine,1255759.62639,1436.0,0.0202173958804539,0.0202163882790852,0.0202163882790852,0.0234147175575623,0.023404397588825,0.023404397588825,5.9219060780984885,4.910424681852921,7.86096,9735,1611,9734,Europe,Europe
6191.0,Novosibirsk,Russia,1746824.3627,1607.0,0.059693730707972,0.0131260390813753,0.059693730707972,0.055312681700267,0.012376564423389,0.055312681700267,7.324893613473609,4.076495486977546,46.0904999,23881,4556,23881,Europe,Europe
2262.0,Moscow,Russia,16375317.1452,8459.0,0.052777523493409,0.0053686666700744,0.052777523493409,0.0509293359676564,0.0049771403307384,0.0509293359676564,7.112326305817271,6.268894849645744,70.86477623972564,63828,18945,63828,Europe,Europe
5413.0,Samara,Russia,1247326.00165,931.0,0.098199446463505,0.0199701667063326,0.098199446463505,0.0937371310928535,0.0197619268125977,0.0937371310928535,6.6889015544214105,4.0742072294413365,48.3778992,77414,19348,77414,Europe,Europe
3222.0,Warsaw,Poland,2865997.28879,4181.0,0.051390313548436,0.0012962761515869,0.051390313548436,0.0536492109214906,0.0014377364249259,0.0536492109214906,4.600659865172088,3.122527756979588,200.0,29709,4653,29709,Europe,Europe
2702.0,Paris,France,11236407.1278,6778.0,0.0730107427861107,0.0031533617994702,0.0730107427861107,0.0539498054780538,0.00232779233044,0.0539498054780538,6.951210669478091,8.305031290902445,191.84066332608757,43243,31920,43243,Europe,Europe
5972.0,Yekaterinburg,Russia,1496445.09593,1289.0,0.0281384543539978,0.0061070104826979,0.0281384543539978,0.0329644220128705,0.0071344526252115,0.0329644220128705,6.95963544091113,5.300488339969517,46.1711006,9841,1389,9841,Europe,Europe
4854.0,Saratov,Russia,1062989.19813,934.0,0.0971751207946273,0.0198898664190036,0.0971751207946273,0.0909488248277746,0.0193249102910096,0.0909488248277746,5.986661505786523,4.810297102648584,46.5040016,38791,9693,38791,Europe,Europe
4034.0,Rostov-on-Don,Russia,1314499.77238,1177.0,0.0529998894791306,0.0125302356505391,0.0529998894791306,0.0595384712108522,0.0140163678024676,0.0595384712108522,6.783040328779315,3.258145888583042,49.8152008,46886,4928,46886,Europe,Europe
6340.0,Krasnoyarsk,Russia,1018788.98825,1138.0,0.0622048839876509,0.0140213150860887,0.0622048839876509,0.0474396384659527,0.0105007748727852,0.0474396384659527,6.069137025130867,4.24908110826196,45.7485008,12220,1877,12220,Europe,Europe
6167.0,Omsk,Russia,1180501.79327,1074.0,0.0545544376545424,0.0120060217062633,0.0545544376545424,0.0553585538803676,0.0123171328099208,0.0553585538803676,7.03628464632005,4.0104321276289445,46.3073997,29988,7430,29988,Europe,Europe
6046.0,Chelyabinsk,Russia,1282315.34456,1011.0,0.0288672344095563,0.005851512808329,0.0288672344095563,0.0386760033020744,0.0081944876360803,0.0386760033020744,7.338431332228925,5.450511225414183,46.5696983,22334,1600,22334,Europe,Europe
4829.0,Kazan,Russia,1245155.49802,1113.0,0.0885527027630806,0.0191747694147126,0.0885527027630806,0.0738764243955566,0.0178479945416197,0.0738764243955566,6.356515028281902,5.512959397904211,48.1539993,40112,11727,40112,Europe,Europe
3736.0,Nizhny Novgorod,Russia,1371549.12428,965.0,0.0881948526491212,0.0095352410600012,0.0881948526491212,0.0864231060878167,0.0096393756227454,0.0864231060878167,6.592953091272407,3.451913243805092,51.0159988,45033,4364,45033,Europe,Europe
750.0,Saint Petersburg,Russia,5002494.4445,2764.0,0.0563811396359671,0.0019148145175868,0.0555499633309455,0.0397614382563797,0.0010352178202054,0.0390977848685143,7.140593646525317,8.216348630711671,593.7611958752266,36296,19066,34043,Europe,Europe
4426.0,Nice,France,1206197.9203,2109.0,0.0518316412223596,0.0058161962233216,0.0517932212853104,0.0562258317321511,0.0065316523586511,0.05643275483073,5.96550903965307,4.355475164775531,110.43457352128434,5478,2831,5426,Europe,Europe
5864.0,Ufa,Russia,1090326.56062,959.0,0.0708495433547047,0.016370030903868,0.0708495433547047,0.0696995009062853,0.016478799192625,0.0696995009062853,6.890297669065046,3.948587984910365,48.1007004,54343,8366,54343,Europe,Europe
3200.0,Lille,France,1205007.57709,966.0,0.0289482967799405,0.003466173748038,0.0289482967799405,0.0341953997225765,0.0040417252094189,0.0341953997225765,6.017914013374577,4.262042490734876,63.53747789612508,10831,4277,10831,Europe,Europe
310.0,Lisbon,Portugal,2559898.92507,1575.0,0.0710666887095318,0.0160864190401326,0.0685015366846384,0.0635507255951322,0.0153689450962915,0.062896496143484,6.1509211421366325,5.731877909591219,45.7198982,4998,1459,3358,Europe,Europe
415.0,Dublin,Ireland,1596285.053,2245.0,0.0421870384504107,0.0009885254798525618,0.0422319911350016,0.0468525001489451,0.0011148216509849,0.047500122715685,4.644347995954957,5.349247156769784,200.0,7587,2076,7148,Europe,Europe
1445.0,Stockholm,Sweden,2011040.46665,2536.0,0.038123262131468,0.0047867761677865,0.0386308429497048,0.0367408255184657,0.0042378024529095,0.0363929899505941,5.118942276038189,3.658544031178565,97.58509883845052,24548,2082,23102,Europe,Europe
964.0,Budapest,Hungary,2822154.57221,4197.0,0.056671331291367,0.0036378859778121,0.056671331291367,0.0647389020150611,0.0041520034087828,0.0647389020150611,4.898458353119103,3.7684555151837458,100.0,86350,21036,86350,Europe,Europe
758.0,Belgrade,Serbia,1416301.71285,1206.0,0.0785540573894852,0.0183289035216279,0.0785540573894852,0.080693640537819,0.0182402321568612,0.080693640537819,4.8545007068071735,3.3425020172922184,30.1363230608645,53539,9436,53539,Europe,Europe
2114.0,Bucharest,Romania,2230363.0964,2091.0,0.0218661187163135,0.0024627796227081,0.0218661187163135,0.0250497771005882,0.0028023634229355,0.0250497771005882,5.913664009730406,4.756902677552927,50.0,21849,4907,21849,Europe,Europe
1003.0,Porto,Portugal,1594480.22563,1487.0,0.0857284804602491,0.0056070428693259,0.0855782897073578,0.0825256406965355,0.0055239325857117,0.08222070800934,5.414417943716884,4.465799855941148,156.5913219186533,4503,2352,4387,Europe,Europe
596.0,Oslo,Norway,1359903.32368,4272.0,0.0637842143570247,0.0125088766009547,0.0674111005295334,0.0755492674092792,0.0175666740526174,0.0767813730438333,3.6218597298416935,4.190394582319787,75.19206121160384,53368,4674,47871,Europe,Europe
1479.0,Zurich,Switzerland,2051343.04265,2588.0,0.043946208189379,0.009707594504036,0.043946208189379,0.0600845662612772,0.0130335886197901,0.0600845662612772,4.8590825441233125,5.373953189904527,30.12548781115133,38511,7122,38511,Europe,Europe
959.0,Athens,Greece,3747423.8788,2246.0,0.03,0.006,0.03,0.0252912670549773,,,6.48072145910142,5.461201909710379,47.0460014,356,68,8,Europe,Europe
687.0,Helsinki,Finland,1409994.0356,3066.0,0.051130610392656,0.0108594641419684,0.0510653109682954,0.0704911634524427,0.0157831917222277,0.0709036154906869,4.186809363331361,4.3031361990189865,47.8564987,27410,3077,26949,Europe,Europe
537.0,Copenhagen,Denmark,1987482.45485,3406.0,,,,,,,4.630870105130527,,81.5036011,0,0,0,Europe,Europe
535.0,Prague,CzechRepublic,1879976.61092,2897.0,0.0598966698140406,0.005992787225615,0.0598966698140406,0.0665824175259894,0.0061102201945317,0.0665824175259894,4.720521629697481,4.040809591526867,79.26375912914993,28660,9484,28660,Europe,Europe
410.0,Zagreb,Croatia,1032621.7052,1571.0,0.0319281857695897,0.0012355728019602,0.0319281857695897,0.032824629264511,0.0014918011278036,0.032824629264511,3.994250728851628,3.2842650733698453,156.56576174796123,34287,8300,34287,Europe,Europe
15.0,Sofia,Bulgaria,1423934.91426,1352.0,0.0365253553907588,0.0048887895037079,0.0365253553907588,0.0441295540073163,0.0054629894305851,0.0441295540073163,5.114464984951756,2.83382137513469,55.39661696961885,5506,798,5506,Europe,Europe
799.0,Minsk,Belarus,2137264.68485,1582.0,0.0483765530546806,0.0216132031565965,0.0421673882424434,0.0514627676906372,0.0326744549281422,0.0635106473308567,6.9359616644353705,5.982361477139805,16.5769997,7021,1682,3924,Europe,Europe
790.0,Vienna,Austria,2381082.92866,3104.0,0.0440650268620916,0.00063377007518126,0.0440650268620916,0.0434746116134314,0.000649357659111013,0.0434746116134314,5.337324420399876,4.588088582524343,969.8870750019776,53027,14151,53027,Europe,Europe
3718.0,Lyon,France,2056576.03624,3516.0,0.0597070486137782,0.0035756580953186,0.0597070486137782,0.0538026255402394,0.0034039313506523,0.0538026255402394,5.246887576047915,6.120934460451868,100.0,33292,10011,33292,Europe,Europe
552.0,Thessaloniki,Greece,1041904.90789,1107.0,0.0278673596820478,0.0072943039562785,0.0271981295821235,0.0335002010182643,0.009641981338007,0.0338942836036844,5.843694218408346,4.636753850519721,46.0257988,11757,3110,11370,Europe,Europe
296.0,Rotterdam [The Hague],Netherlands,3494348.38435,2943.0,0.0406021526114988,0.0005269024398232073,0.0406472570527416,0.0371257861366921,0.0005166654323982129,0.037128298746029,6.359094111751747,5.469167259494518,9325.656323009029,210997,85000,210103,Europe,Europe
1427.0,Amsterdam,Netherlands,1929349.97444,1294.0,0.0299228602436338,0.0003020736130300794,0.029922723056502,0.0254200824572162,0.00026185450103487,0.0253986188218922,6.405566639484315,5.295499299931308,9186.601672590828,15305,6208,15278,Europe,Europe
1656.0,Liège,Belgium,1129391.82877,2710.0,0.0709349395946497,0.0022755651099302,0.0709349395946497,0.0618690457084332,0.0020483306497431,0.0618690457084332,3.779999683026491,6.05757716657259,208.75240185744087,13602,10309,13602,Europe,Europe
2304.0,Toulouse,France,1264262.56578,3321.0,0.0463208208231591,0.0055332846583635,0.0463208208231591,0.0507529216481036,0.0061623012625691,0.0507529216481036,4.191059141524713,3.794184595672568,58.93595800397912,27476,8348,27476,Europe,Europe
1397.0,Bordeaux,France,1045640.52873,2165.0,0.0575588654721281,0.0037872430950248,0.0582876451298804,0.0640452690426895,0.0042567781761596,0.064260563246889,4.635560098742123,3.541539019389852,118.0510025,41640,8606,39898,Europe,Europe
4523.0,Barcelona,Spain,4609369.60955,1967.0,0.0733389268814911,0.001753964387132,0.0731922882576264,0.0656886026235868,0.0015658077195306,0.0655210520930194,8.162452478017904,5.99622883589728,251.5679932,11892,8174,11584,Europe,Europe
3147.0,Madrid,Spain,6131918.9979,4270.0,0.0363931761832434,0.0040318097956753,0.0363931761832434,0.0419151810941549,0.0046590606859314,0.0419151810941549,6.072159082160307,3.920980280649847,88.56087118990112,12897,3019,12897,Europe,Europe
2008.0,Seville,Spain,1256010.62941,931.0,0.0530815179766353,0.0062927625697315,0.0530815179766353,0.0586009347195487,0.006971625102799,0.0586009347195487,5.700269826500575,4.143802123046453,59.527401,5157,1274,5157,Europe,Europe
4156.0,Valencia,Spain,1888705.41237,2093.0,0.0240834012657858,0.0028827837948379,0.0240695738445316,0.0304608443213569,0.0037106045023767,0.0310472600048708,5.337683363964232,4.762207532487945,81.06138673929058,21777,4960,21529,Europe,Europe
2822.0,Málaga,Spain,1053431.72106,1263.0,0.0599101246668534,0.0036576712323315,0.0572610095266139,0.0626913328988724,0.0039846887306195,0.0609552368220238,5.187476534024736,5.061078794890901,155.322998,5592,2600,4928,Europe,Europe
1269.0,Brussels,Belgium,2269665.21302,1851.0,0.0477683914747203,0.001730183085635,0.0477683914747203,0.0321337732675065,0.0012642527814198,0.0321337732675065,5.101571259678578,7.637511486357633,260.0790627251096,6624,4027,6624,Europe,Europe
3580.0,Stuttgart,Germany,2234166.17672,2159.0,0.0665953047492665,0.0038148607221019,0.0665953047492665,0.0531529180928667,0.0031086115076749,0.0531529180928667,5.244989073654665,6.212534857929858,100.0,7600,5197,7600,Europe,Europe
1064.0,Cologne,Germany,3178671.81558,3263.0,0.0658866861612001,0.0038754363719713,0.0658866861612001,0.0649342833570126,0.0038466561577683,0.0649342833570126,6.04249165368592,4.702929522817703,100.0,27049,10196,27049,Europe,Europe
3093.0,Frankfurt am Main,Germany,3025700.46852,3323.0,0.058077171102794,0.0036211986733491,0.058077171102794,0.0487160356919465,0.0030389722559914,0.0487160356919465,6.351724553849576,6.043337630788221,100.0,49574,20090,49574,Europe,Europe
4454.0,Nuremberg,Germany,1230838.86017,1874.0,0.0490893294445467,0.002755084687226,0.0490893294445467,0.0462870477756417,0.0026358164687572,0.0462870477756417,5.658897585031607,5.820433614166116,100.0,7879,2546,7879,Europe,Europe
3793.0,Hamburg,Germany,2686299.77571,3206.0,0.0614350009941799,0.0025201355646558,0.061580545105865,0.0648258142819938,0.0024052431866812,0.0648820281336625,5.902324496511647,4.47218736157016,172.8324057001564,76557,28246,75933,Europe,Europe
3041.0,Mannheim,Germany,1695402.91666,2160.0,0.0501221901561705,0.0032263622671027,0.0501221901561705,0.0503731984611807,0.0032304659401435,0.0503731984611807,5.744068146098731,4.882029971321023,100.0,53356,15889,53356,Europe,Europe
536.0,Dortmund,Germany,5837624.69456,6303.0,0.0576824769042322,0.0034145554658636,0.0576824769042322,0.0524005006941919,0.0031410686077088,0.0524005006941919,5.834364178964439,4.695875545607469,100.0,65228,19499,65228,Europe,Europe
4736.0,Munich,Germany,2435209.28736,2638.0,0.0429223100210523,0.0023799951512341,0.0429223100210523,0.0506046026091777,0.0028237750429467,0.0506046026091777,4.478501437969491,3.830600204771834,100.0,18057,3741,18057,Europe,Europe
3667.0,Hanover,Germany,1111169.52129,1883.0,0.048468109306207,0.0028056659253246,0.048468109306207,0.052568891707245,0.0030280367396675,0.052568891707245,5.181594656588491,4.598810416379016,100.0,13047,3024,13047,Europe,Europe
815.0,Dusseldorf,Germany,1003149.10566,661.0,0.0622204628023847,0.0038539805297998,0.0622204628023847,0.0590341141871139,0.0035417735771412,0.0590341141871139,7.38579132516072,4.753522560771029,100.0,13205,4360,13205,Europe,Europe
1160.0,Antwerp,Belgium,1817176.41497,2393.0,0.0315793723501567,0.0008412648614279815,0.0316516735463334,0.0312160691159615,0.0008543536193142045,0.0312963224170302,5.229497001429456,4.201202037910238,278.4454805695688,29829,11906,28765,Europe,Europe
4946.0,Berlin,Germany,4290482.74447,3572.0,0.0482171024307549,0.0027691147061515,0.0482171024307549,0.0406127823218903,0.0023533692167624,0.0406127823218903,5.830583647127923,5.774132982411972,100.0,43770,16950,43770,Europe,Europe
4335.0,Torreon,Mexico,1306482.011,1318.0,0.0370566053306657,0.0198552454514925,0.0370566053306657,0.0296408262487593,0.0161814564265487,0.0296408262487593,5.114926326214841,3.874453953555996,17.606232225851414,33883,9439,33883,Mexico,N America
5006.0,Mexico City,Mexico,21410705.8633,4831.0,0.0498796214599729,0.0054013207089671,0.0498796214599729,0.0237717250099094,0.0026579311330691,0.0237717250099094,7.3028232042223005,6.542899282542602,84.58164124124555,35454,18754,35454,Mexico,N America
5327.0,Puebla,Mexico,3431638.47955,2350.0,0.0573182649027227,0.0106696819476421,0.0573182649027227,0.0483059328580603,0.008727983244541,0.0483059328580603,5.672719429418795,5.63664323873252,38.75385933027272,7561,1995,7561,Mexico,N America
4848.0,Toluca,Mexico,2451377.64921,2016.0,0.0474750454969524,0.00520872705135,0.0474750454969524,0.0417101818790815,0.0048419964221821,0.0417101818790815,4.740113451217745,2.989844451040371,52.2405014,6100,896,6100,Mexico,N America
2837.0,Guadalajara,Mexico,5184364.54747,1968.0,0.0712748860353246,0.0368011994478362,0.0712748860353246,0.0675728728960288,0.0359156397272706,0.0675728728960288,6.377419439354017,3.148617955743532,17.9874001,6351,765,6351,Mexico,N America
440.0,Tijuana,Mexico,1835120.04113,621.0,0.0582342898594142,0.012578178828821,0.0583712773000431,0.0340220543570494,0.0075459913594403,0.0340139392214907,8.597518298597558,7.662699347720756,35.1080044697407,1641,1231,1629,Mexico,N America
6139.0,Mérida,Mexico,1088364.6053,858.0,0.0418187659797261,0.0224180309252645,0.0418187659797261,0.0329249046360805,0.018297359724333,0.0329249046360805,5.28186762495667,2.843497448949162,18.9570999,7742,1391,7742,Mexico,N America
4718.0,Querétaro,Mexico,1237258.54368,1190.0,0.0465338326063596,0.0100504520771618,0.0465338326063596,0.0296713510130959,0.0065353351992515,0.0296713510130959,5.52745462124261,5.593956208456635,23.862252676245504,3274,1004,3274,Mexico,N America
4981.0,Cuernavaca,Mexico,1158093.30904,970.0,0.0464865084299801,0.0096750240667964,0.0464865084299801,0.0379364473551127,0.0083575031405249,0.0379364473551127,5.913497980338481,4.693477589247176,20.485500593391585,1658,425,1658,Mexico,N America
4823.0,San Luis Potosí,Mexico,1204447.63807,1193.0,0.0309981213930122,0.015945492645851,0.0309981213930122,0.0211864422854385,0.0110305842117265,0.0211864422854385,5.233795022616488,2.523379267183147,18.4468002,710,108,710,Mexico,N America
4798.0,Ciudad Juárez,Mexico,1365142.87819,994.0,0.0466442609500003,0.0243787765025637,0.0466442609500003,0.0215841148983988,0.0114301143211771,0.0215841148983988,8.423958057760252,8.366479885735904,19.993244643083347,4899,3785,4899,Mexico,N America
5554.0,Monterrey,Mexico,4521204.92886,1849.0,0.0543728291073533,0.0286130483325065,0.0543728291073533,0.0444132813462574,0.0235990251794175,0.0444132813462574,6.638843660214473,5.0542852948515,16.3188,4198,2260,4198,Mexico,N America
4097.0,León,Mexico,1640517.23835,759.0,0.0365082441994812,0.0077487568369011,0.0365082441994812,0.0279379039130123,0.0066970059843014,0.0279379039130123,5.545515228894525,2.7876374933979298,19.90629900834785,805,101,805,Mexico,N America
3846.0,Aguascalientes,Mexico,1058599.66691,727.0,0.0644601763435415,0.0138365815935,0.0644601763435415,0.0633959267976969,0.0139219520080279,0.0633959267976969,5.012261151964426,4.205408034545841,29.07380379433581,3521,1493,3521,Mexico,N America
6442.0,Miami,UnitedStates,5808585.48127,6494.0,0.039082777591341,0.0004222742380343732,0.0390780288455742,0.0258910966427554,0.0002958232234159982,0.0259939446778386,6.600099231816723,4.757479212084196,500.0,236310,30110,234591,NAmerica,N America
6433.0,Minneapolis [Saint Paul],UnitedStates,3273026.74564,9833.0,0.0600876364274213,0.0031899925928162,0.0600876364274213,0.0579248987751201,0.0032164967158953,0.0579248987751201,4.394141001983833,3.268235123191632,100.0,106553,16419,106553,NAmerica,N America
6047.0,Memphis,UnitedStates,1215391.27717,4050.0,0.070629930493402,0.0008161865273226798,0.070629930493402,0.0581903128983458,0.0007610361078685832,0.0581903128983458,5.221299695991324,4.353167624569166,500.0,92530,11170,92530,NAmerica,N America
5332.0,Denver,UnitedStates,2928613.32217,6917.0,0.05118027779808,0.0005540485069122006,0.05118027779808,0.0334237869461397,0.0003835488190764309,0.0334237869461397,5.294056124956217,6.023546365342756,500.0,20406,5201,20406,NAmerica,N America
4211.0,Phoenix,UnitedStates,4567289.14847,9707.0,0.0393765370266464,0.0004696598623474147,0.0393765370266464,0.0228509632272188,0.00028514167193195104,0.0228509632272188,6.0460359233490975,5.482730166278255,500.0,69220,18857,69220,NAmerica,N America
1255.0,San Jose,UnitedStates,5118911.59243,4038.0,0.0385575295886791,0.0004182272518253437,0.0385594281356199,0.0184132831742231,0.00020991625613857448,0.0183338727919604,7.566577131165088,6.896536374338712,500.0,17813,7632,17526,NAmerica,N America
7277.0,Bridgeport,UnitedStates,1091714.9067,2197.0,0.0766626868700062,0.0008600351997106453,0.0747957266535628,0.0733415219152551,0.0008647534414483582,0.0704115199766984,4.335793559286267,4.860930393178501,500.0,19106,11924,15892,NAmerica,N America
7302.0,Hartford,UnitedStates,1050203.46937,2440.0,0.0832509441563141,0.0009155122765269074,0.0832509441563141,0.0793656059223543,0.0009412444376323718,0.0793656059223543,4.195711455674376,3.9785138623785543,500.0,19847,5379,19847,NAmerica,N America
6487.0,Orlando,UnitedStates,2399058.54997,5531.0,0.0467360935828852,0.0005048392306842113,0.0467360935828852,0.0320127348539395,0.000335537835794005,0.0320127348539395,5.095966294483362,3.965626698337277,500.0,107110,12243,107110,NAmerica,N America
7195.0,Allentown,UnitedStates,1036069.82641,4365.0,0.0758269091933354,0.000821887863488959,0.0758269091933354,0.0799889094128634,0.0009011952963015436,0.0799889094128634,3.3391607674541333,3.712592198378624,500.0,9147,2895,9147,NAmerica,N America
7123.0,Baltimore,UnitedStates,2265090.93459,4070.0,0.0586106548908501,0.0006710547192781511,0.0589773557756261,0.0460538751109717,0.0005973142328409249,0.047086483123876,4.930582086173373,4.7945603342443714,500.0,10213,3884,8974,NAmerica,N America
7032.0,Richmond,UnitedStates,1082917.90882,2792.0,0.0869559750087688,0.0009270454216068016,0.086953413739888,0.0823878252890637,0.0009214666863623492,0.0823878252890637,4.3841525745355465,3.923821272528627,500.0,18616,3414,18608,NAmerica,N America
6990.0,Cleveland,UnitedStates,1880819.79008,4770.0,0.0438609964035308,0.0005512257202277413,0.0438609964035308,0.0427155448962326,0.0004959465506102702,0.0427155448962326,4.552177016038336,5.297892400402659,500.0,29197,2903,29197,NAmerica,N America
6948.0,Detroit,UnitedStates,4065588.8548,8184.0,0.0638670199161532,0.0018110578588668,0.0638670199161532,0.0388607037721672,0.0009103921470194708,0.0388607037721672,5.304278948985646,4.555168940598212,496.8732679029562,86296,21356,86296,NAmerica,N America
7347.0,Boston,UnitedStates,2703581.58821,2800.0,0.0576206032264093,0.0006694718208688158,0.05823121516324,0.0420129770847421,0.0005216876934673124,0.0428107178335064,5.869361075520226,5.186967893217205,500.0,14661,4364,13810,NAmerica,N America
6574.0,Jacksonville,UnitedStates,1136539.9349,3558.0,0.0502356096216203,0.0006578795663470065,0.0502839318405703,0.0447613049047214,0.0005823851305060798,0.044765010621362,5.400618522155911,4.1956019700339455,500.0,32099,9461,31916,NAmerica,N America
7141.0,Buffalo,UnitedStates,1085097.21818,3623.0,0.0510494211955257,0.0008421907142267817,0.0510494211955257,0.0342577768841831,0.0005126068989505783,0.0342577768841831,4.128779917094056,4.219682869811706,499.1785097965703,26564,4901,26564,NAmerica,N America
7050.0,Virginia Beach,UnitedStates,1624468.98039,3949.0,0.0405687038519774,0.0004234092461552089,0.0405880841274728,0.0298525248045086,0.00033817708518307544,0.0298950000688862,5.200850517648467,4.229327535806038,500.0,27242,9861,25282,NAmerica,N America
6887.0,Columbus,UnitedStates,1885222.15851,8211.0,0.059306081803444,0.0006580678050716975,0.059306081803444,0.0569213640761947,0.0006623676355076387,0.0569213640761947,3.952973599085313,3.88333875711654,500.0,29554,5637,29554,NAmerica,N America
7244.0,New York,UnitedStates,19523052.7576,17489.0,0.0590271621163418,0.0006700341926772741,0.059296720340624,0.0472133296464855,0.0006059687177995889,0.047086484558899,5.694687877724793,5.5151658771136045,500.0,90109,35053,82490,NAmerica,N America
1642.0,Los Angeles,UnitedStates,15655357.4492,10407.0,0.0436029990004225,0.0005231879103193594,0.0434686689376671,0.0183708163577067,0.00024423521724838924,0.0182183256261362,7.911105356513323,7.65551088812483,500.0,60376,46591,60080,NAmerica,N America
6654.0,Chicago,UnitedStates,8797568.99435,13185.0,0.0320392842838718,0.0013387984566678,0.0320392842838718,0.0451450841671374,0.0022689895482937,0.0451450841671374,5.626541863902072,4.9033035759975805,202.9646657765262,256994,38760,256994,NAmerica,N America
7165.0,Philadelphia,UnitedStates,6113871.23775,11525.0,0.0687932354634757,0.0007838343400989326,0.0682634932259156,0.0632270448328637,0.0008215867625374295,0.0633378110808139,4.563664944062257,5.307349203806697,500.0,76173,28592,69154,NAmerica,N America
6192.0,St. Louis,UnitedStates,2469859.58033,6517.0,0.0824876734878112,0.0046572260640822,0.0824876734878112,0.0753862926440437,0.0045284334496685,0.0753862926440437,5.3823776970824575,4.245802051564884,100.0,142776,36789,142776,NAmerica,N America
7020.0,Pittsburgh,UnitedStates,1980861.23633,6150.0,0.085516900537798,0.0009345607145161468,0.085516900537798,0.0781932609038614,0.0008972871085058771,0.0781932609038614,4.207730133249609,4.416248883681523,500.0,22355,10168,22355,NAmerica,N America
7312.0,Providence,UnitedStates,1448456.55319,3751.0,0.0545256403382588,0.0005980847757541064,0.0539813194833127,0.0474828764227406,0.0005939329055009411,0.0474019845252952,4.456238832705099,5.937995371534869,500.0,18219,6121,17033,NAmerica,N America
6790.0,Cincinnati,UnitedStates,1927622.20852,5802.0,0.0869053648520737,0.0009305449469472084,0.0869053648520737,0.0843395627793695,0.0009492139979522274,0.0843395627793695,4.521734088165624,4.200540298840564,500.0,49180,16417,49180,NAmerica,N America
7068.0,Washington D.C.,UnitedStates,5638693.81468,7446.0,0.0631881382052457,0.0007642001445603587,0.0672842053027467,0.0604402881573773,0.000730878649108452,0.0601803953341721,5.286144453061432,3.930506004857933,500.0,26006,3943,20498,NAmerica,N America
6451.0,Atlanta,UnitedStates,5591339.31794,12348.0,0.0667889786467005,0.0007317420215477512,0.0667889786467005,0.0622904916446682,0.0007100460935637456,0.0622904916446682,4.786740594187586,3.783832955196475,500.0,39809,8324,39809,NAmerica,N America
5705.0,Oklahoma City,UnitedStates,1177498.37541,4831.0,0.0572953252373534,0.0006571773394739923,0.0572953252373534,0.0519713805141876,0.0006602806389475747,0.0519713805141876,3.9452952685019858,3.18551423489245,500.0,54035,6684,54035,NAmerica,N America
5543.0,Dallas,UnitedStates,7077557.75216,19826.0,0.0507385414826239,0.0005761919315237737,0.0507385414826239,0.0506947925905054,0.0006148725064912547,0.0506947925905054,4.305222063134204,4.304277273994519,500.0,173852,21127,173852,NAmerica,N America
5511.0,Houston,UnitedStates,6442256.18353,15114.0,0.0568836538430566,0.0006559541998873541,0.0570357165464816,0.0423599485049347,0.0005437541645384858,0.0423082960271328,4.665835722761785,4.291720758307112,500.0,338037,72068,333825,NAmerica,N America
6942.0,Raleigh,UnitedStates,1611391.05295,3950.0,0.0559164473345065,0.0006135833008078426,0.0559164473345065,0.0596178620535949,0.0006603783895292064,0.0596178620535949,4.319281964841123,3.341005120542059,500.0,10739,1216,10739,NAmerica,N America
6851.0,Charlotte,UnitedStates,2020478.22832,5134.0,0.061690111049259,0.0007009295974474312,0.061690111049259,0.0597754069063359,0.0007298509027861662,0.0597754069063359,4.143078795268359,2.7440129038257304,500.0,24862,5654,24862,NAmerica,N America
6720.0,Indianapolis,UnitedStates,1897002.79816,7597.0,0.0569492967781927,0.0006467306190533178,0.0569492967781927,0.043377972104809,0.0005261555272547994,0.043377972104809,4.601705417736191,5.265138047530217,500.0,38721,10801,38721,NAmerica,N America
6769.0,Milwaukee,UnitedStates,1617648.12035,4542.0,0.0520829991799464,0.0029491267340375,0.0520829991799464,0.0574866397957309,0.0033417633153981,0.0574866397957309,4.235184900426223,4.277563796949135,100.0,41670,9358,41670,NAmerica,N America
3485.0,Montreal,Canada,4089586.48673,5027.0,0.0775660272345462,0.0156589762788751,0.0716412641963128,0.0664674768839714,0.0147760840767333,0.0646510813571987,5.756969208689389,3.531597465555117,46.5455017,94892,15293,52573,NAmerica,N America
3343.0,Ottawa,Canada,1277528.02319,2325.0,0.079753225760306,0.0169226439394389,0.079753225760306,0.0780830717127622,0.0173983627539598,0.0780830717127622,4.802723309306738,3.536175625132192,46.8243702386476,25484,4176,25484,NAmerica,N America
2626.0,Toronto,Canada,7278248.43549,8223.0,0.0410420855219606,0.0093906133823423,0.0410420855219606,0.0355279641858607,0.0078512914729775,0.0355279641858607,5.8126556321078855,4.348829241178832,47.0229988,89042,3400,89042,NAmerica,N America
1276.0,Calgary,Canada,1382751.20609,2051.0,0.0544140595692438,0.0117141550424208,0.0544140595692438,0.0474918980931308,0.0106728531477613,0.0474918980931308,5.589473834220717,5.054668889242759,47.4793015,12858,2508,12858,NAmerica,N America
375.0,Vancouver,Canada,2407755.76844,1601.0,0.0945422575415289,0.0019867611401977,0.0943440016584317,0.0810220892937552,0.0019233186913724,0.0803374878010574,8.218436273327232,6.599984149944749,200.0,68208,36759,63935,NAmerica,N America
1572.0,Edmonton,Canada,1232005.12739,2816.0,0.0653819763402925,0.013815263652647,0.0653819763402925,0.0647315976259606,0.0137240084082651,0.0647315976259606,5.053982076208776,3.756177288817782,47.4793015,12662,1229,12662,NAmerica,N America
6630.0,Louisville,UnitedStates,1304467.18323,6849.0,0.0868689252545536,0.0009770731049821137,0.0868689252545536,0.0685210131075738,0.0009028011696214516,0.0685210131075738,4.251362790228943,5.944106684389643,500.0,61455,22112,61455,NAmerica,N America
6350.0,Nashville,UnitedStates,1096307.26933,3489.0,0.0808350685154303,0.000895315358259949,0.0808350685154303,0.0811047981683161,0.000944666702384018,0.0811047981683161,4.355610981781152,4.618615173373891,500.0,31577,10133,31577,NAmerica,N America
6237.0,Tampa,UnitedStates,2678157.68541,4168.0,0.0473476247580651,0.0005036833416356679,0.0478194653931418,0.0336807013547108,0.0003702098217464264,0.034389051027427,5.559599995748688,4.269046537441665,500.0,29605,12279,27691,NAmerica,N America
5961.0,Kansas City,UnitedStates,1966035.11504,7540.0,0.0727378517608381,0.003455032576938,0.0727378517608381,0.0617738841488236,0.0029728767714049,0.0617738841488236,4.533688891750462,5.038125517955291,228.0057659753624,83481,13428,83481,NAmerica,N America
5229.0,San Antonio,UnitedStates,2222515.74324,6233.0,0.0618175652332061,0.0006993536216950793,0.0618175652332061,0.0692705230260611,0.0008074579868589939,0.0692705230260611,4.129890310976263,2.8092735853107658,500.0,22228,4152,22228,NAmerica,N America
4881.0,Salt Lake City,UnitedStates,1166374.4557,1738.0,0.0485913494101016,0.0005654376795113782,0.0485913494101016,0.0277273741920036,0.0003500411509164179,0.0277273741920036,6.162394573063667,6.265727392044046,500.0,7372,5534,7372,NAmerica,N America
5349.0,Austin,UnitedStates,1894805.9199,6117.0,0.0744455163530435,0.0008341715545703623,0.0744455163530435,0.0771431969923323,0.000892354095325209,0.0771431969923323,3.942485647972224,3.0841954485887144,500.0,32300,6177,32300,NAmerica,N America
4444.0,Portland,UnitedStates,2273466.32859,6026.0,0.0943520405544303,0.0009756462882944924,0.0943520405544303,0.0868370157322661,0.0009708320943314064,0.0868370157322661,5.112455592088173,4.937808470342382,500.0,108144,27001,108144,NAmerica,N America
4278.0,Tucson,UnitedStates,1023084.60621,3229.0,0.0492526173841192,0.0005394227038721417,0.0492526173841192,0.040617704690498,0.0004565743825137032,0.040617704690498,5.33227766437074,4.505652147608451,500.0,6185,2072,6185,NAmerica,N America
4143.0,Las Vegas,UnitedStates,2250989.01011,1623.0,0.028468984983774,0.0003382611334773198,0.028468984983774,0.0115612937607049,0.00014450533293710273,0.0115612937607049,7.362082279855231,6.656208878587815,500.0,3659,2640,3659,NAmerica,N America
3652.0,Sacramento,UnitedStates,2051326.28317,3863.0,0.0560877488472111,0.0006400004110184109,0.0560877488472111,0.0337016056150816,0.0004136489739727717,0.0337016056150816,4.914280695760675,6.711570471333282,500.0,70600,30567,70600,NAmerica,N America
2204.0,Tijuana,UnitedStates,3177732.23254,3940.0,0.0515560282409788,0.0005875494884635975,0.0516100520421441,0.0434414641784802,0.000548784476013577,0.0438413527248797,6.72686715299325,4.5454219191092,499.9879435456781,9854,2868,9624,NAmerica,N America
4510.0,Seattle,UnitedStates,3866486.79933,8328.0,0.0648532177637078,0.0007364762360813671,0.0647927117801339,0.0483639110487684,0.0006031789749305368,0.0482909103187926,5.121998915249587,5.685399924677165,500.0,72128,27250,70626,NAmerica,N America
1830.0,Sydney,Australia,4404986.3917,3881.0,0.0855468785261435,0.004589357989531,0.085797906514542,0.0732244178642184,0.0041675483840727,0.0734246005878011,6.560315369867887,4.009935101393901,100.0,22046,7731,21628,Oceania,Oceania
869.0,Auckland,NewZealand,1465958.28323,2159.0,0.0706246790995406,0.0040831994976381,0.0734186793159444,0.0287010676675735,0.0018323063046365,0.0323664970649013,8.089809663350088,6.353778041750157,100.0,10847,1350,9489,Oceania,Oceania
360.0,Perth,Australia,1676528.55892,2972.0,0.0786543984575612,0.0042708449266479,0.0786530926097553,0.0650993765970521,0.003981495135704,0.0651001566543673,6.232097591200066,5.189824586251241,100.0,13143,6831,13140,Oceania,Oceania
789.0,Adelaide,Australia,1384068.22419,4026.0,0.0357452143900577,0.0020787984909124,0.0357385125005727,0.0276323746408594,0.0015327602045991,0.0277054300482318,4.79737895217782,3.0296681348164425,100.0,10349,1497,10257,Oceania,Oceania
1266.0,Melbourne,Australia,4474593.50047,8348.0,0.0590038067425028,0.0032778955130154,0.0590662956728925,0.0468566060363925,0.0027616034570206,0.046970011221849,5.186884949154687,5.279676695169777,100.0,23005,5636,22832,Oceania,Oceania
2355.0,Brisbane,Australia,2150602.63651,3144.0,0.0864382149493637,0.004709115263521,0.0863881927120949,0.0735530585929474,0.0044978436726864,0.0735147414515893,5.573905771015585,5.083328007197665,100.0,59171,26000,58775,Oceania,Oceania
