system:index,Cntry_ISO,Cntry_name,Com_p_2015,Commuting,FUA_area,FUA_p_2015,UC_IDs,UC_area,UC_num,UC_p_2015,eFUA_ID,eFUA_name,fid_1,sum,.geo
00000000000000000009,ARM,Armenia,224065.957545,1.0,665.0,1356806.65085,4980,191.0,1.0,1132740.69331,359.0,Yerevan,232,3.780363010942658E10,"{""type"":""MultiPoint"",""coordinates"":[]}"
0000000000000000000f,AUT,Austria,524407.38564,1.0,3104.0,2381082.92866,3027,392.0,1.0,1856675.54302,790.0,Vienna,258,2.3840774089817102E11,"{""type"":""MultiPoint"",""coordinates"":[]}"
00000000000000000011,BHR,Bahrain,121374.767324,1.0,670.0,1369162.16931,5836,337.0,1.0,1247787.40199,16.0,Manama,274,7.313365640967935E10,"{""type"":""MultiPoint"",""coordinates"":[]}"
00000000000000000022,BLR,Belarus,130542.839985,1.0,1582.0,2137264.68485,3401,265.0,1.0,2006721.84486,799.0,Minsk,347,1.0430372308563702E11,"{""type"":""MultiPoint"",""coordinates"":[]}"
00000000000000000026,BEN,Benin,75721.9635563,1.0,521.0,1828526.29102,2078,299.0,1.0,1752804.32746,1657.0,Cotonou,377,1.0208241108232367E10,"{""type"":""MultiPoint"",""coordinates"":[]}"
0000000000000000003f,BGR,Bulgaria,497053.625502,1.0,1352.0,1423934.91426,3381,205.0,1.0,926881.288761,15.0,Sofia,712,1.1377707245851538E11,"{""type"":""MultiPoint"",""coordinates"":[]}"
00000000000000000040,BFA,BurkinaFaso,108987.190031,1.0,908.0,2813684.24882,1799,345.0,1.0,2704697.05878,1834.0,Ouagadougou,734,1.7593924055369816E10,"{""type"":""MultiPoint"",""coordinates"":[]}"
00000000000000000041,KHM,Cambodia,324567.028572,1.0,720.0,2140599.39492,11478,263.0,1.0,1816032.36634,976.0,Phnom Penh,773,1.9821448490161285E10,"{""type"":""MultiPoint"",""coordinates"":[]}"
0000000000000000004c,TCD,Chad,25650.7754333,1.0,258.0,1370021.33144,3186,174.0,1.0,1344370.556,483.0,N'Djamena,863,6.181396445929041E9,"{""type"":""MultiPoint"",""coordinates"":[]}"
0000000000000000004d,CHL,Chile,176052.681306,1.0,788.0,1008041.3939,901,184.0,1.0,831988.712593,1055.0,Viña del Mar [Valparaíso],898,2.454440661039096E10,"{""type"":""MultiPoint"",""coordinates"":[]}"
000000000000000000ca,HRV,Croatia,371969.17256,1.0,1571.0,1032621.7052,3032,203.0,1.0,660652.532642,410.0,Zagreb,2552,8.354935099953186E10,"{""type"":""MultiPoint"",""coordinates"":[]}"
000000000000000000cc,CZE,CzechRepublic,753295.902784,1.0,2897.0,1879976.61092,2927,295.0,1.0,1126680.70814,535.0,Prague,2580,2.1343640789988248E11,"{""type"":""MultiPoint"",""coordinates"":[]}"
000000000000000000cd,CIV,CotedIvoire,97921.7575831,1.0,1082.0,4649772.03074,1675,431.0,1.0,4551850.27316,2629.0,Abidjan,2615,6.52716980034413E10,"{""type"":""MultiPoint"",""coordinates"":[]}"
000000000000000000d3,DNK,Denmark,761523.758692,1.0,3406.0,1987482.45485,2749,387.0,1.0,1225958.69616,537.0,Copenhagen,2752,2.331108437334587E11,"{""type"":""MultiPoint"",""coordinates"":[]}"
000000000000000000d5,ECU,Ecuador,118412.786234,1.0,1016.0,2857865.39619,427,301.0,1.0,2739452.60995,818.0,Guayaquil,2773,2.9679740484327618E10,"{""type"":""MultiPoint"",""coordinates"":[]}"
000000000000000000e4,ETH,Ethiopia,138019.588378,1.0,810.0,3968807.40781,5134,392.0,1.0,3830787.81944,5821.0,Addis Ababa,3030,3.445581183455388E10,"{""type"":""MultiPoint"",""coordinates"":[]}"
000000000000000000e5,FIN,Finland,502608.451841,1.0,3066.0,1409994.0356,3244,344.0,1.0,907385.583757,687.0,Helsinki,3133,1.795567943438523E11,"{""type"":""MultiPoint"",""coordinates"":[]}"
000000000000000000ed,GEO,Georgia,73063.1552141,1.0,321.0,1150902.96446,4917,132.0,1.0,1077839.80925,826.0,Tbilisi,3210,3.870797781358955E10,"{""type"":""MultiPoint"",""coordinates"":[]}"
000000000000000000f9,GHA,Ghana,279984.087269,1.0,1029.0,3234531.77085,1785,431.0,1.0,2954547.68358,1296.0,Kumasi,3291,3.998152061046326E10,"{""type"":""MultiPoint"",""coordinates"":[]}"
000000000000000000fb,GRC,Greece,228129.915036,1.0,1107.0,1041904.90789,3384,117.0,1.0,813774.992859,552.0,Thessaloniki,3336,3.585743217018055E10,"{""type"":""MultiPoint"",""coordinates"":[]}"
000000000000000000fc,GRC,Greece,432224.457503,1.0,2246.0,3747423.8788,3420,438.0,1.0,3315199.4213,959.0,Athens,3339,1.7867730589683536E11,"{""type"":""MultiPoint"",""coordinates"":[]}"
000000000000000000fe,GIN,Guinea,63342.3744704,1.0,709.0,2533177.45823,1502,299.0,1.0,2469835.08376,550.0,Conakry,3384,1.4181797452870827E10,"{""type"":""MultiPoint"",""coordinates"":[]}"
000000000000000000ff,HTI,Haiti,78094.1683604,1.0,508.0,2847436.08117,741,280.0,1.0,2769341.91281,1302.0,Port-au-Prince,3409,1.0025233740107716E10,"{""type"":""MultiPoint"",""coordinates"":[]}"
00000000000000000100,HND,Honduras,149956.408937,1.0,862.0,1148517.18511,359,141.0,1.0,998560.776176,1301.0,Tegucigalpa,3430,1.2966664186351652E10,"{""type"":""MultiPoint"",""coordinates"":[]}"
00000000000000000101,HKG,HongKong,138002.749973,1.0,684.0,5845663.06696,12274,348.0,1.0,5707660.31699,73.0,Hong Kong,3434,3.9212859407282825E11,"{""type"":""MultiPoint"",""coordinates"":[]}"
00000000000000000102,HKG,HongKong,68826.1000127,1.0,282.0,1303459.23035,12291,115.0,1.0,1234633.13034,696.0,Sha Tin,3436,6.381844867400422E10,"{""type"":""MultiPoint"",""coordinates"":[]}"
0000000000000000018f,ISR,Israel,443664.430937,1.0,1102.0,2805937.20054,4309,477.0,1.0,2362272.7696,419.0,Tel Aviv,5717,1.863430000885241E11,"{""type"":""MultiPoint"",""coordinates"":[]}"
00000000000000000194,JAM,Jamaica,115920.738811,1.0,742.0,1134768.96738,600,236.0,1.0,1018848.22857,566.0,Kingston,5806,1.7213153445479137E10,"{""type"":""MultiPoint"",""coordinates"":[]}"
000000000000000001a4,KAZ,Kazakhstan,313412.871634,1.0,956.0,2043997.18347,6174,318.0,1.0,1730584.31183,2583.0,Almaty,5928,1.240711725220214E11,"{""type"":""MultiPoint"",""coordinates"":[]}"
000000000000000001a6,KEN,Kenya,70279.1153075,1.0,289.0,1104262.79954,5329,133.0,1.0,1033983.68423,3056.0,Mombasa,5953,1.4048720149473618E10,"{""type"":""MultiPoint"",""coordinates"":[]}"
000000000000000001a8,KGZ,Kyrgyzstan,59477.1751071,1.0,389.0,1179392.01353,6130,156.0,1.0,1119914.83842,1091.0,Bishkek,5976,2.154239952558069E10,"{""type"":""MultiPoint"",""coordinates"":[]}"
000000000000000001a9,LBN,Lebanon,350271.692212,1.0,868.0,2813753.44523,4337,262.0,1.0,2463481.75301,431.0,Beirut,5987,4.193134664876078E10,"{""type"":""MultiPoint"",""coordinates"":[]}"
000000000000000001aa,LBR,Liberia,60638.9145083,1.0,451.0,1482214.91226,1526,256.0,1.0,1421575.99775,98.0,Monrovia,5993,4.000536679096011E9,"{""type"":""MultiPoint"",""coordinates"":[]}"
000000000000000001ab,LBY,Libya,389136.161166,1.0,1222.0,1525385.72166,2971,429.0,1.0,1136249.56049,433.0,Tripoli,5999,4.499389578113047E10,"{""type"":""MultiPoint"",""coordinates"":[]}"
000000000000000001b2,MRT,Mauritania,23959.7816119,1.0,235.0,1140832.14514,1474,134.0,1.0,1116872.36353,289.0,Nouakchott,6088,1.2058987318057957E10,"{""type"":""MultiPoint"",""coordinates"":[]}"
000000000000000001c1,MNG,Mongolia,44861.6253444,1.0,383.0,1360931.8323,9602,166.0,1.0,1316070.20695,117.0,Ulaanbaatar,6246,3.5350215080129425E10,"{""type"":""MultiPoint"",""coordinates"":[]}"
000000000000000001c8,MOZ,Mozambique,150105.466335,1.0,690.0,2579017.68704,4220,423.0,1.0,2428912.22071,118.0,Maputo,6308,1.0183815004335192E10,"{""type"":""MultiPoint"",""coordinates"":[]}"
000000000000000001cb,NPL,Nepal,149974.440369,1.0,488.0,3679117.86657,8759,271.0,1.0,3529143.4262,1525.0,Kathmandu,6463,1.908275858019997E10,"{""type"":""MultiPoint"",""coordinates"":[]}"
000000000000000001cf,NIC,Nicaragua,128764.425068,1.0,883.0,1274053.34671,367,210.0,1.0,1145288.92164,594.0,Managua,6502,1.2820141604536911E10,"{""type"":""MultiPoint"",""coordinates"":[]}"
000000000000000001d0,NER,Niger,28989.7696583,1.0,202.0,1142932.71412,2067,113.0,1.0,1113942.94446,448.0,Niamey,6515,5.346307717885318E9,"{""type"":""MultiPoint"",""coordinates"":[]}"
000000000000000001e1,NOR,Norway,577731.188776,1.0,4272.0,1359903.32368,2493,242.0,1.0,782172.134902,596.0,Oslo,6974,2.4745179436893085E11,"{""type"":""MultiPoint"",""coordinates"":[]}"
000000000000000001ee,PSE,Palestina,54392.410669,1.0,355.0,1689860.60305,4285,257.0,1.0,1635468.19238,312.0,Gaza,7167,5.102800148247026E10,"{""type"":""MultiPoint"",""coordinates"":[]}"
000000000000000001fc,PRT,Portugal,596196.735188,1.0,1487.0,1594480.22563,1569,343.0,1.0,998283.490438,1003.0,Porto,7348,7.203991837150502E10,"{""type"":""MultiPoint"",""coordinates"":[]}"
000000000000000001fd,PRI,PuertoRico,405342.947999,1.0,1163.0,1374922.49429,902,373.0,1.0,969579.546293,308.0,Río Piedras [San Juan],7352,4.941193863391357E10,"{""type"":""MultiPoint"",""coordinates"":[]}"
000000000000000001ff,COG,RepublicofCongo,10272.4103544,1.0,176.0,1646275.68146,3211,134.0,1.0,1636003.27111,811.0,Brazzaville,7359,9.664384864688675E9,"{""type"":""MultiPoint"",""coordinates"":[]}"
00000000000000000200,ROU,Romania,456234.828626,1.0,2091.0,2230363.0964,3444,252.0,1.0,1774128.26778,2114.0,Bucharest,7387,2.2653505040541428E11,"{""type"":""MultiPoint"",""coordinates"":[]}"
00000000000000000217,SEN,Senegal,51496.8827909,1.0,388.0,3409806.43078,1452,277.0,1.0,3358309.54799,153.0,Dakar,7621,1.7212792206860985E10,"{""type"":""MultiPoint"",""coordinates"":[]}"
00000000000000000218,SEN,Senegal,14757.7861729,1.0,159.0,1016890.88545,1473,108.0,1.0,1002133.09927,1967.0,Touba,7637,5.256658001545135E9,"{""type"":""MultiPoint"",""coordinates"":[]}"
00000000000000000219,SRB,Serbia,309431.457165,1.0,1206.0,1416301.71285,3270,237.0,1.0,1106870.25569,758.0,Belgrade,7654,6.677080881801105E10,"{""type"":""MultiPoint"",""coordinates"":[]}"
0000000000000000021a,SLE,SierraLeone,31624.1763593,1.0,264.0,1222025.52102,1507,129.0,1.0,1190401.34467,156.0,Freetown,7663,5.279521953716516E9,"{""type"":""MultiPoint"",""coordinates"":[]}"
0000000000000000021b,SGP,Singapore,7776.56828097,1.0,637.0,5602397.89136,11498,518.0,1.0,5594621.32308,154.0,Singapore,7672,6.366411644289089E11,"{""type"":""MultiPoint"",""coordinates"":[]}"
0000000000000000021c,SOM,Somalia,15856.1494427,1.0,124.0,1518891.00393,5765,98.0,1.0,1503034.85449,1889.0,Mogadishu,7695,9.535995129625557E9,"{""type"":""MultiPoint"",""coordinates"":[]}"
00000000000000000233,SYR,Syria,599039.227775,1.0,1268.0,3304903.1249,4407,321.0,1.0,2705863.89713,1018.0,Damascus,7992,2.3934151537226967E10,"{""type"":""MultiPoint"",""coordinates"":[]}"
00000000000000000234,SYR,Syria,324989.970046,1.0,1036.0,2437709.28388,4417,294.0,1.0,2112719.31383,1133.0,Aleppo,7993,1.4530509736931978E10,"{""type"":""MultiPoint"",""coordinates"":[]}"
0000000000000000023a,TJK,Tajikistan,177912.735881,1.0,350.0,1241583.18275,6045,144.0,1.0,1063670.44687,1022.0,Dushanbe,8026,1.7152096175616844E10,"{""type"":""MultiPoint"",""coordinates"":[]}"
0000000000000000023d,TGO,Togo,93911.6400371,1.0,520.0,2180682.66188,2020,297.0,1.0,2086771.02184,1245.0,Lomé,8121,9.418118298817354E9,"{""type"":""MultiPoint"",""coordinates"":[]}"
0000000000000000024c,ARE,UnitedArabEmirates,229363.271166,1.0,697.0,1017109.48366,5909,205.0,1.0,787746.212494,195.0,Abu Dhabi,8382,1.7757584269153168E11,"{""type"":""MultiPoint"",""coordinates"":[]}"
00000000000000000299,YEM,Yemen,134239.528822,1.0,500.0,2671299.11422,5635,198.0,1.0,2537059.5854,1036.0,Sana'a,8961,8.189070434078276E9,"{""type"":""MultiPoint"",""coordinates"":[]}"
0000000000000000029b,ZMB,Zambia,238471.767035,1.0,743.0,2620092.50442,3798,309.0,1.0,2381620.73739,1986.0,Lusaka,8993,1.5325984296337889E10,"{""type"":""MultiPoint"",""coordinates"":[]}"
00000000000000000000,AFG,Afghanistan,138613.125663,1.0,707.0,4604344.15749,6118;6120,336.0,2.0,4465731.03183,2352.0,Kabul,22,1.894810443170129E10,"{""type"":""MultiPoint"",""coordinates"":[]}"
00000000000000000001,DZA,Algeria,133331.606969,1.0,465.0,1332318.68679,1890;1916,172.0,2.0,1198987.07982,947.0,Oran,41,2.8399165769889606E10,"{""type"":""MultiPoint"",""coordinates"":[]}"
00000000000000000003,AGO,Angola,456380.314485,1.0,1941.0,7308152.20825,3050;3079,792.0,2.0,6851771.89377,506.0,Luanda,123,8.972202278228693E10,"{""type"":""MultiPoint"",""coordinates"":[]}"
00000000000000000010,AZE,Azerbaijan,355045.301679,1.0,1210.0,2741763.27111,5513;5528,423.0,2.0,2386717.96943,1744.0,Baku,272,1.494560287692959E11,"{""type"":""MultiPoint"",""coordinates"":[]}"
0000000000000000004b,CAF,CentralAfricanRepublic,19455.6028748,1.0,155.0,1048483.32732,3363;3366,108.0,2.0,1029027.72445,524.0,Bangui,858,1.6961223606533155E9,"{""type"":""MultiPoint"",""coordinates"":[]}"
000000000000000000c9,CRI,CostaRica,480368.513263,1.0,1801.0,2565528.86422,392;398,489.0,2.0,2085160.35096,224.0,San José,2549,7.165169603742061E10,"{""type"":""MultiPoint"",""coordinates"":[]}"
000000000000000000cb,CUB,Cuba,278261.491558,1.0,976.0,2203018.96975,473;476,441.0,2.0,1924757.4782,225.0,Havana,2556,8.739941255029498E10,"{""type"":""MultiPoint"",""coordinates"":[]}"
000000000000000000d4,DOM,DominicanRepublic,239513.873056,1.0,1582.0,4248976.09982,813;816,545.0,2.0,4009462.22677,1674.0,Santo Domingo,2765,1.3356332602872266E11,"{""type"":""MultiPoint"",""coordinates"":[]}"
000000000000000000d6,ECU,Ecuador,329026.132599,1.0,1394.0,2659133.12609,467;472,366.0,2.0,2330106.99349,2569.0,Quito,2793,4.55667130808894E10,"{""type"":""MultiPoint"",""coordinates"":[]}"
000000000000000000e3,SLV,ElSalvador,801568.362546,1.0,2004.0,2661755.75746,316;321,341.0,2.0,1860187.39491,888.0,San Salvador,2879,3.060389736098494E10,"{""type"":""MultiPoint"",""coordinates"":[]}"
000000000000000000fa,GHA,Ghana,313796.012403,1.0,1934.0,4786265.39821,1910;1926,863.0,2.0,4472469.38581,2940.0,Accra,3313,4.745532601480836E10,"{""type"":""MultiPoint"",""coordinates"":[]}"
00000000000000000103,HUN,Hungary,1002885.83072,1.0,4197.0,2822154.57221,3190;3193,464.0,2.0,1819268.74149,964.0,Budapest,3442,2.3526772965095654E11,"{""type"":""MultiPoint"",""coordinates"":[]}"
000000000000000001a3,JOR,Jordan,390764.182776,1.0,1598.0,4123100.49344,4408;4450,551.0,2.0,3732336.31066,567.0,Amman,5899,7.930010154238516E10,"{""type"":""MultiPoint"",""coordinates"":[]}"
000000000000000001ac,MDG,Madagascar,93153.1713528,1.0,448.0,2386441.86536,5792;5793,266.0,2.0,2293288.694,723.0,Antananarivo,6030,1.2702388619535934E10,"{""type"":""MultiPoint"",""coordinates"":[]}"
000000000000000001ad,MWI,Malawi,113098.634397,1.0,338.0,1022605.26039,4490;4495,145.0,2.0,909506.625992,446.0,Lilongwe,6034,3.1411650798716335E9,"{""type"":""MultiPoint"",""coordinates"":[]}"
000000000000000001c9,MMR,Myanmar,173444.826395,1.0,705.0,2078198.48882,10155;10158,261.0,2.0,1904753.66242,1872.0,Mandalay,6371,2.155089580348038E10,"{""type"":""MultiPoint"",""coordinates"":[]}"
000000000000000001ca,MMR,Myanmar,327446.186789,1.0,1321.0,6143161.51779,10248;10261,540.0,2.0,5815715.331,4435.0,Yangon,6422,5.02134754479386E10,"{""type"":""MultiPoint"",""coordinates"":[]}"
000000000000000001ce,NZL,NewZealand,212814.292333,1.0,2159.0,1465958.28323,13129;13130,573.0,2.0,1253143.9909,869.0,Auckland,6498,1.0980863849355096E11,"{""type"":""MultiPoint"",""coordinates"":[]}"
000000000000000001e0,PRK,NorthKorea,293997.846659,1.0,754.0,2993742.73307,12109;12112,288.0,2.0,2699744.88641,3324.0,Pyongyang,6922,1.3251540589369413E10,"{""type"":""MultiPoint"",""coordinates"":[]}"
000000000000000001ef,PAN,Panama,192494.863102,1.0,952.0,1461305.31049,458;460,264.0,2.0,1268810.44738,740.0,Panama City,7176,6.110193385816818E10,"{""type"":""MultiPoint"",""coordinates"":[]}"
000000000000000001f0,PRY,Paraguay,453108.767346,1.0,1760.0,2487874.19088,1074;1079,455.0,2.0,2034765.42353,465.0,Asuncion,7187,3.4164419916418285E10,"{""type"":""MultiPoint"",""coordinates"":[]}"
000000000000000001f1,PER,Peru,299428.938042,1.0,2121.0,9669592.8658,528;539,896.0,2.0,9370163.92775,2327.0,Lima,7213,1.9627116363247757E11,"{""type"":""MultiPoint"",""coordinates"":[]}"
000000000000000001fe,QAT,Qatar,175187.319894,1.0,1100.0,1821304.86566,5865;5869,401.0,2.0,1646117.54576,146.0,Doha,7354,2.4055557882995758E11,"{""type"":""MultiPoint"",""coordinates"":[]}"
00000000000000000210,RWA,Rwanda,118863.632525,1.0,483.0,1294124.27931,4172;4196,231.0,2.0,1175260.64679,1338.0,Kigali,7580,1.2906680231256191E10,"{""type"":""MultiPoint"",""coordinates"":[]}"
00000000000000000230,SDN,Sudan,262526.162147,1.0,1363.0,6229523.11583,4335;4343,780.0,2.0,5966996.95368,3226.0,Khartoum,7923,4.015239725236565E10,"{""type"":""MultiPoint"",""coordinates"":[]}"
00000000000000000231,SWE,Sweden,612403.365263,1.0,2536.0,2011040.46665,2973;2988,400.0,2.0,1398637.10138,1445.0,Stockholm,7972,3.5782116205862024E11,"{""type"":""MultiPoint"",""coordinates"":[]}"
0000000000000000023e,TUN,Tunisia,250906.780879,1.0,1129.0,2534692.78747,2767;2792,459.0,2.0,2283786.00659,1545.0,Tunis,8142,5.979507406163616E10,"{""type"":""MultiPoint"",""coordinates"":[]}"
0000000000000000024d,ARE,UnitedArabEmirates,464337.494891,1.0,2177.0,5444031.30137,5915;5917,785.0,2.0,4979693.80648,357.0,Dubai,8383,2.3636052524685532E11,"{""type"":""MultiPoint"",""coordinates"":[]}"
0000000000000000028c,UZB,Uzbekistan,250851.575221,1.0,634.0,1046699.66595,5988;5991,224.0,2.0,795848.090729,1981.0,Samarkand,8757,1.5317652822117779E10,"{""type"":""MultiPoint"",""coordinates"":[]}"
0000000000000000029a,YEM,Yemen,53429.0223569,1.0,199.0,1123215.9061,5639;5641,105.0,2.0,1069786.88374,1150.0,Ta'izz,8962,3.8279012483482766E9,"{""type"":""MultiPoint"",""coordinates"":[]}"
0000000000000000004e,CHL,Chile,605163.781884,1.0,2923.0,7087659.55454,930;931;932,745.0,3.0,6482495.77266,2072.0,Santiago,908,2.275976239835642E11,"{""type"":""MultiPoint"",""coordinates"":[]}"
0000000000000000018e,IRL,Ireland,435701.42635,1.0,2245.0,1596285.053,1656;1659;1663,352.0,3.0,1160583.62665,415.0,Dublin,5714,3.57313046760641E11,"{""type"":""MultiPoint"",""coordinates"":[]}"
000000000000000001b1,MLI,Mali,112069.243272,1.0,700.0,3290547.46126,1552;1553;1555,369.0,3.0,3178478.21799,586.0,Bamako,6073,1.5515723466015163E10,"{""type"":""MultiPoint"",""coordinates"":[]}"
000000000000000001fb,PRT,Portugal,390507.766092,1.0,1575.0,2559898.92507,1551;1554;1556,503.0,3.0,2169391.15898,310.0,Lisbon,7345,1.610836982981594E11,"{""type"":""MultiPoint"",""coordinates"":[]}"
0000000000000000022e,LKA,SriLanka,1229604.38676,1.0,2789.0,5670079.61044,8826;8835;8886,1220.0,3.0,4440475.22368,434.0,Colombo,7876,1.021006644434256E11,"{""type"":""MultiPoint"",""coordinates"":[]}"
0000000000000000023b,TZA,Tanzania,189195.413404,1.0,1057.0,5644865.66667,5199;5222;5241,690.0,3.0,5455670.25326,3280.0,Dar es Salaam,8070,3.022152015030705E10,"{""type"":""MultiPoint"",""coordinates"":[]}"
0000000000000000023c,THA,Thailand,1336087.39988,1.0,5161.0,1.62901884579E7,10715;10765;10788,2648.0,3.0,1.4954101058E7,1894.0,Bangkok,8088,6.588395442599434E11,"{""type"":""MultiPoint"",""coordinates"":[]}"
0000000000000000028b,URY,Uruguay,244830.597626,1.0,802.0,1738937.87726,1137;1138;1146,298.0,3.0,1494107.27963,906.0,Montevideo,8741,5.0651100691043144E10,"{""type"":""MultiPoint"",""coordinates"":[]}"
0000000000000000028d,UZB,Uzbekistan,414764.192242,1.0,1259.0,3704738.50839,6008;6009;6013,540.0,3.0,3289974.31615,2481.0,Tashkent,8764,8.274775288989851E10,"{""type"":""MultiPoint"",""coordinates"":[]}"
000000000000000000fd,GTM,Guatemala,507404.700073,1.0,1421.0,3464817.45088,288;291;294;297,476.0,4.0,2957412.75081,2162.0,Guatemala City,3363,7.40573483175335E10,"{""type"":""MultiPoint"",""coordinates"":[]}"
000000000000000001a7,KWT,Kuwait,258058.446767,1.0,1147.0,3631546.88792,5691;5693;5705;5717,533.0,4.0,3373488.44115,429.0,Kuwait City,5970,2.4111145964364813E11,"{""type"":""MultiPoint"",""coordinates"":[]}"
000000000000000001cd,NLD,Netherlands,398465.371416,1.0,1294.0,1929349.97444,2152;2155;2167;2176,472.0,4.0,1530884.60303,1427.0,Amsterdam,6471,2.987041688763343E11,"{""type"":""MultiPoint"",""coordinates"":[]}"
0000000000000000022f,LKA,SriLanka,436603.051147,1.0,791.0,1182446.9012,9006;9018;9030;9031,276.0,4.0,745843.850052,1095.0,Kandy,7880,2.114924935435268E10,"{""type"":""MultiPoint"",""coordinates"":[]}"
00000000000000000232,CHE,Switzerland,1114773.56809,1.0,2588.0,2051343.04265,2449;2463;2475;2494,330.0,4.0,936569.474554,1479.0,Zurich,7983,3.203891408220115E11,"{""type"":""MultiPoint"",""coordinates"":[]}"
00000000000000000246,UGA,Uganda,183251.47848,1.0,1077.0,3964521.71566,4427;4428;4438;4461,618.0,4.0,3781270.23718,1899.0,Kampala,8299,2.6061014912920483E10,"{""type"":""MultiPoint"",""coordinates"":[]}"
0000000000000000029c,ZWE,Zimbabwe,394869.343813,1.0,1521.0,2906612.25731,4171;4189;4205;4208,571.0,4.0,2511742.9135,1558.0,Harare,9026,1.022610675230999E10,"{""type"":""MultiPoint"",""coordinates"":[]}"
000000000000000001cc,NLD,Netherlands,786390.60461,1.0,2943.0,3494348.38435,2123;2144;2138;2163;2164,932.0,5.0,2707957.77974,296.0,Rotterdam [The Hague],6467,3.208474735876657E11,"{""type"":""MultiPoint"",""coordinates"":[]}"
000000000000000001a5,KEN,Kenya,370543.083582,1.0,859.0,4712493.99749,4806;4808;4819;4821;4837;4855,422.0,6.0,4341950.91391,2171.0,Nairobi,5944,4.758225366297904E10,"{""type"":""MultiPoint"",""coordinates"":[]}"
00000000000000000002,DZA,Algeria,488597.12332,1.0,1802.0,4921385.25012,2084;2095;2096;2109;2111;2113;2117,874.0,7.0,4432788.1268,3145.0,Algiers,68,1.276743211587486E11,"{""type"":""MultiPoint"",""coordinates"":[]}"
00000000000000000004,ARG,Argentina,201105.98728,1.0,911.0,1139081.55375,966,195.0,1.0,937975.566467,358.0,Mendoza,167,2.1512005252141838E10,"{""type"":""MultiPoint"",""coordinates"":[]}"
00000000000000000005,ARG,Argentina,228014.017986,1.0,1159.0,1074939.05111,991,168.0,1.0,846925.033127,1467.0,San Miguel de Tucumán,176,1.257180457421586E10,"{""type"":""MultiPoint"",""coordinates"":[]}"
00000000000000000006,ARG,Argentina,251677.135719,1.0,1698.0,1617671.65553,1035,304.0,1.0,1365994.51981,2285.0,Cordoba,186,2.728768175140491E10,"{""type"":""MultiPoint"",""coordinates"":[]}"
00000000000000000007,ARG,Argentina,236906.539038,1.0,1444.0,1336722.50022,1070,244.0,1.0,1099815.96118,3340.0,Rosario,202,4.979688647070426E10,"{""type"":""MultiPoint"",""coordinates"":[]}"
00000000000000000008,ARG,Argentina,754787.862492,1.0,5376.0,1.49840689017E7,1101;1102;1103;1105;1109,2070.0,5.0,1.42292810392E7,4215.0,Buenos Aires,219,6.968306814824481E11,"{""type"":""MultiPoint"",""coordinates"":[]}"
0000000000000000000a,AUS,Australia,418184.463616,1.0,2972.0,1676528.55892,11640,766.0,1.0,1258344.09531,360.0,Perth,235,1.9404772120490607E11,"{""type"":""MultiPoint"",""coordinates"":[]}"
0000000000000000000b,AUS,Australia,349094.355119,1.0,4026.0,1384068.22419,12970;12977,577.0,2.0,1034973.86907,789.0,Adelaide,237,7.315028880589307E10,"{""type"":""MultiPoint"",""coordinates"":[]}"
0000000000000000000c,AUS,Australia,819241.200971,1.0,8348.0,4474593.50047,13020;13023,1692.0,2.0,3655352.2995,1266.0,Melbourne,240,3.117873436023714E11,"{""type"":""MultiPoint"",""coordinates"":[]}"
0000000000000000000d,AUS,Australia,553588.215742,1.0,3881.0,4404986.3917,13042;13043,1416.0,2.0,3851398.17595,1830.0,Sydney,245,3.207999955231727E11,"{""type"":""MultiPoint"",""coordinates"":[]}"
0000000000000000000e,AUS,Australia,903346.827995,1.0,3144.0,2150602.63651,13074;13076;13078;13079;13082,662.0,5.0,1247255.80851,2355.0,Brisbane,251,1.3108082779099835E11,"{""type"":""MultiPoint"",""coordinates"":[]}"
00000000000000000024,BEL,Belgium,888147.728382,1.0,1851.0,2269665.21302,2135,266.0,1.0,1381517.48463,1269.0,Brussels,361,2.5984501453110226E11,"{""type"":""MultiPoint"",""coordinates"":[]}"
00000000000000000025,BEL,Belgium,747718.680879,1.0,2710.0,1129391.82877,2208,158.0,1.0,381673.147888,1656.0,Liège,364,7.145554553179323E10,"{""type"":""MultiPoint"",""coordinates"":[]}"
00000000000000000023,BEL,Belgium,940750.035056,1.0,2393.0,1817176.41497,2133;2149,429.0,2.0,876426.379919,1160.0,Antwerp,360,1.8528751477865146E11,"{""type"":""MultiPoint"",""coordinates"":[]}"
00000000000000000014,BGD,Bangladesh,860304.902759,1.0,1310.0,2631728.4659,9780,589.0,1.0,1771423.56314,3033.0,Sirajganj,300,1.6809588754422346E10,"{""type"":""MultiPoint"",""coordinates"":[]}"
00000000000000000015,BGD,Bangladesh,552752.795431,1.0,785.0,1485869.0192,9845,359.0,1.0,933116.22377,3435.0,Tangail,308,7.6708660470732765E9,"{""type"":""MultiPoint"",""coordinates"":[]}"
00000000000000000017,BGD,Bangladesh,152936.295625,1.0,371.0,1408217.82493,9863,184.0,1.0,1255281.5293,3529.0,Khulna,310,9.804184053286282E9,"{""type"":""MultiPoint"",""coordinates"":[]}"
00000000000000000018,BGD,Bangladesh,224511.626394,1.0,610.0,1721611.74321,9872,386.0,1.0,1497100.11682,3702.0,Dhaka,312,2.2288915671444794E10,"{""type"":""MultiPoint"",""coordinates"":[]}"
0000000000000000001c,BGD,Bangladesh,258377.585736,1.0,550.0,1035698.08083,9905,299.0,1.0,777320.495091,4009.0,Kishoreganj,320,6.1592463419079275E9,"{""type"":""MultiPoint"",""coordinates"":[]}"
0000000000000000001f,BGD,Bangladesh,296292.543049,1.0,632.0,1291110.72759,9958,351.0,1.0,994818.184536,4515.0,Lakshmipur,328,6.352954033400879E9,"{""type"":""MultiPoint"",""coordinates"":[]}"
00000000000000000020,BGD,Bangladesh,284934.903114,1.0,503.0,1390248.89849,9982,196.0,1.0,1105313.99538,4644.0,Sylhet,331,8.991202892745321E9,"{""type"":""MultiPoint"",""coordinates"":[]}"
00000000000000000012,BGD,Bangladesh,210118.561992,1.0,448.0,1081657.57633,9650;9689,239.0,2.0,871539.014337,1749.0,Rajshahi,287,6.370630997428954E9,"{""type"":""MultiPoint"",""coordinates"":[]}"
00000000000000000013,BGD,Bangladesh,514151.4012,1.0,1033.0,1955452.19638,9726;9759,528.0,2.0,1441300.79518,2289.0,Bogura,293,1.0053441888040157E10,"{""type"":""MultiPoint"",""coordinates"":[]}"
00000000000000000016,BGD,Bangladesh,272894.875933,1.0,484.0,1150722.5143,9852;9866,230.0,2.0,877827.638364,3483.0,Mymensingh,309,6.286642172250357E9,"{""type"":""MultiPoint"",""coordinates"":[]}"
0000000000000000001b,BGD,Bangladesh,212444.097305,1.0,505.0,1548886.70489,9872;9925,297.0,2.0,1336442.60758,3707.0,Dhaka,315,1.623380747967766E10,"{""type"":""MultiPoint"",""coordinates"":[]}"
00000000000000000021,BGD,Bangladesh,565985.452591,1.0,1591.0,5964578.13113,10035;10046,829.0,2.0,5398592.67854,4833.0,Chattogram,335,5.172935668159573E10,"{""type"":""MultiPoint"",""coordinates"":[]}"
0000000000000000001a,BGD,Bangladesh,755832.175333,1.0,3268.0,2.03921571096E7,9868;9872;9874,2326.0,3.0,1.96363249343E7,3705.0,Dhaka,314,2.560482987474582E11,"{""type"":""MultiPoint"",""coordinates"":[]}"
0000000000000000001d,BGD,Bangladesh,417305.870232,1.0,1121.0,2480649.06816,9924;9932;9957,614.0,3.0,2063343.19793,4148.0,Brahmanbaria,323,1.9391422259591137E10,"{""type"":""MultiPoint"",""coordinates"":[]}"
00000000000000000019,BGD,Bangladesh,598111.74586,1.0,1377.0,3075402.54702,9871;9880;9872;9878;9885,615.0,5.0,2477290.80116,3703.0,Dhaka,313,2.5003789364882446E10,"{""type"":""MultiPoint"",""coordinates"":[]}"
0000000000000000001e,BGD,Bangladesh,2048545.75233,1.0,4493.0,8812244.06675,9922;9930;9938;9943;9946;9949;9975,2747.0,7.0,6763698.31443,4316.0,Comilla,326,4.453103815629962E10,"{""type"":""MultiPoint"",""coordinates"":[]}"
00000000000000000027,BOL,Bolivia,72733.9377234,1.0,745.0,1772263.30334,849,253.0,1.0,1699529.36562,209.0,El Alto [La Paz],387,1.6601557136185804E10,"{""type"":""MultiPoint"",""coordinates"":[]}"
00000000000000000028,BOL,Bolivia,136178.659136,1.0,870.0,1227385.36304,897,223.0,1.0,1091206.70391,800.0,Cochabamba,391,1.3691916116808268E10,"{""type"":""MultiPoint"",""coordinates"":[]}"
00000000000000000029,BOL,Bolivia,204691.301359,1.0,817.0,1762054.23438,976,281.0,1.0,1557362.93302,1570.0,Santa Cruz de la Sierra,397,2.792301937053186E10,"{""type"":""MultiPoint"",""coordinates"":[]}"
0000000000000000002a,BRA,Brazil,63874.4485804,1.0,453.0,2080861.00923,1006,261.0,1.0,2016986.56065,1477.0,Manaus,419,3.752409042575788E10,"{""type"":""MultiPoint"",""coordinates"":[]}"
0000000000000000002b,BRA,Brazil,87061.1820918,1.0,587.0,2174968.08768,1165,272.0,1.0,2087906.90559,4483.0,Belém,474,3.545096062894944E10,"{""type"":""MultiPoint"",""coordinates"":[]}"
00000000000000000032,BRA,Brazil,178178.634424,1.0,555.0,1455771.20985,1312,236.0,1.0,1277592.57543,6639.0,São Luís,596,9.566262430439589E9,"{""type"":""MultiPoint"",""coordinates"":[]}"
00000000000000000034,BRA,Brazil,142599.055097,1.0,1028.0,1036955.51972,1343,178.0,1.0,894356.464624,6852.0,Teresina,621,1.0343862686653664E10,"{""type"":""MultiPoint"",""coordinates"":[]}"
0000000000000000003b,BRA,Brazil,154572.017542,1.0,682.0,1184064.69007,1438,157.0,1.0,1029492.67253,7390.0,Maceió,702,1.1021381194980553E10,"{""type"":""MultiPoint"",""coordinates"":[]}"
0000000000000000003d,BRA,Brazil,248756.095761,1.0,1262.0,3679510.14639,1445,477.0,1.0,3430754.05063,7418.0,Recife,707,5.100863404248101E10,"{""type"":""MultiPoint"",""coordinates"":[]}"
00000000000000000037,BRA,Brazil,284528.396549,1.0,1215.0,1998757.60557,1372;1373,323.0,2.0,1714229.20902,7021.0,Sao Goncalo,643,3.470624396637695E10,"{""type"":""MultiPoint"",""coordinates"":[]}"
00000000000000000039,BRA,Brazil,339040.770837,1.0,1557.0,3611864.22693,1405;1406,418.0,2.0,3272823.45609,7226.0,Fortaleza,672,3.95707715402922E10,"{""type"":""MultiPoint"",""coordinates"":[]}"
0000000000000000003a,BRA,Brazil,123979.675988,1.0,623.0,3252523.07781,1420;1421,328.0,2.0,3128543.40183,7303.0,Salvador,686,5.440734939716193E10,"{""type"":""MultiPoint"",""coordinates"":[]}"
0000000000000000003e,BRA,Brazil,105807.927816,1.0,446.0,1124050.37118,1448;1449,180.0,2.0,1018242.44337,7434.0,João Pessoa,710,8.608681312343473E9,"{""type"":""MultiPoint"",""coordinates"":[]}"
0000000000000000002c,BRA,Brazil,242772.900051,1.0,1842.0,2248199.0731,1174;1176;1177,511.0,3.0,2005426.17305,4809.0,Goiânia,483,5.278267127489795E10,"{""type"":""MultiPoint"",""coordinates"":[]}"
0000000000000000002f,BRA,Brazil,395037.509146,1.0,1593.0,3033042.20493,1242;1243;1251,586.0,3.0,2638004.69579,5926.0,Curitiba,540,7.978074082420543E10,"{""type"":""MultiPoint"",""coordinates"":[]}"
00000000000000000030,BRA,Brazil,463954.186516,1.0,1571.0,2509882.22362,1284;1288;1291,497.0,3.0,2045928.0371,6461.0,Campinas,583,5.232670485831487E10,"{""type"":""MultiPoint"",""coordinates"":[]}"
00000000000000000033,BRA,Brazil,146290.9044,1.0,722.0,1712548.22359,1313;1319;1320,302.0,3.0,1566257.31919,6700.0,Santos,600,3.558838639218582E10,"{""type"":""MultiPoint"",""coordinates"":[]}"
00000000000000000035,BRA,Brazil,811117.808686,1.0,3099.0,4966926.83222,1346;1347;1349,618.0,3.0,4155809.02354,6870.0,Belo Horizonte,624,1.0214872596460852E11,"{""type"":""MultiPoint"",""coordinates"":[]}"
00000000000000000038,BRA,Brazil,244697.23834,1.0,911.0,1710333.44125,1400;1401;1402,281.0,3.0,1465636.20291,7190.0,Vila Velha,669,3.360126807335138E10,"{""type"":""MultiPoint"",""coordinates"":[]}"
0000000000000000003c,BRA,Brazil,164347.374874,1.0,694.0,1321459.96645,1440;1441;1442,188.0,3.0,1157112.59158,7406.0,Natal,704,1.5690453224563757E10,"{""type"":""MultiPoint"",""coordinates"":[]}"
0000000000000000002d,BRA,Brazil,157929.979159,1.0,867.0,1973463.71856,1210;1211;1219;1221,307.0,4.0,1815533.7394,5465.0,Ceilândia,516,8.281596612733636E10,"{""type"":""MultiPoint"",""coordinates"":[]}"
0000000000000000002e,BRA,Brazil,253831.257072,1.0,1373.0,2907003.90809,1216;1217;1218;1226,537.0,4.0,2653172.65102,5593.0,Porto Alegre,521,7.854128073443929E10,"{""type"":""MultiPoint"",""coordinates"":[]}"
00000000000000000036,BRA,Brazil,623551.478186,1.0,3598.0,1.08143912338E7,1360;1361;1363;1368,1467.0,4.0,1.01908397556E7,6961.0,Rio de Janeiro,636,2.4200062889204324E11,"{""type"":""MultiPoint"",""coordinates"":[]}"
00000000000000000031,BRA,Brazil,1217578.9919,1.0,6077.0,2.16845228166E7,1300;1302;1303;1306;1308;1309;1310;1311;1317;1318,2329.0,10.0,2.04669438247E7,6567.0,São Paulo,592,4.7106010364392224E11,"{""type"":""MultiPoint"",""coordinates"":[]}"
00000000000000000047,CAN,Canada,257004.417688,1.0,2816.0,1232005.12739,403,490.0,1.0,975000.709702,1572.0,Edmonton,828,1.2970775972529065E11,"{""type"":""MultiPoint"",""coordinates"":[]}"
00000000000000000045,CAN,Canada,215709.739324,1.0,1601.0,2407755.76844,187;199;204,770.0,3.0,2192046.02912,375.0,Vancouver,822,2.2574276232274823E11,"{""type"":""MultiPoint"",""coordinates"":[]}"
00000000000000000046,CAN,Canada,199516.656313,1.0,2051.0,1382751.20609,361;362;365,512.0,3.0,1183234.54977,1276.0,Calgary,826,1.6105708004454425E11,"{""type"":""MultiPoint"",""coordinates"":[]}"
00000000000000000048,CAN,Canada,734406.305283,1.0,8223.0,7278248.43549,875;881;893;899,2251.0,4.0,6543842.13021,2626.0,Toronto,840,6.173754697368945E11,"{""type"":""MultiPoint"",""coordinates"":[]}"
00000000000000000049,CAN,Canada,304284.967546,1.0,2325.0,1277528.02319,985; 988; 989;1002,392.0,4.0,973243.055641,3343.0,Ottawa,845,9.259514051715018E10,"{""type"":""MultiPoint"",""coordinates"":[]}"
0000000000000000004a,CAN,Canada,743667.998897,1.0,5027.0,4089586.48673,1013;1017;1026;1030,1201.0,4.0,3345918.48784,3485.0,Montreal,846,3.210889324802247E11,"{""type"":""MultiPoint"",""coordinates"":[]}"
0000000000000000004f,CHN,China,222422.751259,1.0,1047.0,3279549.97678,7045,323.0,1.0,3057127.22552,2293.0,Ürümqi,943,1.5425351957853555E11,"{""type"":""MultiPoint"",""coordinates"":[]}"
00000000000000000052,CHN,China,263902.460577,1.0,1012.0,1704007.09763,10137,266.0,1.0,1440104.63705,4150.0,Yinchuan,980,4.0365865958597336E10,"{""type"":""MultiPoint"",""coordinates"":[]}"
00000000000000000053,CHN,China,210209.31324,1.0,638.0,2206063.06948,10186,243.0,1.0,1995853.75624,4760.0,Baotou,997,1.0776611020149918E11,"{""type"":""MultiPoint"",""coordinates"":[]}"
00000000000000000054,CHN,China,249745.415587,1.0,856.0,2130821.85576,10265,260.0,1.0,1881076.44018,5335.0,Hohhot,1024,9.096348957344586E10,"{""type"":""MultiPoint"",""coordinates"":[]}"
00000000000000000057,CHN,China,333397.371912,1.0,693.0,1182083.7041,10342,170.0,1.0,848686.332184,6206.0,Baoji,1080,2.6929709794406433E10,"{""type"":""MultiPoint"",""coordinates"":[]}"
00000000000000000058,CHN,China,232486.360683,1.0,827.0,1733548.66568,10398,210.0,1.0,1501062.305,6640.0,Datong,1124,3.711080938375336E10,"{""type"":""MultiPoint"",""coordinates"":[]}"
0000000000000000005b,CHN,China,367182.146782,1.0,1065.0,3818782.52794,10532,375.0,1.0,3451600.38115,7359.0,Taiyuan,1229,1.2581466189015308E11,"{""type"":""MultiPoint"",""coordinates"":[]}"
0000000000000000005e,CHN,China,917336.473716,1.0,1780.0,4232106.67047,10718,586.0,1.0,3314770.19675,7744.0,Shijiazhuang,1359,6.703735863985679E10,"{""type"":""MultiPoint"",""coordinates"":[]}"
0000000000000000005f,CHN,China,446394.481887,1.0,905.0,1697773.41899,10753,238.0,1.0,1251378.9371,7798.0,Baoding,1384,2.562380674081619E10,"{""type"":""MultiPoint"",""coordinates"":[]}"
00000000000000000062,CHN,China,370871.321234,1.0,674.0,1111698.43006,10859,125.0,1.0,740827.108826,7960.0,Xingtai,1457,1.7747177450369354E10,"{""type"":""MultiPoint"",""coordinates"":[]}"
00000000000000000067,CHN,China,485887.97566,1.0,951.0,1562152.21147,10923,223.0,1.0,1076264.23581,8057.0,Anyang,1497,3.768672671512769E10,"{""type"":""MultiPoint"",""coordinates"":[]}"
0000000000000000006c,CHN,China,485457.011151,1.0,878.0,1261384.99125,11068,183.0,1.0,775927.980103,8274.0,Nanyang,1581,1.5661786557752747E10,"{""type"":""MultiPoint"",""coordinates"":[]}"
0000000000000000006d,CHN,China,215868.156856,1.0,435.0,1018607.28401,11088,134.0,1.0,802739.127151,8298.0,Pingdingshan,1592,1.6118945756169706E10,"{""type"":""MultiPoint"",""coordinates"":[]}"
0000000000000000006e,CHN,China,459895.859048,1.0,1548.0,4590552.64352,11112,457.0,1.0,4130656.78447,8332.0,Harbin,1609,9.917071327410672E10,"{""type"":""MultiPoint"",""coordinates"":[]}"
0000000000000000006f,CHN,China,333877.836547,1.0,930.0,1401398.91231,11113,202.0,1.0,1067521.07576,8334.0,Fancheng,1610,2.3779814920481327E10,"{""type"":""MultiPoint"",""coordinates"":[]}"
00000000000000000070,CHN,China,354094.128496,1.0,657.0,1021674.00303,11131,156.0,1.0,667579.874535,8356.0,Xuchang,1620,2.4973249564253227E10,"{""type"":""MultiPoint"",""coordinates"":[]}"
00000000000000000071,CHN,China,156017.618825,1.0,639.0,1019239.06764,11140,143.0,1.0,863221.448811,8366.0,Yichang,1625,3.3948571550765137E10,"{""type"":""MultiPoint"",""coordinates"":[]}"
00000000000000000074,CHN,China,511579.978528,1.0,852.0,1188290.35848,11199,172.0,1.0,676710.379951,8448.0,Luohe,1664,2.5994315009722187E10,"{""type"":""MultiPoint"",""coordinates"":[]}"
00000000000000000075,CHN,China,803253.820699,1.0,1923.0,4264024.41164,11223,529.0,1.0,3460770.59094,8476.0,Jinan,1678,1.0360188792073763E11,"{""type"":""MultiPoint"",""coordinates"":[]}"
00000000000000000077,CHN,China,297359.952933,1.0,562.0,1006438.02257,11317,124.0,1.0,709078.069641,8604.0,Tai'an,1738,2.695917528781817E10,"{""type"":""MultiPoint"",""coordinates"":[]}"
0000000000000000007a,CHN,China,298489.429992,1.0,525.0,1023093.18866,11341,108.0,1.0,724603.758667,8644.0,Jining,1755,2.605577722213987E10,"{""type"":""MultiPoint"",""coordinates"":[]}"
0000000000000000007d,CHN,China,390827.205236,1.0,837.0,1470959.82606,11398,244.0,1.0,1080132.62082,8747.0,Fushun,1795,2.7900297766805653E10,"{""type"":""MultiPoint"",""coordinates"":[]}"
0000000000000000007f,CHN,China,189255.929902,1.0,659.0,1690756.19417,11415,174.0,1.0,1501500.26427,8777.0,Jilin,1807,3.3813011165192696E10,"{""type"":""MultiPoint"",""coordinates"":[]}"
00000000000000000080,CHN,China,285168.89974,1.0,773.0,1737108.20055,11438,232.0,1.0,1451939.30081,8809.0,Liuzhou,1821,2.440807857829964E10,"{""type"":""MultiPoint"",""coordinates"":[]}"
00000000000000000081,CHN,China,242031.072901,1.0,947.0,1311446.36238,11492,232.0,1.0,1069415.28948,8891.0,Guilin,1857,1.0481149045480204E10,"{""type"":""MultiPoint"",""coordinates"":[]}"
00000000000000000085,CHN,China,289071.934806,1.0,1290.0,3668893.67929,11540,553.0,1.0,3379821.74448,8973.0,Dalian,1891,6.818304538088727E10,"{""type"":""MultiPoint"",""coordinates"":[]}"
0000000000000000008b,CHN,China,578832.110484,1.0,1496.0,3904010.58309,11626,422.0,1.0,3325178.47261,9100.0,Changsha,1945,1.0429321425033917E11,"{""type"":""MultiPoint"",""coordinates"":[]}"
0000000000000000008c,CHN,China,294780.16096,1.0,823.0,1228014.29093,11654,174.0,1.0,933234.129967,9136.0,Xiangtan,1963,2.6336316795310688E10,"{""type"":""MultiPoint"",""coordinates"":[]}"
0000000000000000008f,CHN,China,387754.212625,1.0,968.0,1340729.87376,11698,166.0,1.0,952975.661133,9192.0,Hengyang,1986,2.36064719084178E10,"{""type"":""MultiPoint"",""coordinates"":[]}"
00000000000000000096,CHN,China,236840.930814,1.0,612.0,1204127.26612,11842,157.0,1.0,967286.335303,9401.0,Zhanjiang,2074,2.9560852305848755E10,"{""type"":""MultiPoint"",""coordinates"":[]}"
00000000000000000097,CHN,China,732233.201299,1.0,2608.0,4730879.8577,11881,566.0,1.0,3998646.6564,9459.0,Hefei,2100,1.3691488109695717E11,"{""type"":""MultiPoint"",""coordinates"":[]}"
0000000000000000009f,CHN,China,184697.09142,1.0,681.0,1899221.60087,12080,434.0,1.0,1714524.50945,9716.0,Guangzhou,2210,4.745964109202886E10,"{""type"":""MultiPoint"",""coordinates"":[]}"
000000000000000000a1,CHN,China,140355.44749,1.0,461.0,1393718.2398,12080,257.0,1.0,1253362.79231,9719.0,Guangzhou,2212,3.9164543598616806E10,"{""type"":""MultiPoint"",""coordinates"":[]}"
000000000000000000a2,CHN,China,39617.192589,1.0,583.0,3492565.57875,12080,447.0,1.0,3452948.38616,9721.0,Guangzhou,2213,1.1112743236651793E11,"{""type"":""MultiPoint"",""coordinates"":[]}"
000000000000000000a3,CHN,China,1005.31839371,1.0,247.0,2113159.85112,12080,220.0,1.0,2112154.53272,9724.0,Guangzhou,2214,7.901051252775253E10,"{""type"":""MultiPoint"",""coordinates"":[]}"
000000000000000000a5,CHN,China,230607.290625,1.0,710.0,1311748.66967,12088,184.0,1.0,1081141.37905,9731.0,Wuhu,2217,5.264963805904069E10,"{""type"":""MultiPoint"",""coordinates"":[]}"
000000000000000000a7,CHN,China,459812.913059,1.0,917.0,1176341.88814,12097,179.0,1.0,716528.975082,9743.0,Yancheng,2221,5.380133888558508E10,"{""type"":""MultiPoint"",""coordinates"":[]}"
000000000000000000ab,CHN,China,220891.714928,1.0,577.0,1353907.84102,12181,235.0,1.0,1133016.1261,9839.0,Zhongshan,2259,3.53697502568024E10,"{""type"":""MultiPoint"",""coordinates"":[]}"
000000000000000000b3,CHN,China,230201.296364,1.0,512.0,1043190.95965,12346,146.0,1.0,812989.663284,10020.0,Changshu,2327,4.307631729388594E10,"{""type"":""MultiPoint"",""coordinates"":[]}"
000000000000000000c0,CHN,China,415278.532723,1.0,1042.0,1521917.5916,12585,299.0,1.0,1106639.05888,10353.0,Putian,2444,8.41629732695311E10,"{""type"":""MultiPoint"",""coordinates"":[]}"
000000000000000000c2,CHN,China,187586.355768,1.0,604.0,1326399.38473,12602,295.0,1.0,1138813.02896,10374.0,Yueqing,2449,3.754388226863103E10,"{""type"":""MultiPoint"",""coordinates"":[]}"
00000000000000000050,CHN,China,173080.342312,1.0,569.0,1414920.69654,10096;10097,157.0,2.0,1241840.35423,3438.0,Xining,962,3.3245582552807606E10,"{""type"":""MultiPoint"",""coordinates"":[]}"
00000000000000000051,CHN,China,157412.194472,1.0,871.0,2585524.21751,10122;10138,261.0,2.0,2428112.02304,3828.0,Lanzhou,971,4.48679107789026E10,"{""type"":""MultiPoint"",""coordinates"":[]}"
00000000000000000056,CHN,China,336528.354173,1.0,649.0,1129793.16307,10319;10321,137.0,2.0,793264.808899,5963.0,Mianyang,1063,1.821373950492685E10,"{""type"":""MultiPoint"",""coordinates"":[]}"
00000000000000000059,CHN,China,330048.427993,1.0,1384.0,3554514.06121,10476;10504,401.0,2.0,3224465.63321,7076.0,Kunming,1186,4.128077747403876E10,"{""type"":""MultiPoint"",""coordinates"":[]}"
00000000000000000060,CHN,China,198436.697069,1.0,511.0,1079361.07326,10809;10814,122.0,2.0,880924.376193,7884.0,Zunyi,1422,2.202840417228558E10,"{""type"":""MultiPoint"",""coordinates"":[]}"
00000000000000000063,CHN,China,489819.90623,1.0,1115.0,2359897.52587,10860;10866,390.0,2.0,1870077.61964,7962.0,Luoyang,1458,3.387939552325995E10,"{""type"":""MultiPoint"",""coordinates"":[]}"
00000000000000000064,CHN,China,435588.786914,1.0,843.0,1414484.64244,10885;10910,249.0,2.0,978895.855526,8039.0,Jiaozuo,1489,2.792107891706232E10,"{""type"":""MultiPoint"",""coordinates"":[]}"
00000000000000000065,CHN,China,477768.758465,1.0,856.0,1698252.07214,10912;10925,221.0,2.0,1220483.31368,8043.0,Handan,1491,3.2859386352738136E10,"{""type"":""MultiPoint"",""coordinates"":[]}"
00000000000000000072,CHN,China,124946.718754,1.0,443.0,1044685.58494,11144;11153,146.0,2.0,919738.866188,8372.0,Qinhuangdao,1628,1.6515929132982668E10,"{""type"":""MultiPoint"",""coordinates"":[]}"
00000000000000000073,CHN,China,223473.549115,1.0,575.0,1171199.29514,11161;11198,164.0,2.0,947725.746025,8396.0,Jinzhou,1639,2.0471057701697464E10,"{""type"":""MultiPoint"",""coordinates"":[]}"
00000000000000000076,CHN,China,444560.904613,1.0,1847.0,3868822.1543,11248;11281,450.0,2.0,3424261.24969,8510.0,Changchun,1694,7.993080053534091E10,"{""type"":""MultiPoint"",""coordinates"":[]}"
00000000000000000078,CHN,China,557487.061968,1.0,1005.0,1136814.74397,11329;11362,179.0,2.0,579327.682007,8620.0,Shangqiu,1745,1.918238482207506E10,"{""type"":""MultiPoint"",""coordinates"":[]}"
00000000000000000079,CHN,China,677093.513889,1.0,2024.0,6219708.34811,11334;11365,566.0,2.0,5542614.83422,8630.0,Shenyang,1750,1.5751804754101196E11,"{""type"":""MultiPoint"",""coordinates"":[]}"
00000000000000000083,CHN,China,590796.171504,1.0,1230.0,1768060.18832,11519;11553,283.0,2.0,1177264.01682,8935.0,Weifang,1874,4.519777694516617E10,"{""type"":""MultiPoint"",""coordinates"":[]}"
00000000000000000084,CHN,China,429972.030167,1.0,783.0,1100943.66786,11535;11541,158.0,2.0,670971.637695,8963.0,Fuyang,1886,2.9135632195994003E10,"{""type"":""MultiPoint"",""coordinates"":[]}"
00000000000000000088,CHN,China,293042.194151,1.0,607.0,1220714.56369,11551;11556,182.0,2.0,927672.369543,8993.0,Huaibei,1900,2.35333158971039E10,"{""type"":""MultiPoint"",""coordinates"":[]}"
00000000000000000089,CHN,China,723429.011216,1.0,1607.0,2483179.90076,11552;11561,408.0,2.0,1759750.88954,9008.0,Xuzhou,1905,7.91381239993778E10,"{""type"":""MultiPoint"",""coordinates"":[]}"
0000000000000000008e,CHN,China,167739.525937,1.0,521.0,1182940.3466,11692;11717,150.0,2.0,1015200.82066,9186.0,Zhuzhou,1984,2.2709408179871017E10,"{""type"":""MultiPoint"",""coordinates"":[]}"
00000000000000000090,CHN,China,460980.385757,1.0,1522.0,2046203.97884,11706;11806,418.0,2.0,1585223.59309,9208.0,Yantai,1993,4.2719144145802086E10,"{""type"":""MultiPoint"",""coordinates"":[]}"
00000000000000000092,CHN,China,452329.313168,1.0,1089.0,1403773.44255,11720;11739,221.0,2.0,951444.129387,9263.0,Huangshi,2012,2.4560741492780724E10,"{""type"":""MultiPoint"",""coordinates"":[]}"
00000000000000000093,CHN,China,321837.348919,1.0,795.0,1195820.09161,11749;11768,197.0,2.0,873982.742695,9307.0,Bengbu,2032,2.1184503025059624E10,"{""type"":""MultiPoint"",""coordinates"":[]}"
00000000000000000095,CHN,China,158559.23077,1.0,753.0,1072374.95234,11776;11788,278.0,2.0,913815.721572,9329.0,Huangdao,2041,2.379372504244469E10,"{""type"":""MultiPoint"",""coordinates"":[]}"
00000000000000000099,CHN,China,251142.833296,1.0,701.0,1920718.47452,11911;11925,235.0,2.0,1669575.64123,9511.0,Haikou,2122,4.548663033582913E10,"{""type"":""MultiPoint"",""coordinates"":[]}"
0000000000000000009a,CHN,China,417987.555981,1.0,868.0,1577760.99373,11937;11966,184.0,2.0,1159773.43774,9525.0,Huai'an,2128,7.67510717182847E10,"{""type"":""MultiPoint"",""coordinates"":[]}"
0000000000000000009b,CHN,China,657878.86987,1.0,1916.0,3904839.5276,12010;12040,483.0,2.0,3246960.65773,9629.0,Nanchang,2177,7.42970058586E10,"{""type"":""MultiPoint"",""coordinates"":[]}"
0000000000000000009c,CHN,China,1048725.29831,1.0,2419.0,6914261.04841,12055;12072,742.0,2.0,5865535.7501,9701.0,Nanjing,2204,2.4706836291671265E11,"{""type"":""MultiPoint"",""coordinates"":[]}"
000000000000000000a6,CHN,China,304014.945277,1.0,542.0,1053269.07339,12089;12095,152.0,2.0,749254.128113,9741.0,花都区,2220,3.00841936818597E10,"{""type"":""MultiPoint"",""coordinates"":[]}"
000000000000000000a9,CHN,China,202588.054926,1.0,608.0,1008165.43118,12131;12145,154.0,2.0,805577.376251,9793.0,Ganzhou,2241,1.7446873801624E10,"{""type"":""MultiPoint"",""coordinates"":[]}"
000000000000000000aa,CHN,China,416053.579756,1.0,867.0,1131587.12987,12175;12215,205.0,2.0,715533.550117,9831.0,Taizhou,2255,4.2293075845349915E10,"{""type"":""MultiPoint"",""coordinates"":[]}"
000000000000000000ad,CHN,China,755147.957497,1.0,1506.0,3486423.01188,12249;12250,645.0,2.0,2731275.05438,9917.0,Changzhou,2288,1.4736719570679944E11,"{""type"":""MultiPoint"",""coordinates"":[]}"
000000000000000000ae,CHN,China,365506.580725,1.0,735.0,1258760.89789,12272;12275,202.0,2.0,893254.317162,9939.0,Jiangyin,2297,6.015362999605855E10,"{""type"":""MultiPoint"",""coordinates"":[]}"
000000000000000000af,CHN,China,371853.012419,1.0,974.0,2079954.49011,12262;12279,295.0,2.0,1708101.47769,9947.0,Huizhou,2301,4.645783633776329E10,"{""type"":""MultiPoint"",""coordinates"":[]}"
000000000000000000b1,CHN,China,325192.040353,1.0,717.0,1509729.02985,12300;12318,317.0,2.0,1184536.98949,9969.0,Zhangjiagang,2310,5.8967214651076454E10,"{""type"":""MultiPoint"",""coordinates"":[]}"
000000000000000000bb,CHN,China,689221.733136,1.0,1653.0,3737732.22752,12528;12558,675.0,2.0,3048510.49439,10282.0,Ningbo,2419,1.1904765076282217E11,"{""type"":""MultiPoint"",""coordinates"":[]}"
00000000000000000069,CHN,China,647628.108574,1.0,1676.0,2358087.33009,10991;11028;11037,390.0,3.0,1710459.22151,8159.0,Tangshan,1539,4.8968263109537834E10,"{""type"":""MultiPoint"",""coordinates"":[]}"
0000000000000000007e,CHN,China,319962.17564,1.0,759.0,1846134.212,11390;11393;11401,232.0,3.0,1526172.03636,8753.0,Anshan,1797,3.733615997931781E10,"{""type"":""MultiPoint"",""coordinates"":[]}"
00000000000000000082,CHN,China,240518.915262,1.0,567.0,1000825.59384,11502;11504;11518,128.0,3.0,760306.678574,8909.0,Shaoyang,1865,1.2913321788291292E10,"{""type"":""MultiPoint"",""coordinates"":[]}"
0000000000000000008a,CHN,China,917894.842413,1.0,1815.0,2405441.97621,11599;11617;11662,532.0,3.0,1487547.1338,9062.0,Linyi,1929,5.178256098848218E10,"{""type"":""MultiPoint"",""coordinates"":[]}"
0000000000000000008d,CHN,China,471268.956621,1.0,814.0,1285290.54363,11683;11689;11725,222.0,3.0,814021.587006,9182.0,Yulin,1982,1.7982030004324944E10,"{""type"":""MultiPoint"",""coordinates"":[]}"
00000000000000000091,CHN,China,371517.772472,1.0,895.0,1591003.12042,11705;11735;11738,257.0,3.0,1219485.34794,9261.0,Tianjia‘an,2011,4.051676213058592E10,"{""type"":""MultiPoint"",""coordinates"":[]}"
00000000000000000094,CHN,China,782253.945131,1.0,2542.0,4856058.04225,11716;11761;11771,779.0,3.0,4073804.09712,9309.0,Qingdao,2033,1.1355205963020337E11,"{""type"":""MultiPoint"",""coordinates"":[]}"
00000000000000000098,CHN,China,253879.175977,1.0,545.0,1031334.50673,11891;11922;11929,197.0,3.0,777455.33075,9471.0,Maoming,2105,2.7290213363219078E10,"{""type"":""MultiPoint"",""coordinates"":[]}"
000000000000000000a0,CHN,China,564408.540264,1.0,2458.0,6730966.44804,12080;12193;12208,1415.0,3.0,6166557.90777,9718.0,Guangzhou,2211,1.8412905348444473E11,"{""type"":""MultiPoint"",""coordinates"":[]}"
000000000000000000a4,CHN,China,200469.101364,1.0,1573.0,8742535.91611,12080;12303;12312,1086.0,3.0,8542066.81474,9725.0,Guangzhou,2215,3.032274661187149E11,"{""type"":""MultiPoint"",""coordinates"":[]}"
000000000000000000a8,CHN,China,522817.065871,1.0,958.0,1638366.16072,12124;12135;12140,248.0,3.0,1115549.09485,9769.0,Yangzhou,2232,6.478791311238612E10,"{""type"":""MultiPoint"",""coordinates"":[]}"
000000000000000000ac,CHN,China,200583.418619,1.0,815.0,1688793.54966,12194;12211;12240,295.0,3.0,1488210.13104,9871.0,Zhuhai,2271,4.569444322640616E10,"{""type"":""MultiPoint"",""coordinates"":[]}"
000000000000000000b2,CHN,China,737500.521825,1.0,1483.0,2162493.14599,12319;12349;12356,399.0,3.0,1424992.62417,9987.0,Nantong,2315,1.0512106663519786E11,"{""type"":""MultiPoint"",""coordinates"":[]}"
000000000000000000b6,CHN,China,746879.541216,1.0,1515.0,2487378.09412,12401;12409;12424,409.0,3.0,1740498.5529,10118.0,Jiaxing,2365,8.891473962774042E10,"{""type"":""MultiPoint"",""coordinates"":[]}"
000000000000000000b8,CHN,China,382036.112932,1.0,966.0,1706311.13833,12442;12451;12459,305.0,3.0,1324275.0254,10181.0,Yiwu,2391,5.701387044679196E10,"{""type"":""MultiPoint"",""coordinates"":[]}"
000000000000000000bc,CHN,China,502690.112561,1.0,1702.0,5142192.42912,12523;12530;12556,694.0,3.0,4639502.31656,10286.0,Xiamen,2421,1.549388079279485E11,"{""type"":""MultiPoint"",""coordinates"":[]}"
000000000000000000bf,CHN,China,374691.148724,1.0,1415.0,5211421.13188,12578;12584;12603,714.0,3.0,4836729.98315,10339.0,Wenzhou,2438,1.3270135965110248E11,"{""type"":""MultiPoint"",""coordinates"":[]}"
000000000000000000c1,CHN,China,171503.603113,1.0,497.0,1419747.22725,12593;12599;12616,213.0,3.0,1248243.62414,10371.0,龙港市,2448,3.92642092811141E10,"{""type"":""MultiPoint"",""coordinates"":[]}"
00000000000000000055,CHN,China,1959949.88202,1.0,4034.0,1.17499631495E7,10297;10300;10318;10343,1424.0,4.0,9790013.2675,5723.0,Chengdu,1046,1.9517676939296332E11,"{""type"":""MultiPoint"",""coordinates"":[]}"
0000000000000000005a,CHN,China,1139266.46667,1.0,2083.0,6576880.03533,10479;10494;10507;10517,735.0,4.0,5437613.56866,7094.0,Xi'an,1189,2.089201259918756E11,"{""type"":""MultiPoint"",""coordinates"":[]}"
00000000000000000061,CHN,China,335774.866976,1.0,1223.0,3244349.99904,10840;10854;10881;10891,409.0,4.0,2908575.13207,7952.0,Guiyang,1453,6.980088000962952E10,"{""type"":""MultiPoint"",""coordinates"":[]}"
0000000000000000006a,CHN,China,993065.685759,1.0,2310.0,5884051.26194,10966;10974;11009;11059,752.0,4.0,4890985.57618,8189.0,Zhengzhou,1549,1.392883885486814E11,"{""type"":""MultiPoint"",""coordinates"":[]}"
0000000000000000006b,CHN,China,265395.25235,1.0,993.0,2004427.09937,11002;11010;11011;11018,433.0,4.0,1739031.84702,8193.0,Binhai,1550,6.271188459594912E10,"{""type"":""MultiPoint"",""coordinates"":[]}"
0000000000000000007c,CHN,China,227001.147444,1.0,927.0,2818094.81367,11382;11400;11412;11422,283.0,4.0,2591093.66623,8717.0,Nanning,1783,4.524241152343872E10,"{""type"":""MultiPoint"",""coordinates"":[]}"
00000000000000000086,CHN,China,709567.361065,1.0,1572.0,1670203.65552,11490;11506;11520;11544,349.0,4.0,960636.294458,8981.0,市中区,1894,3.522433897711383E10,"{""type"":""MultiPoint"",""coordinates"":[]}"
00000000000000000087,CHN,China,755120.113076,1.0,2682.0,8534060.73725,11549;11569;11613;11618,917.0,4.0,7778940.62418,8989.0,Wuhan,1898,3.090014026441711E11,"{""type"":""MultiPoint"",""coordinates"":[]}"
0000000000000000009e,CHN,China,783120.191568,1.0,2151.0,4521577.55338,12080;12158;12166;12190,895.0,4.0,3738457.36181,9715.0,Guangzhou,2209,1.0167630506056735E11,"{""type"":""MultiPoint"",""coordinates"":[]}"
000000000000000000b4,CHN,China,1781256.26317,1.0,4634.0,9581083.87704,12381;12386;12407;12412,1758.0,4.0,7799827.61387,10078.0,Hangzhou,2350,2.94459545285167E11,"{""type"":""MultiPoint"",""coordinates"":[]}"
000000000000000000ba,CHN,China,858611.696518,1.0,2155.0,3230913.0829,12476;12479;12503;12522,671.0,4.0,2372301.38638,10220.0,Cixi,2400,1.0014259956663275E11,"{""type"":""MultiPoint"",""coordinates"":[]}"
000000000000000000bd,CHN,China,457186.206598,1.0,1516.0,4203944.63086,12566;12600;12605;12619,566.0,4.0,3746758.42426,10328.0,Fuzhou,2433,1.6139569094305814E11,"{""type"":""MultiPoint"",""coordinates"":[]}"
00000000000000000066,CHN,China,1009857.70273,1.0,2413.0,8317096.11403,10901;10919;10922;10993;11001,882.0,5.0,7307238.4113,8055.0,Tianjin,1496,2.945310821390163E11,"{""type"":""MultiPoint"",""coordinates"":[]}"
0000000000000000007b,CHN,China,1168766.93208,1.0,2900.0,3699954.75321,11313;11335;11353;11354;11388,770.0,5.0,2531187.82113,8664.0,Zibo,1764,7.983600509400636E10,"{""type"":""MultiPoint"",""coordinates"":[]}"
000000000000000000b7,CHN,China,1568865.50634,1.0,5922.0,1.26570252062E7,12430;12482;12497;12498;12514,2614.0,5.0,1.10881596998E7,10153.0,Jieyang,2380,3.4470772930164496E11,"{""type"":""MultiPoint"",""coordinates"":[]}"
0000000000000000005c,CHN,China,879107.861057,1.0,2267.0,6036834.03391,10577;10581;10583;10596;10605;10607,618.0,6.0,5157726.17285,7578.0,Chongqing,1286,2.0044269593781287E11,"{""type"":""MultiPoint"",""coordinates"":[]}"
0000000000000000005d,CHN,China,2094890.40153,1.0,5536.0,2.12794744756E7,10675;10685;10687;10697;10738;10786,2439.0,6.0,1.91845840741E7,7704.0,Beijing,1342,1.1204401508876414E12,"{""type"":""MultiPoint"",""coordinates"":[]}"
00000000000000000068,CHN,China,616037.793452,1.0,1214.0,2044707.24557,10960;10963;10986;10990;10997;11014,311.0,6.0,1428669.45212,8157.0,Xinxiang,1538,3.837291780568706E10,"{""type"":""MultiPoint"",""coordinates"":[]}"
0000000000000000009d,CHN,China,1191687.0844,1.0,4413.0,1.67468441549E7,12028;12054;12066;12080;12084;12113,2410.0,6.0,1.55551570705E7,9711.0,Guangzhou,2208,3.924784332634468E11,"{""type"":""MultiPoint"",""coordinates"":[]}"
000000000000000000b9,CHN,China,368481.055394,1.0,816.0,1091385.00541,12464;12472;12475;12480;12485;12486,227.0,6.0,722903.950012,10214.0,Yongkang,2398,3.6827154771523224E10,"{""type"":""MultiPoint"",""coordinates"":[]}"
000000000000000000b5,CHN,China,1814226.97363,1.0,5878.0,2.69202181645E7,12400;12406;12443;12455;12465;12471;12500,3527.0,7.0,2.51059911909E7,10097.0,Shanghai,2359,1.3981391529920935E12,"{""type"":""MultiPoint"",""coordinates"":[]}"
000000000000000000c3,CHN,China,705017.053109,1.0,1582.0,3202231.15561,12597;12614;12618;12620;12623;12627;12629,614.0,7.0,2497214.1025,10392.0,Taizhou,2453,8.955163763061507E10,"{""type"":""MultiPoint"",""coordinates"":[]}"
000000000000000000b0,CHN,China,1950686.31365,1.0,5056.0,1.14030591856E7,12298;12301;12329;12336;12337;12344;12350;12361,2196.0,8.0,9452372.87192,9963.0,Suzhou,2308,5.4601688867580585E11,"{""type"":""MultiPoint"",""coordinates"":[]}"
000000000000000000be,CHN,China,1098063.66485,1.0,3186.0,6446306.90928,12541;12549;12554;12561;12564;12569;12586;12591;12596;12617,1581.0,10.0,5348243.24444,10331.0,Quanzhou,2434,1.8595798831246008E11,"{""type"":""MultiPoint"",""coordinates"":[]}"
00000000000000000042,CMR,Cameroon,36945.3572643,1.0,360.0,3002078.17321,2850,224.0,1.0,2965132.81595,809.0,Douala,780,2.08686697713961E10,"{""type"":""MultiPoint"",""coordinates"":[]}"
00000000000000000043,CMR,Cameroon,82670.1702039,1.0,572.0,3547917.37579,2961,251.0,1.0,3465247.20558,2295.0,Yaounde,796,2.940054949854804E10,"{""type"":""MultiPoint"",""coordinates"":[]}"
00000000000000000044,CMR,Cameroon,6083.75892639,1.0,91.0,1100720.35634,3071,61.0,1.0,1094636.59741,2630.0,Garoua,801,1.690918620354568E9,"{""type"":""MultiPoint"",""coordinates"":[]}"
000000000000000000cf,COD,DemocraticRepublicoftheCongo,21714.0570431,1.0,125.0,1018036.09543,3486,78.0,1.0,996322.038391,3142.0,Kananga,2657,3.022886122281624E9,"{""type"":""MultiPoint"",""coordinates"":[]}"
000000000000000000d1,COD,DemocraticRepublicoftheCongo,58372.2739487,1.0,435.0,2303799.0033,3756,258.0,1.0,2245426.72935,4861.0,Lubumbashi,2703,3.9131063330449276E9,"{""type"":""MultiPoint"",""coordinates"":[]}"
000000000000000000d2,COD,DemocraticRepublicoftheCongo,7734.83891296,1.0,80.0,1512870.2892,4099,56.0,1.0,1505135.45029,5483.0,Beni,2735,3.891806463247843E9,"{""type"":""MultiPoint"",""coordinates"":[]}"
000000000000000000ce,COD,DemocraticRepublicoftheCongo,90573.9903324,1.0,591.0,5764312.31853,3209;3222,398.0,2.0,5673738.3282,1385.0,Kinshasa,2634,2.3425464092380627E10,"{""type"":""MultiPoint"",""coordinates"":[]}"
000000000000000000d0,COD,DemocraticRepublicoftheCongo,24575.6445866,1.0,213.0,3126644.83746,3541;3543,147.0,2.0,3102069.19287,3534.0,Mbuji-Mayi,2665,6.733077990019791E9,"{""type"":""MultiPoint"",""coordinates"":[]}"
000000000000000000c4,COL,Colombia,67689.9256997,1.0,408.0,2390801.63626,512,170.0,1.0,2323111.71056,1284.0,Cali,2470,4.5428292371219955E10,"{""type"":""MultiPoint"",""coordinates"":[]}"
000000000000000000c7,COL,Colombia,160980.277171,1.0,436.0,2073296.02632,626,160.0,1.0,1912315.74915,4082.0,Barranquilla,2517,2.6349036045384113E10,"{""type"":""MultiPoint"",""coordinates"":[]}"
000000000000000000c8,COL,Colombia,101956.341187,1.0,342.0,1054587.12175,670,92.0,1.0,952630.78056,4617.0,Bucaramanga,2531,3.2401486117157665E10,"{""type"":""MultiPoint"",""coordinates"":[]}"
000000000000000000c5,COL,Colombia,128551.989347,1.0,692.0,3610595.16419,561;562,238.0,2.0,3482043.17485,2757.0,Medellín,2489,9.140569072341708E10,"{""type"":""MultiPoint"",""coordinates"":[]}"
000000000000000000c6,COL,Colombia,295564.488382,1.0,1863.0,9080732.02093,621;629,575.0,2.0,8785167.53255,4048.0,Bogota,2516,2.5349090854637195E11,"{""type"":""MultiPoint"",""coordinates"":[]}"
000000000000000000ef,DEU,Germany,259129.266031,1.0,661.0,1003149.10566,2288,221.0,1.0,744019.83963,815.0,Dusseldorf,3216,1.4217516454484955E11,"{""type"":""MultiPoint"",""coordinates"":[]}"
000000000000000000f4,DEU,Germany,512005.682862,1.0,1883.0,1111169.52129,2523,215.0,1.0,599163.838432,3667.0,Hanover,3243,1.169057873836946E11,"{""type"":""MultiPoint"",""coordinates"":[]}"
000000000000000000f7,DEU,Germany,861556.843988,1.0,2638.0,2435209.28736,2784,349.0,1.0,1573652.44337,4736.0,Munich,3271,3.8511225026572675E11,"{""type"":""MultiPoint"",""coordinates"":[]}"
000000000000000000ee,DEU,Germany,2145979.83504,1.0,6303.0,5837624.69456,2276;2353,1423.0,2.0,3691644.85951,536.0,Dortmund,3214,4.4687014603254944E11,"{""type"":""MultiPoint"",""coordinates"":[]}"
000000000000000000f1,DEU,Germany,1032277.46408,1.0,2160.0,1695402.91666,2442;2467,260.0,2.0,663125.45257,3041.0,Mannheim,3234,1.6200254051865268E11,"{""type"":""MultiPoint"",""coordinates"":[]}"
000000000000000000f5,DEU,Germany,1008566.73221,1.0,3206.0,2686299.77571,2531;2584,549.0,2.0,1677733.04351,3793.0,Hamburg,3246,3.177790733991388E11,"{""type"":""MultiPoint"",""coordinates"":[]}"
000000000000000000f6,DEU,Germany,551750.433475,1.0,1874.0,1230838.86017,2730;2733,229.0,2.0,679088.426697,4454.0,Nuremberg,3263,1.2833747539567436E11,"{""type"":""MultiPoint"",""coordinates"":[]}"
000000000000000000f8,DEU,Germany,900257.768154,1.0,3572.0,4290482.74447,2849;2851,728.0,2.0,3390224.97631,4946.0,Berlin,3278,3.995712745270397E11,"{""type"":""MultiPoint"",""coordinates"":[]}"
000000000000000000f0,DEU,Germany,1210087.70808,1.0,3263.0,3178671.81558,2310;2329;2335,738.0,3.0,1968584.1075,1064.0,Cologne,3218,3.2001417985853345E11,"{""type"":""MultiPoint"",""coordinates"":[]}"
000000000000000000f3,DEU,Germany,1073985.88534,1.0,2159.0,2234166.17672,2506;2514;2532,404.0,3.0,1160180.29138,3580.0,Stuttgart,3242,2.62428331243814E11,"{""type"":""MultiPoint"",""coordinates"":[]}"
000000000000000000f2,DEU,Germany,1501872.0848,1.0,3323.0,3025700.46852,2423;2440;2445;2452,494.0,4.0,1523828.38372,3093.0,Frankfurt am Main,3235,3.684842243448015E11,"{""type"":""MultiPoint"",""coordinates"":[]}"
000000000000000000d7,EGY,Egypt,327501.96413,1.0,1198.0,5860478.16695,3751,598.0,1.0,5532976.20282,233.0,Alexandria,2799,1.0930082180241202E11,"{""type"":""MultiPoint"",""coordinates"":[]}"
000000000000000000dd,EGY,Egypt,274927.622967,1.0,294.0,1199687.43734,3968,108.0,1.0,924759.814377,5320.0,Al-Zaqaziq‎,2846,2.4349909543252426E10,"{""type"":""MultiPoint"",""coordinates"":[]}"
000000000000000000d9,EGY,Egypt,258353.560658,1.0,442.0,1453549.73098,3840;3856;3869;3880,169.0,4.0,1195196.17032,2935.0,Tanta,2823,2.531758779337116E10,"{""type"":""MultiPoint"",""coordinates"":[]}"
000000000000000000e0,EGY,Egypt,353667.343403,1.0,726.0,2382149.76174,4075;4088;4104;4109;4112,393.0,5.0,2028482.41834,6012.0,Sohag,2862,3.4571851006653496E10,"{""type"":""MultiPoint"",""coordinates"":[]}"
000000000000000000d8,EGY,Egypt,536157.368331,1.0,1042.0,2367343.88961,3849;3862;3870;3876;3885;3896;3909,483.0,7.0,1831186.52128,2821.0,Faiyum,2822,4.215657445303572E10,"{""type"":""MultiPoint"",""coordinates"":[]}"
000000000000000000de,EGY,Egypt,337003.868568,1.0,676.0,1674900.69329,3992;3995;4004;4018;4026;4030;4034,339.0,7.0,1337896.82472,5645.0,An Nazlah,2849,3.030075105867847E10,"{""type"":""MultiPoint"",""coordinates"":[]}"
000000000000000000e1,EGY,Egypt,447821.636176,1.0,953.0,2371731.01877,4133;4156;4157;4159;4176;4190;4199,482.0,7.0,1923909.38259,6013.0,Girga,2863,2.6753179621676266E10,"{""type"":""MultiPoint"",""coordinates"":[]}"
000000000000000000db,EGY,Egypt,190560.16452,1.0,515.0,1441242.9281,3898;3910;3911;3915;3929;3934;3948;3958,266.0,8.0,1250682.76358,4323.0,Al-Minya,2831,2.277136409922865E10,"{""type"":""MultiPoint"",""coordinates"":[]}"
000000000000000000e2,EGY,Egypt,317884.0134,1.0,736.0,2468478.11061,4225;4230;4233;4238;4242;4243;4247;4250,318.0,8.0,2150594.09721,6229.0,Luxor,2868,6.76511152057589E10,"{""type"":""MultiPoint"",""coordinates"":[]}"
000000000000000000df,EGY,Egypt,416814.797812,1.0,924.0,2694393.60084,3935;3949;3966;3984;4008;4012;4025;4027;4041,424.0,9.0,2277578.80302,5781.0,Asyut,2850,4.311135085663489E10,"{""type"":""MultiPoint"",""coordinates"":[]}"
000000000000000000da,EGY,Egypt,1487543.89488,1.0,4348.0,2.34901983643E7,3878;3901;3904;3902;3917;3921;3943;3947;3960;3964;3972;3974;3975;3981;3983;3989;3996,2090.0,17.0,2.20026544695E7,3981.0,Cairo,2827,3.84120577689043E11,"{""type"":""MultiPoint"",""coordinates"":[]}"
000000000000000000dc,EGY,Egypt,1263830.71497,1.0,2035.0,6114874.2701,3867;3872;3875;3877;3886;3887;3891;3895;3906;3907;3908;3912;3916;3919;3920;3923;3927;3933;3942;3959;3961;3962;3967;3971;3977;3980;3986;3991;3993,836.0,29.0,4851043.55513,4710.0,Mansoura,2837,1.1697669914948483E11,"{""type"":""MultiPoint"",""coordinates"":[]}"
0000000000000000022a,ESP,Spain,253435.096391,1.0,1263.0,1053431.72106,1677,205.0,1.0,799996.624664,2822.0,Málaga,7835,3.66574734919594E10,"{""type"":""MultiPoint"",""coordinates"":[]}"
0000000000000000022c,ESP,Spain,495585.118534,1.0,2093.0,1888705.41237,1911,332.0,1.0,1393120.29383,4156.0,Valencia,7862,9.058763898484352E10,"{""type"":""MultiPoint"",""coordinates"":[]}"
00000000000000000229,ESP,Spain,330141.497146,1.0,931.0,1256010.62941,1632;1638,184.0,2.0,925869.132263,2008.0,Seville,7824,5.1273304657020065E10,"{""type"":""MultiPoint"",""coordinates"":[]}"
0000000000000000022b,ESP,Spain,1053127.72635,1.0,4270.0,6131918.9979,1701;1719,820.0,2.0,5078791.27155,3147.0,Madrid,7841,4.937532959628642E11,"{""type"":""MultiPoint"",""coordinates"":[]}"
0000000000000000022d,ESP,Spain,653939.006718,1.0,1967.0,4609369.60955,2051;2066,611.0,2.0,3955430.60284,4523.0,Barcelona,7872,3.368068242995667E11,"{""type"":""MultiPoint"",""coordinates"":[]}"
000000000000000000e6,FRA,France,460609.124581,1.0,2165.0,1045640.52873,1897,194.0,1.0,585031.404144,1397.0,Bordeaux,3143,6.97604957971561E10,"{""type"":""MultiPoint"",""coordinates"":[]}"
000000000000000000e7,FRA,France,606155.352528,1.0,3321.0,1264262.56578,2017,246.0,1.0,658107.213257,2304.0,Toulouse,3154,9.14106248928835E10,"{""type"":""MultiPoint"",""coordinates"":[]}"
000000000000000000e9,FRA,France,336302.491363,1.0,966.0,1205007.57709,2080,218.0,1.0,868705.085732,3200.0,Lille,3168,8.047470006862611E10,"{""type"":""MultiPoint"",""coordinates"":[]}"
000000000000000000ea,FRA,France,904207.668378,1.0,3516.0,2056576.03624,2186,270.0,1.0,1152368.36787,3718.0,Lyon,3178,1.7660767607216357E11,"{""type"":""MultiPoint"",""coordinates"":[]}"
000000000000000000ec,FRA,France,473103.217011,1.0,2109.0,1206197.9203,2368,290.0,1.0,733094.703287,4426.0,Nice,3196,6.751709036445477E10,"{""type"":""MultiPoint"",""coordinates"":[]}"
000000000000000000e8,FRA,France,1461372.99146,1.0,6778.0,1.12364071278E7,2046;2071,1662.0,2.0,9775034.13636,2702.0,Paris,3160,1.3594489039166675E12,"{""type"":""MultiPoint"",""coordinates"":[]}"
000000000000000000eb,FRA,France,378087.482324,1.0,1599.0,1357310.6448,2221;2228,295.0,2.0,979223.162473,3911.0,Marseille,3182,8.688257446283508E10,"{""type"":""MultiPoint"",""coordinates"":[]}"
0000000000000000024f,GBR,UnitedKingdom,657241.918325,1.0,1537.0,1141468.69085,1741;1752,166.0,2.0,484226.772525,2086.0,Cardiff,8400,7.090890183957817E10,"{""type"":""MultiPoint"",""coordinates"":[]}"
00000000000000000250,GBR,UnitedKingdom,342479.055557,1.0,1038.0,1676212.19285,1751;1759,446.0,2.0,1333733.13729,2374.0,Liverpool,8404,1.0752407701354788E11,"{""type"":""MultiPoint"",""coordinates"":[]}"
00000000000000000251,GBR,UnitedKingdom,528977.68925,1.0,1951.0,1213639.1467,1771;1782,191.0,2.0,684661.457449,3099.0,Bristol,8414,1.0168562654203638E11,"{""type"":""MultiPoint"",""coordinates"":[]}"
00000000000000000256,GBR,UnitedKingdom,367055.562423,1.0,1325.0,1145121.88929,1838;1845,272.0,2.0,778066.326863,4460.0,Sheffield,8436,6.978154876392987E10,"{""type"":""MultiPoint"",""coordinates"":[]}"
00000000000000000253,GBR,UnitedKingdom,397275.695126,1.0,1786.0,2958884.77956,1793;1800;1810,718.0,3.0,2561609.08443,3799.0,Birmingham,8423,1.8691559878264832E11,"{""type"":""MultiPoint"",""coordinates"":[]}"
00000000000000000255,GBR,UnitedKingdom,679135.501231,1.0,2249.0,1687394.75441,1830;1836;1849,335.0,3.0,1008259.25318,4227.0,Newcastle upon Tyne,8431,1.0543278310835463E11,"{""type"":""MultiPoint"",""coordinates"":[]}"
00000000000000000257,GBR,UnitedKingdom,553692.093334,1.0,2248.0,1562399.05848,1839;1857;1860,313.0,3.0,1008706.96515,4767.0,Nottingham,8439,9.943676586905779E10,"{""type"":""MultiPoint"",""coordinates"":[]}"
00000000000000000258,GBR,UnitedKingdom,451477.20676,1.0,2051.0,1338017.67463,1835;1848;1861,307.0,3.0,886540.467874,4867.0,Portsmouth,8442,9.745716906390616E10,"{""type"":""MultiPoint"",""coordinates"":[]}"
0000000000000000024e,GBR,UnitedKingdom,459207.683647,1.0,2350.0,1743356.14606,1709;1716;1721;1722;1723,426.0,5.0,1284148.46241,955.0,Glasgow,8393,1.2886516049760268E11,"{""type"":""MultiPoint"",""coordinates"":[]}"
00000000000000000252,GBR,UnitedKingdom,584161.10997,1.0,2182.0,3270370.45977,1772;1775;1776;1780;1792,865.0,5.0,2686209.3498,3304.0,Manchester,8416,2.4523910745326413E11,"{""type"":""MultiPoint"",""coordinates"":[]}"
00000000000000000254,GBR,UnitedKingdom,867409.142971,1.0,3044.0,2922157.55937,1813;1815;1819;1841;1847;1851;1867,781.0,7.0,2054748.4164,4159.0,Leeds,8429,1.9366830156639557E11,"{""type"":""MultiPoint"",""coordinates"":[]}"
00000000000000000259,GBR,UnitedKingdom,1832816.84885,1.0,6605.0,1.25981864483E7,1892;1895;1906;1912;1914;1924;1936;1945;1948;1960;1981;1983,2219.0,12.0,1.07653695995E7,5288.0,London,8454,1.2674446624055176E12,"{""type"":""MultiPoint"",""coordinates"":[]}"
00000000000000000160,IDN,Indonesia,93264.0099547,1.0,392.0,1034213.23641,10988,178.0,1.0,940949.226456,2706.0,Padang,5259,2.3867675462670067E10,"{""type"":""MultiPoint"",""coordinates"":[]}"
00000000000000000161,IDN,Indonesia,94366.665822,1.0,631.0,1092048.9462,11146,211.0,1.0,997682.280382,3255.0,Pekanbaru,5269,5.196882004653401E10,"{""type"":""MultiPoint"",""coordinates"":[]}"
00000000000000000162,IDN,Indonesia,80352.9191465,1.0,331.0,1034146.55041,11547,160.0,1.0,953793.631264,4194.0,Batam City,5292,3.1749181944596268E10,"{""type"":""MultiPoint"",""coordinates"":[]}"
00000000000000000163,IDN,Indonesia,100726.583855,1.0,625.0,2010909.39761,11653,291.0,1.0,1910182.81375,4395.0,Palembang,5298,5.397921854907625E10,"{""type"":""MultiPoint"",""coordinates"":[]}"
00000000000000000165,IDN,Indonesia,566037.561365,1.0,1298.0,3777015.47696,11862,603.0,1.0,3210977.91559,4894.0,Jakarta,5312,2.989423255645294E10,"{""type"":""MultiPoint"",""coordinates"":[]}"
00000000000000000166,IDN,Indonesia,1121008.90733,1.0,5292.0,2.97535824462E7,11862,3373.0,1.0,2.86325735388E7,4897.0,Jakarta,5313,8.462522266611119E11,"{""type"":""MultiPoint"",""coordinates"":[]}"
00000000000000000168,IDN,Indonesia,158760.301948,1.0,617.0,1727806.55775,11862,300.0,1.0,1569046.25581,4899.0,Jakarta,5315,7.274283240660232E9,"{""type"":""MultiPoint"",""coordinates"":[]}"
0000000000000000016c,IDN,Indonesia,289229.336889,1.0,1130.0,2456059.97267,12136,533.0,1.0,2166830.63578,5306.0,Tasikmalaya,5326,2.7726192098963516E10,"{""type"":""MultiPoint"",""coordinates"":[]}"
00000000000000000170,IDN,Indonesia,266823.214941,1.0,668.0,1530751.90124,12334,339.0,1.0,1263928.6863,5810.0,Pekalongan,5341,1.2115877223160446E10,"{""type"":""MultiPoint"",""coordinates"":[]}"
00000000000000000174,IDN,Indonesia,383489.613632,1.0,632.0,1046216.25297,12395,205.0,1.0,662726.639343,5930.0,Magelang,5348,9.104609864654268E9,"{""type"":""MultiPoint"",""coordinates"":[]}"
00000000000000000178,IDN,Indonesia,381061.216293,1.0,606.0,1084952.26945,12601,194.0,1.0,703891.053162,6390.0,Mojokerto,5373,1.2681160007577446E10,"{""type"":""MultiPoint"",""coordinates"":[]}"
0000000000000000017a,IDN,Indonesia,684880.498307,1.0,1290.0,2041651.87199,12650,429.0,1.0,1356771.37368,6518.0,Jember,5380,2.37449014701844E10,"{""type"":""MultiPoint"",""coordinates"":[]}"
0000000000000000017d,IDN,Indonesia,317924.653452,1.0,634.0,1287364.87294,12725,220.0,1.0,969440.21949,6731.0,Mataram,5402,8.996703560701036E9,"{""type"":""MultiPoint"",""coordinates"":[]}"
0000000000000000017e,IDN,Indonesia,120493.35915,1.0,495.0,1114038.75335,12763,141.0,1.0,993545.394199,6794.0,Samarinda,5410,6.376741655352899E10,"{""type"":""MultiPoint"",""coordinates"":[]}"
0000000000000000017f,IDN,Indonesia,305386.081835,1.0,945.0,2508648.68574,12863,373.0,1.0,2203262.6039,6878.0,Makassar,5424,4.966068674127082E10,"{""type"":""MultiPoint"",""coordinates"":[]}"
00000000000000000164,IDN,Indonesia,125218.982681,1.0,484.0,1373041.53767,11715;11719,202.0,2.0,1247822.55499,4593.0,Bandar Lampung,5302,3.053294451848496E10,"{""type"":""MultiPoint"",""coordinates"":[]}"
00000000000000000167,IDN,Indonesia,190115.764371,1.0,657.0,1651451.85818,11862;11952,307.0,2.0,1461336.09381,4898.0,Jakarta,5314,9.61669657004893E9,"{""type"":""MultiPoint"",""coordinates"":[]}"
00000000000000000171,IDN,Indonesia,380649.606472,1.0,682.0,1017174.15246,12365;12379,263.0,2.0,636524.545992,5894.0,Temanggung,5345,9.236008576122065E9,"{""type"":""MultiPoint"",""coordinates"":[]}"
00000000000000000175,IDN,Indonesia,604018.519068,1.0,1420.0,2363946.10273,12444;12491,493.0,2.0,1759927.58367,6015.0,Pati,5352,2.264241789058635E10,"{""type"":""MultiPoint"",""coordinates"":[]}"
00000000000000000176,IDN,Indonesia,758324.441751,1.0,1155.0,1678612.45238,12499;12507,339.0,2.0,920288.010628,6124.0,Madiun,5358,2.0645674951319168E10,"{""type"":""MultiPoint"",""coordinates"":[]}"
0000000000000000017c,IDN,Indonesia,196941.393004,1.0,706.0,1360146.27868,12710;12711,201.0,2.0,1163204.88567,6674.0,Banjarmasin,5396,2.146169114064865E10,"{""type"":""MultiPoint"",""coordinates"":[]}"
0000000000000000015f,IDN,Indonesia,378788.740796,1.0,1723.0,4546313.15481,10692;10694;10749,803.0,3.0,4167524.41401,1596.0,Medan,5247,7.432449387614792E10,"{""type"":""MultiPoint"",""coordinates"":[]}"
00000000000000000169,IDN,Indonesia,763326.150577,1.0,1737.0,2898313.04639,11862;12032;12050,619.0,3.0,2134986.89581,4900.0,Jakarta,5316,2.190791819000352E10,"{""type"":""MultiPoint"",""coordinates"":[]}"
0000000000000000016b,IDN,Indonesia,252981.035738,1.0,710.0,2043805.03823,12082;12090;12103,368.0,3.0,1790824.00249,5182.0,Garut,5323,1.7619097576225754E10,"{""type"":""MultiPoint"",""coordinates"":[]}"
00000000000000000172,IDN,Indonesia,851210.805461,1.0,2082.0,4086893.98249,12371;12384;12438,796.0,3.0,3235683.17703,5906.0,Semarang,5346,4.253712408268878E10,"{""type"":""MultiPoint"",""coordinates"":[]}"
0000000000000000017b,IDN,Indonesia,351528.575442,1.0,1032.0,2478880.68954,12706;12708;12713,485.0,3.0,2127352.1141,6666.0,Denpasar,5395,3.6088064738098656E10,"{""type"":""MultiPoint"",""coordinates"":[]}"
0000000000000000016d,IDN,Indonesia,544677.165595,1.0,1225.0,2725179.94251,12159;12165;12179;12189,496.0,4.0,2180502.77691,5407.0,Cirebon,5329,2.753890880171487E10,"{""type"":""MultiPoint"",""coordinates"":[]}"
00000000000000000173,IDN,Indonesia,1779563.34369,1.0,4298.0,7463686.59925,12394;12415;12435;12445;12452,1745.0,5.0,5684123.25556,5918.0,Yogyakarta,5347,7.041085496173218E10,"{""type"":""MultiPoint"",""coordinates"":[]}"
0000000000000000016a,IDN,Indonesia,594128.162532,1.0,2312.0,9310750.84446,12020;12035;12044;12122;12118;12128,1163.0,6.0,8716622.68193,5107.0,Bandung,5321,7.486305868235818E10,"{""type"":""MultiPoint"",""coordinates"":[]}"
0000000000000000016e,IDN,Indonesia,529057.628598,1.0,1565.0,3454395.57199,12227;12235;12253;12309;12321;12327,863.0,6.0,2925337.94339,5567.0,Tegal,5334,2.855437653788804E10,"{""type"":""MultiPoint"",""coordinates"":[]}"
0000000000000000016f,IDN,Indonesia,675873.130824,1.0,1735.0,3050149.12383,12266;12269;12271;12282;12287;12314;12323;12335,753.0,8.0,2374275.99301,5680.0,Purwokerto,5337,2.194591689407649E10,"{""type"":""MultiPoint"",""coordinates"":[]}"
00000000000000000179,IDN,Indonesia,1322676.72213,1.0,4278.0,1.07529644412E7,12592;12621;12606;12610;12612;12624;12631;12635,2034.0,8.0,9430287.71907,6401.0,Surabaya,5374,1.6515175828444736E11,"{""type"":""MultiPoint"",""coordinates"":[]}"
00000000000000000177,IDN,Indonesia,1629321.72884,1.0,2768.0,4479675.3634,12535;12546;12548;12552;12559;12562;12567;12568;12576,1159.0,9.0,2850353.63457,6345.0,Jombang,5369,5.215851496577018E10,"{""type"":""MultiPoint"",""coordinates"":[]}"
00000000000000000104,IND,India,193050.439065,1.0,402.0,1298095.01704,6442,155.0,1.0,1105044.57798,2091.0,Srinagar,3464,2.1862340440391556E10,"{""type"":""MultiPoint"",""coordinates"":[]}"
00000000000000000105,IND,India,134476.691355,1.0,345.0,1155695.86891,6503,134.0,1.0,1021219.17755,3357.0,Jammu,3484,1.1010505362577185E10,"{""type"":""MultiPoint"",""coordinates"":[]}"
00000000000000000106,IND,India,74407.0325642,1.0,323.0,1454166.41579,6522,119.0,1.0,1379759.38323,3722.0,Rajkot,3492,1.442029286713743E10,"{""type"":""MultiPoint"",""coordinates"":[]}"
00000000000000000107,IND,India,138386.373012,1.0,431.0,1348034.97444,6548,150.0,1.0,1209648.60143,4396.0,Amritsar,3511,1.2725920869440554E10,"{""type"":""MultiPoint"",""coordinates"":[]}"
00000000000000000109,IND,India,200972.642214,1.0,369.0,1193165.84703,6618,132.0,1.0,992193.204819,5617.0,Jalandhar,3566,1.321779639188557E10,"{""type"":""MultiPoint"",""coordinates"":[]}"
0000000000000000010b,IND,India,330331.401419,1.0,627.0,2130483.69702,6659,254.0,1.0,1800152.2956,6065.0,Ludhiana,3599,1.972120766995139E10,"{""type"":""MultiPoint"",""coordinates"":[]}"
0000000000000000010d,IND,India,166700.758414,1.0,591.0,2280235.37294,6737,228.0,1.0,2113534.61452,6651.0,Vadodara,3655,2.6689753218624096E10,"{""type"":""MultiPoint"",""coordinates"":[]}"
00000000000000000110,IND,India,76536.1874657,1.0,292.0,1487095.45834,6840,172.0,1.0,1410559.27087,7139.0,Vasai-Virar,3725,1.5480701962166937E10,"{""type"":""MultiPoint"",""coordinates"":[]}"
00000000000000000111,IND,India,521392.704986,1.0,2367.0,2.22772750699E7,6845,1074.0,1.0,2.17558823649E7,7163.0,Mumbai,3729,4.0409417767338116E11,"{""type"":""MultiPoint"",""coordinates"":[]}"
00000000000000000114,IND,India,125862.471091,1.0,225.0,1260280.28569,6965,92.0,1.0,1134417.8146,7490.0,Saharanpur,3797,5.04120257856216E9,"{""type"":""MultiPoint"",""coordinates"":[]}"
00000000000000000115,IND,India,122595.473795,1.0,485.0,1897850.97149,6970,179.0,1.0,1775255.49769,7499.0,Nashik,3800,2.1061235227473557E10,"{""type"":""MultiPoint"",""coordinates"":[]}"
00000000000000000116,IND,India,86048.8240764,1.0,284.0,1157124.99511,7016,116.0,1.0,1071076.17104,7581.0,Dehradun,3827,1.2150173001695864E10,"{""type"":""MultiPoint"",""coordinates"":[]}"
00000000000000000117,IND,India,88034.7687642,1.0,287.0,1147922.81901,7028,129.0,1.0,1059888.05025,7601.0,Kota,3836,8.75378900264346E9,"{""type"":""MultiPoint"",""coordinates"":[]}"
0000000000000000011d,IND,India,131785.232099,1.0,338.0,1749764.90379,7227,116.0,1.0,1617979.67169,7895.0,Aligarh,3972,6.973061709215597E9,"{""type"":""MultiPoint"",""coordinates"":[]}"
00000000000000000122,IND,India,77638.8889811,1.0,232.0,1602739.6697,7387,107.0,1.0,1525100.78072,8144.0,Gwalior,4088,1.6949030872179003E10,"{""type"":""MultiPoint"",""coordinates"":[]}"
00000000000000000124,IND,India,161975.50461,1.0,500.0,2239295.72971,7459,219.0,1.0,2077320.2251,8258.0,Bhopal,4144,2.6309345075139862E10,"{""type"":""MultiPoint"",""coordinates"":[]}"
00000000000000000126,IND,India,85683.0373492,1.0,280.0,1145587.29718,7509,82.0,1.0,1059904.25983,8341.0,Solapur,4184,1.082042827044351E10,"{""type"":""MultiPoint"",""coordinates"":[]}"
00000000000000000127,IND,India,14890.8360291,1.0,76.0,1028592.72311,7558,45.0,1.0,1013701.88708,8419.0,Farrukhabad,4221,1.935324280333976E9,"{""type"":""MultiPoint"",""coordinates"":[]}"
00000000000000000128,IND,India,52532.1331224,1.0,218.0,1044912.3782,7566,75.0,1.0,992380.245075,8433.0,Shahjahanpur,4228,2.1935220217064233E9,"{""type"":""MultiPoint"",""coordinates"":[]}"
0000000000000000012a,IND,India,9959.79862976,1.0,52.0,1195723.57036,7665,25.0,1.0,1185763.77173,8587.0,Hardoi,4302,1.7415829779950578E9,"{""type"":""MultiPoint"",""coordinates"":[]}"
0000000000000000012b,IND,India,263736.350142,1.0,610.0,1480750.51278,7669,254.0,1.0,1217014.16264,8595.0,Thalassery,4306,1.2772926863267597E10,"{""type"":""MultiPoint"",""coordinates"":[]}"
0000000000000000012c,IND,India,388865.675715,1.0,993.0,2598494.42344,7724,478.0,1.0,2209628.74772,8673.0,Kozhikode,4344,3.983764231153498E10,"{""type"":""MultiPoint"",""coordinates"":[]}"
00000000000000000132,IND,India,64417.8942477,1.0,377.0,1460486.32509,7885,139.0,1.0,1396068.43084,8896.0,Mysuru,4443,1.6567921734288322E10,"{""type"":""MultiPoint"",""coordinates"":[]}"
00000000000000000134,IND,India,278457.654077,1.0,835.0,3187285.47374,7927,260.0,1.0,2908827.81966,8952.0,Nagpur,4469,4.1910801170963524E10,"{""type"":""MultiPoint"",""coordinates"":[]}"
00000000000000000136,IND,India,97204.3945623,1.0,362.0,1706855.62296,7970,119.0,1.0,1609651.2284,9007.0,Jabalpur,4496,1.729724858863452E10,"{""type"":""MultiPoint"",""coordinates"":[]}"
00000000000000000137,IND,India,270841.809323,1.0,699.0,1314887.25839,7973,249.0,1.0,1044045.44907,9013.0,Ettumanoor,4499,1.65891766338261E10,"{""type"":""MultiPoint"",""coordinates"":[]}"
00000000000000000139,IND,India,467582.298486,1.0,1076.0,2672462.04182,8023,366.0,1.0,2204879.74334,9069.0,Coimbatore,4525,3.538617819502931E10,"{""type"":""MultiPoint"",""coordinates"":[]}"
0000000000000000013b,IND,India,7680.67810059,1.0,66.0,1074099.87561,8078,29.0,1.0,1066419.19751,9129.0,Gonda,4551,1.15229117278558E9,"{""type"":""MultiPoint"",""coordinates"":[]}"
0000000000000000013e,IND,India,129968.641057,1.0,395.0,1955325.89147,8123,115.0,1.0,1825357.25041,9195.0,Faizabad,4581,3.605279111877097E9,"{""type"":""MultiPoint"",""coordinates"":[]}"
0000000000000000013f,IND,India,77437.0331421,1.0,103.0,1243185.48615,8183,31.0,1.0,1165748.453,9258.0,Sultanpur,4611,1.9731814826969733E9,"{""type"":""MultiPoint"",""coordinates"":[]}"
00000000000000000143,IND,India,161127.029531,1.0,388.0,2033424.92204,8344,128.0,1.0,1872297.89251,9444.0,Madurai,4698,2.91993670736903E10,"{""type"":""MultiPoint"",""coordinates"":[]}"
00000000000000000144,IND,India,142771.169964,1.0,506.0,2186425.92782,8404,171.0,1.0,2043654.75786,9500.0,Gorakhpur,4726,5.367133888439342E9,"{""type"":""MultiPoint"",""coordinates"":[]}"
00000000000000000145,IND,India,121408.545544,1.0,404.0,1389313.67341,8448,151.0,1.0,1267905.12786,9544.0,Tiruchirappalli,4747,1.5637658047144707E10,"{""type"":""MultiPoint"",""coordinates"":[]}"
00000000000000000146,IND,India,959161.671528,1.0,1417.0,5147432.43676,8463,480.0,1.0,4188270.76524,9562.0,Varanasi,4756,2.038709454870305E10,"{""type"":""MultiPoint"",""coordinates"":[]}"
00000000000000000147,IND,India,80056.9272451,1.0,331.0,1235052.61635,8464,175.0,1.0,1154995.6891,9564.0,Durg,4757,1.2625627971127243E10,"{""type"":""MultiPoint"",""coordinates"":[]}"
00000000000000000149,IND,India,155287.270398,1.0,504.0,1590781.07184,8513,191.0,1.0,1435493.80144,9620.0,Raipur,4784,1.8118903938740345E10,"{""type"":""MultiPoint"",""coordinates"":[]}"
0000000000000000014a,IND,India,110319.424683,1.0,299.0,1010597.50678,8578,95.0,1.0,900278.082094,9710.0,Bilaspur,4825,5.7820979744329405E9,"{""type"":""MultiPoint"",""coordinates"":[]}"
0000000000000000014b,IND,India,320085.225113,1.0,823.0,1628994.82655,8616,406.0,1.0,1308909.60144,9782.0,Kuchai Kot,4854,3.5244208471740127E9,"{""type"":""MultiPoint"",""coordinates"":[]}"
0000000000000000014d,IND,India,132921.693482,1.0,274.0,1008954.18832,8661,94.0,1.0,876032.494837,9834.0,Puducherry,4879,1.25636491398969E10,"{""type"":""MultiPoint"",""coordinates"":[]}"
00000000000000000153,IND,India,157535.19648,1.0,249.0,1150857.22396,9131,134.0,1.0,993322.027481,10152.0,Begusarai,5022,2.9178128052963805E9,"{""type"":""MultiPoint"",""coordinates"":[]}"
00000000000000000154,IND,India,197210.140056,1.0,459.0,1789434.17829,9160,146.0,1.0,1592224.03823,10168.0,Ranchi,5029,7.228560084690162E9,"{""type"":""MultiPoint"",""coordinates"":[]}"
00000000000000000155,IND,India,145941.667396,1.0,755.0,2233108.22438,9284,284.0,1.0,2087166.55698,10243.0,Dhanbad,5064,1.7454043336737015E10,"{""type"":""MultiPoint"",""coordinates"":[]}"
00000000000000000156,IND,India,42257.4602213,1.0,265.0,1807392.36897,9359,150.0,1.0,1765134.90874,10285.0,Jamshedpur,5085,9.043475584708015E9,"{""type"":""MultiPoint"",""coordinates"":[]}"
00000000000000000158,IND,India,146332.572428,1.0,301.0,1156974.19317,9478,144.0,1.0,1010641.62074,10354.0,Bhubaneshwar,5118,1.1622966893613537E10,"{""type"":""MultiPoint"",""coordinates"":[]}"
00000000000000000108,IND,India,96694.068471,1.0,408.0,1553529.95837,6595;6598,182.0,2.0,1456835.8899,5324.0,Jodhpur,3549,7.731976494040337E9,"{""type"":""MultiPoint"",""coordinates"":[]}"
0000000000000000010c,IND,India,108616.416121,1.0,680.0,5704834.34959,6728;6773,263.0,2.0,5596217.93347,6611.0,Surat,3650,1.0449473602343036E11,"{""type"":""MultiPoint"",""coordinates"":[]}"
0000000000000000010e,IND,India,264987.618154,1.0,769.0,2513988.31837,6760;6814,296.0,2.0,2249000.70021,6781.0,Chandigarh,3673,3.3112331335583447E10,"{""type"":""MultiPoint"",""coordinates"":[]}"
00000000000000000119,IND,India,74801.3144584,1.0,361.0,1056634.65482,7055;7081,151.0,2.0,981833.340363,7631.0,Haridwar,3850,1.0806156530405682E10,"{""type"":""MultiPoint"",""coordinates"":[]}"
0000000000000000011a,IND,India,201837.831179,1.0,577.0,2422104.31333,7061;7067,247.0,2.0,2220266.48215,7643.0,Meerut,3856,1.087496449609626E10,"{""type"":""MultiPoint"",""coordinates"":[]}"
0000000000000000011b,IND,India,245307.446475,1.0,809.0,3288988.09682,7177;7190,304.0,2.0,3043680.65035,7839.0,Indore,3945,3.985304059337606E10,"{""type"":""MultiPoint"",""coordinates"":[]}"
0000000000000000011e,IND,India,131683.665838,1.0,420.0,1842998.23819,7251;7279,156.0,2.0,1711314.57235,7933.0,Moradabad,3988,5.706194857271628E9,"{""type"":""MultiPoint"",""coordinates"":[]}"
0000000000000000011f,IND,India,229999.483215,1.0,535.0,2737028.21967,7252;7264,228.0,2.0,2507028.73645,7957.0,Agra,3997,1.1707123260437038E10,"{""type"":""MultiPoint"",""coordinates"":[]}"
00000000000000000120,IND,India,63644.0314068,1.0,345.0,1861221.88509,7257;7266,150.0,2.0,1797577.85369,7961.0,Aurangabad,3999,1.6258010390015097E10,"{""type"":""MultiPoint"",""coordinates"":[]}"
00000000000000000121,IND,India,61753.557879,1.0,225.0,1027678.6373,7288;7292,97.0,2.0,965925.079422,7996.0,Sangli,4015,8.027590069378597E9,"{""type"":""MultiPoint"",""coordinates"":[]}"
0000000000000000012e,IND,India,327832.779097,1.0,611.0,1166411.94332,7797;7824,260.0,2.0,838579.164223,8675.0,Malappuram,4346,1.429953206600043E10,"{""type"":""MultiPoint"",""coordinates"":[]}"
0000000000000000012f,IND,India,15890.1329651,1.0,55.0,1001347.21231,7731;7749,27.0,2.0,985457.079346,8686.0,Lakhimpur,4350,1.3860595617978978E9,"{""type"":""MultiPoint"",""coordinates"":[]}"
00000000000000000138,IND,India,568724.396549,1.0,1904.0,8859344.66366,8005;8110,907.0,2.0,8290620.26711,9045.0,Hyderabad,4514,1.9564697963212845E11,"{""type"":""MultiPoint"",""coordinates"":[]}"
0000000000000000013c,IND,India,612095.076294,1.0,1078.0,2850517.81741,8072;8095,475.0,2.0,2238422.74111,9157.0,Thiruvananthapuram,4565,4.190051608519239E10,"{""type"":""MultiPoint"",""coordinates"":[]}"
0000000000000000013d,IND,India,146922.346914,1.0,569.0,1537199.41356,8104;8117,201.0,2.0,1390277.06665,9165.0,Tiruppur,4569,1.3806516162595041E10,"{""type"":""MultiPoint"",""coordinates"":[]}"
00000000000000000140,IND,India,226942.190574,1.0,579.0,1582499.26559,8188;8241,220.0,2.0,1355557.07501,9266.0,Erode,4615,1.5050277205725761E10,"{""type"":""MultiPoint"",""coordinates"":[]}"
00000000000000000141,IND,India,188077.543457,1.0,349.0,3244738.0578,8201;8243,159.0,2.0,3056660.51434,9282.0,Prayagraj,4623,8.854698688748308E9,"{""type"":""MultiPoint"",""coordinates"":[]}"
00000000000000000142,IND,India,235329.283773,1.0,518.0,1831357.09964,8275;8278,175.0,2.0,1596027.81587,9368.0,Salem,4660,2.3914326282969116E10,"{""type"":""MultiPoint"",""coordinates"":[]}"
00000000000000000148,IND,India,180689.752864,1.0,497.0,1342765.62158,8474;8509,177.0,2.0,1162075.86872,9570.0,Vellore,4760,1.3730682396992846E10,"{""type"":""MultiPoint"",""coordinates"":[]}"
0000000000000000014c,IND,India,89576.3535883,1.0,314.0,1551704.54805,8628;8629,142.0,2.0,1462128.19446,9794.0,Vijayawada,4860,1.476830780858088E10,"{""type"":""MultiPoint"",""coordinates"":[]}"
0000000000000000014e,IND,India,522675.425418,1.0,2070.0,1.05771892451E7,8675;8695,950.0,2.0,1.00545138197E7,9850.0,Chennai,4887,1.7230828603367493E11,"{""type"":""MultiPoint"",""coordinates"":[]}"
0000000000000000014f,IND,India,427184.205129,1.0,621.0,1953556.40139,8897;8913,222.0,2.0,1526372.19626,10007.0,Muzaffarpur,4956,4.347312549119991E9,"{""type"":""MultiPoint"",""coordinates"":[]}"
00000000000000000150,IND,India,116150.454613,1.0,316.0,3062410.20069,8884;8914,172.0,2.0,2946259.74608,10017.0,Patna,4961,9.5387639260705E9,"{""type"":""MultiPoint"",""coordinates"":[]}"
00000000000000000151,IND,India,92935.8495617,1.0,188.0,1042313.2792,8978;8984,88.0,2.0,949377.429642,10065.0,Gaya,4982,3.1252297135218763E9,"{""type"":""MultiPoint"",""coordinates"":[]}"
00000000000000000157,IND,India,223368.479429,1.0,818.0,3483728.87913,9402;9484,360.0,2.0,3260360.3997,10313.0,Asansol,5098,2.3585202620757664E10,"{""type"":""MultiPoint"",""coordinates"":[]}"
0000000000000000015a,IND,India,469717.749444,1.0,900.0,2162558.01764,9653;9655,432.0,2.0,1692840.2682,10441.0,Tamluk,5160,1.6533280410861816E10,"{""type"":""MultiPoint"",""coordinates"":[]}"
0000000000000000015c,IND,India,260098.071214,1.0,651.0,1506343.54911,9691;9747,382.0,2.0,1246245.4779,10453.0,Kolkata,5170,9.925326933833178E9,"{""type"":""MultiPoint"",""coordinates"":[]}"
0000000000000000015d,IND,India,157127.151197,1.0,521.0,1380917.20556,9903;9915,234.0,2.0,1223790.05436,10496.0,Guwahati,5197,1.1188122938099064E10,"{""type"":""MultiPoint"",""coordinates"":[]}"
0000000000000000015e,IND,India,268527.746381,1.0,609.0,1102315.38416,10084;10092,212.0,2.0,833787.637781,10533.0,Imphal,5227,9.295778313683838E9,"{""type"":""MultiPoint"",""coordinates"":[]}"
0000000000000000010a,IND,India,315862.537061,1.0,1133.0,7293273.58904,6651;6652;6662,432.0,3.0,6977411.05198,5991.0,Ahmedabad,3594,1.119475425096981E11,"{""type"":""MultiPoint"",""coordinates"":[]}"
00000000000000000118,IND,India,440500.96395,1.0,1558.0,7292984.88056,7018;7039;7041,670.0,3.0,6852483.91661,7617.0,Pune,3843,8.175635164776082E10,"{""type"":""MultiPoint"",""coordinates"":[]}"
00000000000000000123,IND,India,111586.996212,1.0,294.0,1761174.35043,7425;7436;7468,138.0,3.0,1649587.35422,8224.0,Bareilly,4127,5.161921980722695E9,"{""type"":""MultiPoint"",""coordinates"":[]}"
00000000000000000125,IND,India,255111.933969,1.0,764.0,1574536.59142,7496;7524;7530,356.0,3.0,1319424.65745,8319.0,Mangaluru,4173,1.978012140854606E10,"{""type"":""MultiPoint"",""coordinates"":[]}"
00000000000000000129,IND,India,226378.477692,1.0,754.0,1602872.64541,7587;7609;7641,401.0,3.0,1376494.16772,8497.0,Kannur,4259,1.4658675672420677E10,"{""type"":""MultiPoint"",""coordinates"":[]}"
00000000000000000130,IND,India,132512.150546,1.0,807.0,4341524.84992,7727;7742;7756,291.0,3.0,4209012.69938,8722.0,Kanpur,4366,1.7018231752226288E10,"{""type"":""MultiPoint"",""coordinates"":[]}"
00000000000000000135,IND,India,656277.049427,1.0,1540.0,2802508.962,7963;8007;8066,674.0,3.0,2146231.91258,8997.0,Kollam,4491,4.9343964314076454E10,"{""type"":""MultiPoint"",""coordinates"":[]}"
0000000000000000013a,IND,India,536751.187279,1.0,2054.0,1.19348524749E7,8050;8122;8153,766.0,3.0,1.13981012876E7,9099.0,Bengaluru,4539,2.7375936404063992E11,"{""type"":""MultiPoint"",""coordinates"":[]}"
00000000000000000152,IND,India,91016.7367169,1.0,443.0,1889151.91118,9116;9122;9141,242.0,3.0,1798135.17446,10142.0,Visakhapatnam,5017,1.93949356757642E10,"{""type"":""MultiPoint"",""coordinates"":[]}"
00000000000000000159,IND,India,261291.506783,1.0,427.0,1585052.49181,9617;9619;9620,179.0,3.0,1323760.98502,10432.0,Berhampore,5153,1.2840817775715113E10,"{""type"":""MultiPoint"",""coordinates"":[]}"
0000000000000000010f,IND,India,155931.701238,1.0,374.0,1139259.60881,6799;6810;6831;6834,158.0,4.0,983327.907568,7108.0,Silvassa,3720,1.1665677843625755E10,"{""type"":""MultiPoint"",""coordinates"":[]}"
00000000000000000112,IND,India,172234.56643,1.0,799.0,4070557.21288,6893;6915;6925;6926,384.0,4.0,3898322.64645,7320.0,Jaipur,3757,4.806124114738774E10,"{""type"":""MultiPoint"",""coordinates"":[]}"
0000000000000000011c,IND,India,93402.1414733,1.0,279.0,1055484.07049,7218;7237;7245;7253,132.0,4.0,962081.929016,7881.0,Kolhapur,3965,1.0186522279229103E10,"{""type"":""MultiPoint"",""coordinates"":[]}"
0000000000000000012d,IND,India,772531.338576,1.0,1571.0,2981880.87738,7779;7853;7856;7877,665.0,4.0,2209349.5388,8674.0,Guruvayur,4345,3.192048568295421E10,"{""type"":""MultiPoint"",""coordinates"":[]}"
00000000000000000131,IND,India,365473.266233,1.0,1203.0,5244876.15644,7841;7854;7879;7890,410.0,4.0,4879402.89021,8848.0,Lucknow,4425,2.356402406211931E10,"{""type"":""MultiPoint"",""coordinates"":[]}"
00000000000000000133,IND,India,692782.614144,1.0,2029.0,4079939.19612,7840;7857;7873;7878;7887,994.0,5.0,3387156.58197,8900.0,Kochi,4445,6.252833971517089E10,"{""type"":""MultiPoint"",""coordinates"":[]}"
00000000000000000113,IND,India,2038361.50233,1.0,5569.0,3.00767077518E7,6955;6964;6993;7003;7063;7080;7085;7108,2738.0,8.0,2.80383462495E7,7466.0,Delhi [New Delhi],3790,5.747403204878778E11,"{""type"":""MultiPoint"",""coordinates"":[]}"
0000000000000000015b,IND,India,1306653.32805,1.0,4586.0,2.31290195711E7,9683;9691;9693;9703;9715;9725;9734;9762;9792;9797,2847.0,10.0,2.1822366243E7,10452.0,Kolkata,5169,1.8646111809582974E11,"{""type"":""MultiPoint"",""coordinates"":[]}"
00000000000000000180,IRN,Iran,327754.880218,1.0,892.0,1839113.7169,5354,253.0,1.0,1511358.83669,967.0,Tabriz,5490,2.5279018200435825E10,"{""type"":""MultiPoint"",""coordinates"":[]}"
00000000000000000181,IRN,Iran,40581.6707315,1.0,249.0,1054613.30952,5515,121.0,1.0,1014031.63878,3000.0,Kermanshah,5516,1.30274038632503E10,"{""type"":""MultiPoint"",""coordinates"":[]}"
00000000000000000182,IRN,Iran,158794.3252,1.0,588.0,1391063.8088,5712,188.0,1.0,1232269.4836,4397.0,Ahwaz,5547,8.906620649329994E10,"{""type"":""MultiPoint"",""coordinates"":[]}"
00000000000000000186,IRN,Iran,151607.799559,1.0,578.0,1493433.00901,5854,208.0,1.0,1341825.20945,5666.0,Shiraz,5599,1.4146732654533947E10,"{""type"":""MultiPoint"",""coordinates"":[]}"
00000000000000000184,IRN,Iran,66006.8433329,1.0,260.0,1062501.83935,5756;5759,119.0,2.0,996494.996017,4845.0,Qom,5560,1.073174899535809E10,"{""type"":""MultiPoint"",""coordinates"":[]}"
00000000000000000185,IRN,Iran,434659.352361,1.0,1031.0,2515160.31491,5811;5815,372.0,2.0,2080500.96255,5291.0,Isfahan,5579,4.116992298155142E10,"{""type"":""MultiPoint"",""coordinates"":[]}"
00000000000000000187,IRN,Iran,237087.547392,1.0,830.0,3181980.71482,5916;5918,304.0,2.0,2944893.16743,6030.0,Mashhad,5626,6.696762825198303E10,"{""type"":""MultiPoint"",""coordinates"":[]}"
00000000000000000183,IRN,Iran,748506.718194,1.0,3332.0,1.34086796999E7,5736;5737;5738,1417.0,3.0,1.26601729817E7,4686.0,Tehran,5555,2.92561033241401E11,"{""type"":""MultiPoint"",""coordinates"":[]}"
00000000000000000189,IRQ,Iraq,214883.915602,1.0,725.0,1461345.91607,5159,210.0,1.0,1246462.00047,2018.0,Erbil,5663,1.8442025001210922E10,"{""type"":""MultiPoint"",""coordinates"":[]}"
0000000000000000018b,IRQ,Iraq,58324.2678251,1.0,189.0,1070856.90631,5387,89.0,1.0,1012532.63849,3453.0,Najaf,5682,1.3167791486173374E10,"{""type"":""MultiPoint"",""coordinates"":[]}"
0000000000000000018c,IRQ,Iraq,51568.4985943,1.0,200.0,1068653.11319,5428,59.0,1.0,1017084.61459,3842.0,Ad Diwaniyah,5691,9.339271914186975E9,"{""type"":""MultiPoint"",""coordinates"":[]}"
0000000000000000018d,IRQ,Iraq,135758.663144,1.0,370.0,1620042.70829,5668,149.0,1.0,1484284.04515,4497.0,Basra,5710,2.8185121149372562E10,"{""type"":""MultiPoint"",""coordinates"":[]}"
00000000000000000188,IRQ,Iraq,124023.830614,1.0,453.0,1218694.94921,4990;5009,155.0,2.0,1094671.11859,1084.0,Mosul,5655,2.406760472178852E10,"{""type"":""MultiPoint"",""coordinates"":[]}"
0000000000000000018a,IRQ,Iraq,534116.156069,1.0,2252.0,6245609.02132,5314;5326;5345;5361,879.0,4.0,5711492.86525,2709.0,Baghdad,5673,1.1913953268893997E11,"{""type"":""MultiPoint"",""coordinates"":[]}"
00000000000000000190,ITA,Italy,579449.156337,1.0,1708.0,1784834.15615,2405,207.0,1.0,1205384.99981,85.0,Turin,5724,1.236485309936389E11,"{""type"":""MultiPoint"",""coordinates"":[]}"
00000000000000000193,ITA,Italy,581957.726864,1.0,2318.0,4054332.8269,2980;2991;3003,983.0,3.0,3472375.10004,4333.0,Naples,5780,1.533671019532914E11,"{""type"":""MultiPoint"",""coordinates"":[]}"
00000000000000000191,ITA,Italy,1610822.8415,1.0,3393.0,5121995.62973,2519;2521;2529;2559,939.0,4.0,3511172.78823,1600.0,Milan,5733,4.987203693865481E11,"{""type"":""MultiPoint"",""coordinates"":[]}"
00000000000000000192,ITA,Italy,884833.939644,1.0,2696.0,3501925.08293,2892;2895;2897;2912,558.0,4.0,2617091.14328,3881.0,Rome,5769,2.777654132562121E11,"{""type"":""MultiPoint"",""coordinates"":[]}"
00000000000000000195,JPN,Japan,327556.116023,1.0,1544.0,2222113.47893,12736,387.0,1.0,1894557.36291,266.0,Sapporo,5808,1.1757496183512039E11,"{""type"":""MultiPoint"",""coordinates"":[]}"
00000000000000000197,JPN,Japan,386636.722339,1.0,1535.0,1589886.37124,12743,530.0,1.0,1203249.6489,843.0,Kitakyushu,5812,5.841964117280787E10,"{""type"":""MultiPoint"",""coordinates"":[]}"
00000000000000000198,JPN,Japan,462636.17158,1.0,1123.0,1068107.61975,12769,223.0,1.0,605471.44817,2382.0,Kumamoto,5827,4.700852990464E10,"{""type"":""MultiPoint"",""coordinates"":[]}"
0000000000000000019a,JPN,Japan,587820.455046,1.0,1816.0,1417356.73893,12838,398.0,1.0,829536.283882,3549.0,Okayama,5845,6.836452281030307E10,"{""type"":""MultiPoint"",""coordinates"":[]}"
0000000000000000019c,JPN,Japan,218060.42705,1.0,691.0,1160096.73009,12882,267.0,1.0,942036.30304,4199.0,Naha,5860,4.034077076494481E10,"{""type"":""MultiPoint"",""coordinates"":[]}"
0000000000000000019e,JPN,Japan,374382.806307,1.0,1419.0,1517061.18191,12931,331.0,1.0,1142678.3756,4822.0,Sendai,5875,8.242657356727092E10,"{""type"":""MultiPoint"",""coordinates"":[]}"
0000000000000000019f,JPN,Japan,1063975.41396,1.0,2717.0,2237876.44643,12947,630.0,1.0,1173901.03247,5005.0,Takasaki [Maebashi],5881,1.1115519169006418E11,"{""type"":""MultiPoint"",""coordinates"":[]}"
000000000000000001a0,JPN,Japan,380234.667239,1.0,1219.0,1099104.77467,12958,330.0,1.0,718870.10743,5091.0,Hamamatsu,5885,3.954162264273328E10,"{""type"":""MultiPoint"",""coordinates"":[]}"
00000000000000000199,JPN,Japan,348077.924948,1.0,1553.0,1633746.73779,12778;12785,383.0,2.0,1285668.81284,2648.0,Hiroshima,5831,7.314209135028737E10,"{""type"":""MultiPoint"",""coordinates"":[]}"
0000000000000000019b,JPN,Japan,1764549.19901,1.0,10090.0,1.76217655919E7,12858;12888,3202.0,2.0,1.58572163929E7,3956.0,Osaka [Kyoto],5854,8.128532574106642E11,"{""type"":""MultiPoint"",""coordinates"":[]}"
000000000000000001a2,JPN,Japan,256122.997032,1.0,1120.0,1153826.26576,12969;12972,335.0,2.0,897703.268726,5222.0,Shizuoka,5888,4.275399308735284E10,"{""type"":""MultiPoint"",""coordinates"":[]}"
00000000000000000196,JPN,Japan,657636.517056,1.0,1938.0,2998820.90844,12741;12751;12752,579.0,3.0,2341184.39139,708.0,Fukuoka,5811,1.2695389663138129E11,"{""type"":""MultiPoint"",""coordinates"":[]}"
0000000000000000019d,JPN,Japan,1699326.06149,1.0,7350.0,9590442.43583,12914;12918;12927;12930,2747.0,4.0,7891116.37435,4532.0,Nagoya,5868,5.4584406644871625E11,"{""type"":""MultiPoint"",""coordinates"":[]}"
000000000000000001a1,JPN,Japan,2933253.90863,1.0,11971.0,3.64717869071E7,12962;12964;12966;12989;12995,5582.0,5.0,3.35385329985E7,5129.0,Tokyo,5886,2.0366775543549248E12,"{""type"":""MultiPoint"",""coordinates"":[]}"
00000000000000000224,KOR,SouthKorea,211840.847536,1.0,1001.0,1746023.24779,12540,205.0,1.0,1534182.40025,1782.0,Daejeon,7769,8.334776103631442E10,"{""type"":""MultiPoint"",""coordinates"":[]}"
00000000000000000225,KOR,SouthKorea,213672.211051,1.0,1057.0,1683322.22698,12611,194.0,1.0,1469650.01593,2246.0,Gwangju,7775,7.314419047103351E10,"{""type"":""MultiPoint"",""coordinates"":[]}"
00000000000000000226,KOR,SouthKorea,394231.78428,1.0,2251.0,2868256.7255,12651,331.0,1.0,2474024.94122,2453.0,Daegu,7778,1.1128526856620488E11,"{""type"":""MultiPoint"",""coordinates"":[]}"
00000000000000000228,KOR,SouthKorea,209613.263886,1.0,836.0,1132432.10118,12682,199.0,1.0,922818.83729,3211.0,Ulsan,7788,1.0323979800863696E11,"{""type"":""MultiPoint"",""coordinates"":[]}"
00000000000000000227,KOR,SouthKorea,442562.37365,1.0,1478.0,4218267.5169,12673;12674;12678;12679,560.0,4.0,3775705.14325,3057.0,Busan,7786,1.6968594626824503E11,"{""type"":""MultiPoint"",""coordinates"":[]}"
00000000000000000223,KOR,SouthKorea,2346174.08081,1.0,7053.0,2.42874472125E7,12389;12431;12453;12462;12477,2586.0,5.0,2.19412731316E7,94.0,Seoul,7760,1.4383750726595452E12,"{""type"":""MultiPoint"",""coordinates"":[]}"
000000000000000001c2,MAR,Morocco,170360.651861,1.0,430.0,1122995.08714,1544,148.0,1.0,952634.435277,581.0,Agadir,6251,1.4025949479244387E10,"{""type"":""MultiPoint"",""coordinates"":[]}"
000000000000000001c3,MAR,Morocco,187909.907573,1.0,405.0,1135407.40594,1570,91.0,1.0,947497.498367,1515.0,Marrakesh,6259,1.3401132025267813E10,"{""type"":""MultiPoint"",""coordinates"":[]}"
000000000000000001c5,MAR,Morocco,217247.480855,1.0,636.0,2082985.89987,1595,215.0,1.0,1865738.41902,2317.0,Rabat,6268,2.7077198637960217E10,"{""type"":""MultiPoint"",""coordinates"":[]}"
000000000000000001c6,MAR,Morocco,57076.7113562,1.0,306.0,1034031.22971,1635,100.0,1.0,976954.518356,3315.0,Tangier,6285,1.5246259012048552E10,"{""type"":""MultiPoint"",""coordinates"":[]}"
000000000000000001c7,MAR,Morocco,89020.4305263,1.0,419.0,1282846.77194,1664,113.0,1.0,1193826.34142,3845.0,Fez,6296,1.1881658379680164E10,"{""type"":""MultiPoint"",""coordinates"":[]}"
000000000000000001c4,MAR,Morocco,313421.564161,1.0,915.0,4377455.14014,1574;1575,421.0,2.0,4064033.57598,1785.0,Casablanca,6261,7.274634928794994E10,"{""type"":""MultiPoint"",""coordinates"":[]}"
000000000000000001b5,MEX,Mexico,181249.847882,1.0,727.0,1058599.66691,112,133.0,1.0,877349.819031,3846.0,Aguascalientes,6139,2.6632044081957973E10,"{""type"":""MultiPoint"",""coordinates"":[]}"
000000000000000001b6,MEX,Mexico,129542.978338,1.0,759.0,1640517.23835,119,190.0,1.0,1510974.26001,4097.0,León,6146,3.093027362597786E10,"{""type"":""MultiPoint"",""coordinates"":[]}"
000000000000000001b8,MEX,Mexico,307058.558118,1.0,1190.0,1237258.54368,139,161.0,1.0,930199.985559,4718.0,Querétaro,6164,3.2573095544250183E10,"{""type"":""MultiPoint"",""coordinates"":[]}"
000000000000000001b9,MEX,Mexico,53722.2952308,1.0,994.0,1365142.87819,143,293.0,1.0,1311420.58296,4798.0,Ciudad Juárez,6167,4.877898943484258E10,"{""type"":""MultiPoint"",""coordinates"":[]}"
000000000000000001ba,MEX,Mexico,120507.981241,1.0,1193.0,1204447.63807,144,166.0,1.0,1083939.65683,4823.0,San Luis Potosí,6168,3.4313307460712673E10,"{""type"":""MultiPoint"",""coordinates"":[]}"
000000000000000001bc,MEX,Mexico,284488.844402,1.0,970.0,1158093.30904,153,207.0,1.0,873604.464636,4981.0,Cuernavaca,6172,1.6533829760632885E10,"{""type"":""MultiPoint"",""coordinates"":[]}"
000000000000000001bf,MEX,Mexico,293427.510042,1.0,1849.0,4521204.92886,200,667.0,1.0,4227777.41881,5554.0,Monterrey,6194,1.657029824016964E11,"{""type"":""MultiPoint"",""coordinates"":[]}"
000000000000000001c0,MEX,Mexico,184397.709605,1.0,858.0,1088364.6053,350,188.0,1.0,903966.895699,6139.0,Mérida,6236,2.663574181934297E10,"{""type"":""MultiPoint"",""coordinates"":[]}"
000000000000000001b7,MEX,Mexico,216705.71926,1.0,1318.0,1306482.011,126;130,225.0,2.0,1089776.29174,4335.0,Torreon,6153,4.8899494034253E10,"{""type"":""MultiPoint"",""coordinates"":[]}"
000000000000000001b3,MEX,Mexico,89092.1430791,1.0,621.0,1835120.04113,19;21;23,341.0,3.0,1746027.89806,440.0,Tijuana,6095,6.796666459912888E10,"{""type"":""MultiPoint"",""coordinates"":[]}"
000000000000000001b4,MEX,Mexico,522730.944466,1.0,1968.0,5184364.54747,88;89;91,618.0,3.0,4661633.603,2837.0,Guadalajara,6121,1.3377721214340628E11,"{""type"":""MultiPoint"",""coordinates"":[]}"
000000000000000001bb,MEX,Mexico,832292.059364,1.0,2016.0,2451377.64921,146;151;152,430.0,3.0,1619085.58985,4848.0,Toluca,6169,2.006049218545503E10,"{""type"":""MultiPoint"",""coordinates"":[]}"
000000000000000001be,MEX,Mexico,771804.931629,1.0,2350.0,3431638.47955,177;180;181;185,620.0,4.0,2659833.54792,5327.0,Puebla,6183,4.948789122938339E10,"{""type"":""MultiPoint"",""coordinates"":[]}"
000000000000000001bd,MEX,Mexico,1124434.52641,1.0,4831.0,2.14107058633E7,154;159;158;161;164;167;168;170,2311.0,8.0,2.02862713369E7,5006.0,Mexico City,6173,4.29526475564624E11,"{""type"":""MultiPoint"",""coordinates"":[]}"
000000000000000001ae,MYS,Malaysia,305624.772389,1.0,685.0,1009439.4856,10956;10982,236.0,2.0,703814.713211,447.0,Bukit Mertajam,6041,3.042659257890005E10,"{""type"":""MultiPoint"",""coordinates"":[]}"
000000000000000001af,MYS,Malaysia,968296.471679,1.0,3314.0,7481102.84749,11139;11143;11154,1401.0,3.0,6512806.37581,1322.0,Kuala Lumpur,6047,4.1674108915992194E11,"{""type"":""MultiPoint"",""coordinates"":[]}"
000000000000000001b0,MYS,Malaysia,322351.668165,1.0,1307.0,1858307.14599,11496;11498;11499,431.0,3.0,1535955.47783,2524.0,Singapore,6058,6.7556051638758736E10,"{""type"":""MultiPoint"",""coordinates"":[]}"
000000000000000001d2,NGA,Nigeria,162335.553181,1.0,1185.0,3327050.18327,2189,477.0,1.0,3164714.63009,2526.0,Ibadan,6559,3.414004761231598E10,"{""type"":""MultiPoint"",""coordinates"":[]}"
000000000000000001d3,NGA,Nigeria,142447.525604,1.0,548.0,1181705.96434,2240,159.0,1.0,1039258.43874,3810.0,Ilorin,6581,1.2027732702143904E10,"{""type"":""MultiPoint"",""coordinates"":[]}"
000000000000000001d4,NGA,Nigeria,89497.6578148,1.0,772.0,1639736.42949,2354,305.0,1.0,1550238.77168,5294.0,Benin City,6631,1.3474750528074417E10,"{""type"":""MultiPoint"",""coordinates"":[]}"
000000000000000001da,NGA,Nigeria,143463.333419,1.0,491.0,1745138.94857,2570,213.0,1.0,1601675.61515,6529.0,Kaduna,6710,1.3610756025371357E10,"{""type"":""MultiPoint"",""coordinates"":[]}"
000000000000000001db,NGA,Nigeria,71818.9377115,1.0,258.0,1267678.97894,2574,96.0,1.0,1195860.04123,6556.0,Aba,6712,8.274549335486313E9,"{""type"":""MultiPoint"",""coordinates"":[]}"
000000000000000001dc,NGA,Nigeria,175230.968036,1.0,716.0,1153081.77191,2593,151.0,1.0,977850.803873,6644.0,Enugu,6721,7.488726585467364E9,"{""type"":""MultiPoint"",""coordinates"":[]}"
000000000000000001de,NGA,Nigeria,215889.585011,1.0,648.0,1022185.26254,2765,154.0,1.0,806295.677528,7140.0,Jos,6790,5.555758034749717E9,"{""type"":""MultiPoint"",""coordinates"":[]}"
000000000000000001df,NGA,Nigeria,42855.1654253,1.0,241.0,1112394.56467,3044,126.0,1.0,1069539.39924,7524.0,Maiduguri,6876,9.138528183136105E9,"{""type"":""MultiPoint"",""coordinates"":[]}"
000000000000000001d7,NGA,Nigeria,58304.9266834,1.0,291.0,1381502.38821,2511;2530,151.0,2.0,1323197.46152,6256.0,Port Harcourt,6691,2.138499897500005E10,"{""type"":""MultiPoint"",""coordinates"":[]}"
000000000000000001d8,NGA,Nigeria,257009.287891,1.0,627.0,1306034.18119,2557;2581,233.0,2.0,1049024.8933,6466.0,Oboama Nguru,6704,1.0021619077033144E10,"{""type"":""MultiPoint"",""coordinates"":[]}"
000000000000000001dd,NGA,Nigeria,592127.304428,1.0,1397.0,4821779.42683,2717;2742,400.0,2.0,4229652.1224,6995.0,Kano,6768,3.6135446308732086E10,"{""type"":""MultiPoint"",""coordinates"":[]}"
000000000000000001d1,NGA,Nigeria,428699.319383,1.0,2284.0,1.2337226552E7,2118;2125;2157;2180,1322.0,4.0,1.19085272326E7,865.0,Lagos,6543,1.2592128953953214E11,"{""type"":""MultiPoint"",""coordinates"":[]}"
000000000000000001d5,NGA,Nigeria,564430.065693,1.0,1961.0,4359636.93424,2471;2484;2495;2522;2528,962.0,5.0,3795206.86855,6116.0,Onitsha,6683,4.488901555133451E10,"{""type"":""MultiPoint"",""coordinates"":[]}"
000000000000000001d6,NGA,Nigeria,745789.629373,1.0,1636.0,3099677.57631,2491;2498;2510;2515;2536,660.0,5.0,2353887.94694,6152.0,Amaigbo,6685,2.2419624186318523E10,"{""type"":""MultiPoint"",""coordinates"":[]}"
000000000000000001d9,NGA,Nigeria,223528.504781,1.0,1027.0,2578149.67849,2541;2544;2552;2565;2573;2608;2609,530.0,7.0,2354621.17371,6502.0,Abuja,6708,1.3986478718009861E10,"{""type"":""MultiPoint"",""coordinates"":[]}"
000000000000000001e2,PAK,Pakistan,266969.879974,1.0,1348.0,1.34176643617E7,6169,753.0,1.0,1.31506944818E7,2034.0,Karachi,7001,1.8174429680465494E11,"{""type"":""MultiPoint"",""coordinates"":[]}"
000000000000000001e9,PAK,Pakistan,502810.67383,1.0,1120.0,2925388.02468,6337,329.0,1.0,2422577.35085,5717.0,Multan,7094,2.9715155902985332E10,"{""type"":""MultiPoint"",""coordinates"":[]}"
000000000000000001e4,PAK,Pakistan,57086.5953693,1.0,217.0,1114628.63519,6234;6243,117.0,2.0,1057542.03982,4238.0,Swat City,7038,3.519775348052101E9,"{""type"":""MultiPoint"",""coordinates"":[]}"
000000000000000001e5,PAK,Pakistan,232258.965054,1.0,511.0,1327263.4842,6238;6244,158.0,2.0,1095004.51915,4371.0,Mardan,7041,1.4747969185564405E10,"{""type"":""MultiPoint"",""coordinates"":[]}"
000000000000000001e6,PAK,Pakistan,70033.387545,1.0,314.0,2054115.88953,6247;6251,119.0,2.0,1984082.50198,4692.0,Hyderabad,7046,1.0146520715450447E10,"{""type"":""MultiPoint"",""coordinates"":[]}"
000000000000000001e8,PAK,Pakistan,243559.475408,1.0,1152.0,4137957.27677,6329;6341,416.0,2.0,3894397.80136,5621.0,Rawalpindi [Islamabad],7088,4.019262812326636E10,"{""type"":""MultiPoint"",""coordinates"":[]}"
000000000000000001ea,PAK,Pakistan,956476.039516,1.0,1644.0,4979823.29122,6405;6426,516.0,2.0,4023347.25171,6153.0,Faisalabad,7127,3.706383808799891E10,"{""type"":""MultiPoint"",""coordinates"":[]}"
000000000000000001ed,PAK,Pakistan,686488.838545,1.0,1129.0,2804575.29863,6461;6476,282.0,2.0,2118086.46008,6476.0,Sialkot,7151,2.037995675488423E10,"{""type"":""MultiPoint"",""coordinates"":[]}"
000000000000000001e7,PAK,Pakistan,158935.475301,1.0,401.0,1712393.76876,6319;6321;6323,148.0,3.0,1553458.29346,5572.0,Abbottabad,7085,4.0193225224099197E9,"{""type"":""MultiPoint"",""coordinates"":[]}"
000000000000000001eb,PAK,Pakistan,276749.44271,1.0,808.0,3182474.90245,6469;6471;6482,276.0,3.0,2905725.45973,6422.0,Gujranwala,7146,2.2828673543593025E10,"{""type"":""MultiPoint"",""coordinates"":[]}"
000000000000000001ec,PAK,Pakistan,923517.994525,1.0,3154.0,1.17862905854E7,6467;6473;6491;6494;6498;6515,1074.0,6.0,1.08627725909E7,6458.0,Lahore,7149,1.1538331881901248E11,"{""type"":""MultiPoint"",""coordinates"":[]}"
000000000000000001e3,PAK,Pakistan,986917.993075,1.0,2013.0,5789130.04626,6202;6203;6209;6214;6221;6229;6236;6240;6249;6263,680.0,10.0,4802212.05319,3270.0,Peshawar,7020,5.409459664276576E10,"{""type"":""MultiPoint"",""coordinates"":[]}"
000000000000000001f5,PHL,Philippines,380774.272815,1.0,1232.0,3059069.97335,12981,351.0,1.0,2678295.70053,4372.0,Cebu City,7279,4.448720742383457E10,"{""type"":""MultiPoint"",""coordinates"":[]}"
000000000000000001f6,PHL,Philippines,159974.702966,1.0,477.0,1356277.38533,13022;13024,173.0,2.0,1196302.68237,4985.0,Davao City,7299,2.8851979043992428E10,"{""type"":""MultiPoint"",""coordinates"":[]}"
000000000000000001f2,PHL,Philippines,422305.210964,1.0,760.0,1219135.09167,12770;12772;12776;12779,290.0,4.0,796829.880705,604.0,Dagupan,7238,1.7295531124621063E10,"{""type"":""MultiPoint"",""coordinates"":[]}"
000000000000000001f3,PHL,Philippines,583506.654328,1.0,1079.0,1983596.91985,12801;12803;12804;12807;12816,364.0,5.0,1400090.26552,1797.0,Angeles [San Fernando],7245,1.6121712062445297E10,"{""type"":""MultiPoint"",""coordinates"":[]}"
000000000000000001f4,PHL,Philippines,1697413.49995,1.0,4873.0,2.49582744194E7,12817;12819;12821;12824;12829;12840;12837;12847;12854;12855;12859;12860;12861;12866,2416.0,14.0,2.32608609195E7,2845.0,Quezon City [Manila],7252,3.5452096331722394E11,"{""type"":""MultiPoint"",""coordinates"":[]}"
000000000000000001f9,POL,Poland,619753.34804,1.0,2630.0,1284334.3974,3205,182.0,1.0,664581.049362,3171.0,Krakow,7333,5.951728828306142E10,"{""type"":""MultiPoint"",""coordinates"":[]}"
000000000000000001f7,POL,Poland,1280306.93708,1.0,5198.0,2912555.18753,3134;3156,625.0,2.0,1632248.25045,2663.0,Katowice,7326,1.7215214866120963E11,"{""type"":""MultiPoint"",""coordinates"":[]}"
000000000000000001f8,POL,Poland,395016.192841,1.0,1996.0,1064394.02438,3153;3154,162.0,2.0,669377.831543,2787.0,Lodz,7328,7.365237423871144E10,"{""type"":""MultiPoint"",""coordinates"":[]}"
000000000000000001fa,POL,Poland,1020975.80358,1.0,4181.0,2865997.28879,3216;3219,441.0,2.0,1845021.48521,3222.0,Warsaw,7334,4.076936314527793E11,"{""type"":""MultiPoint"",""coordinates"":[]}"
00000000000000000203,RUS,Russia,242640.051467,1.0,1305.0,1099469.30339,4028,229.0,1.0,856829.251922,3560.0,Voronezh,7436,5.07557729218492E10,"{""type"":""MultiPoint"",""coordinates"":[]}"
00000000000000000204,RUS,Russia,216919.088789,1.0,965.0,1371549.12428,4195,269.0,1.0,1154630.03549,3736.0,Nizhny Novgorod,7440,6.781302944696459E10,"{""type"":""MultiPoint"",""coordinates"":[]}"
00000000000000000206,RUS,Russia,216764.375316,1.0,1113.0,1245155.49802,4552,302.0,1.0,1028391.1227,4829.0,Kazan,7471,8.538098390122934E10,"{""type"":""MultiPoint"",""coordinates"":[]}"
0000000000000000020c,RUS,Russia,247555.213288,1.0,1011.0,1282315.34456,5633,301.0,1.0,1034760.13127,6046.0,Chelyabinsk,7532,5.6097704724209274E10,"{""type"":""MultiPoint"",""coordinates"":[]}"
0000000000000000020d,RUS,Russia,184601.116711,1.0,1074.0,1180501.79327,5914,296.0,1.0,995900.676559,6167.0,Omsk,7540,4.2969019452489944E10,"{""type"":""MultiPoint"",""coordinates"":[]}"
0000000000000000020f,RUS,Russia,148512.534852,1.0,1138.0,1018788.98825,6266,219.0,1.0,870276.453398,6340.0,Krasnoyarsk,7552,9.591666440897778E10,"{""type"":""MultiPoint"",""coordinates"":[]}"
00000000000000000205,RUS,Russia,151309.357338,1.0,1177.0,1314499.77238,4288;4296,266.0,2.0,1163190.41504,4034.0,Rostov-on-Don,7448,4.374108877112377E10,"{""type"":""MultiPoint"",""coordinates"":[]}"
00000000000000000207,RUS,Russia,160548.796958,1.0,934.0,1062989.19813,4554;4570,236.0,2.0,902440.401171,4854.0,Saratov,7472,3.3323401450909992E10,"{""type"":""MultiPoint"",""coordinates"":[]}"
0000000000000000020a,RUS,Russia,206942.551387,1.0,959.0,1090326.56062,5339;5344,189.0,2.0,883384.009231,5864.0,Ufa,7519,5.239608628620157E10,"{""type"":""MultiPoint"",""coordinates"":[]}"
0000000000000000020b,RUS,Russia,466390.370244,1.0,1289.0,1496445.09593,5489;5507,287.0,2.0,1030054.72568,5972.0,Yekaterinburg,7527,9.303888096019354E10,"{""type"":""MultiPoint"",""coordinates"":[]}"
00000000000000000201,RUS,Russia,485809.630552,1.0,2764.0,5002494.4445,3396;3405;3408,590.0,3.0,4516684.81395,750.0,Saint Petersburg,7403,4.3145414588977057E11,"{""type"":""MultiPoint"",""coordinates"":[]}"
00000000000000000208,RUS,Russia,302099.323274,1.0,2075.0,1422694.91921,4571;4580;4583,360.0,3.0,1120595.59594,4937.0,Volgograd,7474,4.48163347575208E10,"{""type"":""MultiPoint"",""coordinates"":[]}"
00000000000000000209,RUS,Russia,177585.051532,1.0,931.0,1247326.00165,4744;4756;4762,269.0,3.0,1069740.95012,5413.0,Samara,7493,5.6789787650652824E10,"{""type"":""MultiPoint"",""coordinates"":[]}"
00000000000000000202,RUS,Russia,2067331.45187,1.0,8459.0,1.63753171452E7,3674;3675;3715;3725,1949.0,4.0,1.43079856933E7,2262.0,Moscow,7416,1.5244015841721873E12,"{""type"":""MultiPoint"",""coordinates"":[]}"
0000000000000000020e,RUS,Russia,313968.907546,1.0,1607.0,1746824.3627,6025;6033;6037;6040,382.0,4.0,1432855.45516,6191.0,Novosibirsk,7542,8.120261426580191E10,"{""type"":""MultiPoint"",""coordinates"":[]}"
00000000000000000215,SAU,SaudiArabia,115154.260103,1.0,804.0,1236290.80166,5817,270.0,1.0,1121136.54156,3647.0,Hofuf,7619,5.151051925880598E10,"{""type"":""MultiPoint"",""coordinates"":[]}"
00000000000000000211,SAU,SaudiArabia,129967.197663,1.0,534.0,1297733.02846,4907;4937,240.0,2.0,1167765.8308,1009.0,Medina,7587,7.793663038302823E10,"{""type"":""MultiPoint"",""coordinates"":[]}"
00000000000000000213,SAU,SaudiArabia,176117.588616,1.0,835.0,1742128.92729,5073;5099,249.0,2.0,1566011.33867,1625.0,Mecca,7590,1.3565627690983826E11,"{""type"":""MultiPoint"",""coordinates"":[]}"
00000000000000000214,SAU,SaudiArabia,572905.173909,1.0,3239.0,6299387.24487,5698;5701,1032.0,2.0,5726482.07096,3327.0,Riyadh,7614,6.581582558206055E11,"{""type"":""MultiPoint"",""coordinates"":[]}"
00000000000000000216,SAU,SaudiArabia,390939.531367,1.0,1198.0,2319628.54097,5820;5826,478.0,2.0,1928689.0096,3691.0,Dammam,7620,7.168422197758305E10,"{""type"":""MultiPoint"",""coordinates"":[]}"
00000000000000000212,SAU,SaudiArabia,353279.895783,1.0,1517.0,3992565.12509,4921;4952;5010,574.0,3.0,3639285.2293,1234.0,Jeddah,7589,2.6340838502889487E11,"{""type"":""MultiPoint"",""coordinates"":[]}"
0000000000000000023f,TUR,Turkey,300270.209594,1.0,1125.0,3094411.99044,3528,353.0,1.0,2794141.78085,633.0,Izmir,8158,1.5987553708765012E11,"{""type"":""MultiPoint"",""coordinates"":[]}"
00000000000000000241,TUR,Turkey,187924.739656,1.0,776.0,1868115.03635,3589,210.0,1.0,1680190.29669,2199.0,Bursa,8172,1.1516739887400513E11,"{""type"":""MultiPoint"",""coordinates"":[]}"
00000000000000000242,TUR,Turkey,143112.91848,1.0,664.0,1087976.74869,3729,223.0,1.0,944863.830208,3471.0,Antalya,8192,5.491198129422358E10,"{""type"":""MultiPoint"",""coordinates"":[]}"
00000000000000000243,TUR,Turkey,108626.871518,1.0,492.0,1471991.24203,3795,158.0,1.0,1363364.37051,3607.0,Sincan,8195,7.87445626169349E10,"{""type"":""MultiPoint"",""coordinates"":[]}"
00000000000000000244,TUR,Turkey,288167.077142,1.0,1042.0,3385325.26723,3809;3826,392.0,2.0,3097158.19009,3650.0,Ankara,8196,2.3506967061933255E11,"{""type"":""MultiPoint"",""coordinates"":[]}"
00000000000000000245,TUR,Turkey,119752.806454,1.0,384.0,1554725.0461,4416;4424,157.0,2.0,1434972.23965,5137.0,Gaziantep,8241,5.804027136369523E10,"{""type"":""MultiPoint"",""coordinates"":[]}"
00000000000000000240,TUR,Turkey,448584.078093,1.0,2540.0,1.47917387918E7,3562;3564;3576;3599,1394.0,4.0,1.43431547137E7,1637.0,Istanbul,8167,1.0714638232043372E12,"{""type"":""MultiPoint"",""coordinates"":[]}"
00000000000000000238,TWN,Taiwan,280141.440384,1.0,715.0,1339958.44764,12703,239.0,1.0,1059817.00726,1815.0,Tainan,8016,1.0121360570595717E11,"{""type"":""MultiPoint"",""coordinates"":[]}"
00000000000000000237,TWN,Taiwan,534567.303907,1.0,2463.0,9530828.72544,12696;12701,1052.0,2.0,8996261.42153,1141.0,New Taipei [Taipei],8013,7.28499281238572E11,"{""type"":""MultiPoint"",""coordinates"":[]}"
00000000000000000239,TWN,Taiwan,329016.319822,1.0,1088.0,2934154.37918,12709;12714,504.0,2.0,2605138.05935,1897.0,Kaohsiung,8017,1.535402708212604E11,"{""type"":""MultiPoint"",""coordinates"":[]}"
00000000000000000235,TWN,Taiwan,190699.895625,1.0,554.0,1116593.13363,12691;12692;12698,242.0,3.0,925893.238007,491.0,Hsinchu,8010,7.753815565428836E10,"{""type"":""MultiPoint"",""coordinates"":[]}"
00000000000000000236,TWN,Taiwan,619511.560489,1.0,1786.0,4020321.03382,12687;12689;12693;12695;12697;12699,741.0,6.0,3400809.47333,770.0,Taichung,8011,2.75589516347693E11,"{""type"":""MultiPoint"",""coordinates"":[]}"
00000000000000000248,UKR,Ukraine,137790.123789,1.0,1436.0,1255759.62639,3581,200.0,1.0,1117969.5026,2737.0,Odesa,8335,2.717857645170168E10,"{""type"":""MultiPoint"",""coordinates"":[]}"
00000000000000000249,UKR,Ukraine,128557.760318,1.0,915.0,1031762.99983,3754,311.0,1.0,903205.239512,3608.0,Dnipro,8352,2.7390953309394855E10,"{""type"":""MultiPoint"",""coordinates"":[]}"
0000000000000000024a,UKR,Ukraine,289895.444133,1.0,1741.0,1720556.03348,3781,270.0,1.0,1430660.58934,3818.0,Kharkiv,8357,3.913176498151923E10,"{""type"":""MultiPoint"",""coordinates"":[]}"
00000000000000000247,UKR,Ukraine,572544.959998,1.0,3385.0,3438138.07159,3517;3527,546.0,2.0,2865593.11159,2203.0,Kyiv,8328,2.0476438677103064E11,"{""type"":""MultiPoint"",""coordinates"":[]}"
0000000000000000024b,UKR,Ukraine,305093.640627,1.0,1231.0,1464092.25701,4068;4083;4136,390.0,3.0,1158998.61638,4344.0,Donetsk,8370,1.404782098314782E10,"{""type"":""MultiPoint"",""coordinates"":[]}"
0000000000000000025c,USA,UnitedStates,346488.649099,1.0,3940.0,3177732.23254,21,1480.0,1.0,2831243.58344,2204.0,Tijuana,8491,3.054567534856776E11,"{""type"":""MultiPoint"",""coordinates"":[]}"
0000000000000000025d,USA,UnitedStates,523221.985624,1.0,3863.0,2051326.28317,49,811.0,1.0,1528104.29754,3652.0,Sacramento,8512,1.6656903821673404E11,"{""type"":""MultiPoint"",""coordinates"":[]}"
0000000000000000025e,USA,UnitedStates,221879.225389,1.0,1623.0,2250989.01011,74,878.0,1.0,2029109.78472,4143.0,Las Vegas,8523,1.495780566767677E11,"{""type"":""MultiPoint"",""coordinates"":[]}"
00000000000000000260,USA,UnitedStates,434908.262453,1.0,3229.0,1023084.60621,84,407.0,1.0,588176.343758,4278.0,Tucson,8526,5.8475433573694084E10,"{""type"":""MultiPoint"",""coordinates"":[]}"
00000000000000000261,USA,UnitedStates,617780.189193,1.0,6026.0,2273466.32859,101,947.0,1.0,1655686.1394,4444.0,Portland,8529,2.2664481214756937E11,"{""type"":""MultiPoint"",""coordinates"":[]}"
00000000000000000262,USA,UnitedStates,1188281.76632,1.0,8328.0,3866486.79933,140,1885.0,1.0,2678205.03301,4510.0,Seattle,8531,5.495290785712663E11,"{""type"":""MultiPoint"",""coordinates"":[]}"
00000000000000000263,USA,UnitedStates,193659.830409,1.0,1738.0,1166374.4557,193,529.0,1.0,972714.625296,4881.0,Salt Lake City,8541,1.0526796214940884E11,"{""type"":""MultiPoint"",""coordinates"":[]}"
00000000000000000264,USA,UnitedStates,738588.903609,1.0,6233.0,2222515.74324,250,875.0,1.0,1483926.83963,5229.0,San Antonio,8554,1.6446814806533994E11,"{""type"":""MultiPoint"",""coordinates"":[]}"
00000000000000000266,USA,UnitedStates,831185.252428,1.0,6117.0,1894805.9199,273,606.0,1.0,1063620.66747,5349.0,Austin,8561,1.9468373511856522E11,"{""type"":""MultiPoint"",""coordinates"":[]}"
0000000000000000026a,USA,UnitedStates,836738.034178,1.0,7540.0,1966035.11504,411,1026.0,1.0,1129297.08087,5961.0,Kansas City,8594,1.751460370304098E11,"{""type"":""MultiPoint"",""coordinates"":[]}"
0000000000000000026d,USA,UnitedStates,681391.131484,1.0,4168.0,2678157.68541,501,1750.0,1.0,1996766.55393,6237.0,Tampa,8613,1.8108284497971222E11,"{""type"":""MultiPoint"",""coordinates"":[]}"
0000000000000000026e,USA,UnitedStates,823178.309664,1.0,3489.0,1096307.26933,530,221.0,1.0,273128.95967,6350.0,Nashville,8624,9.599641614093393E10,"{""type"":""MultiPoint"",""coordinates"":[]}"
00000000000000000274,USA,UnitedStates,553772.01889,1.0,6849.0,1304467.18323,624,665.0,1.0,750695.16434,6630.0,Louisville,8648,1.0063326879873396E11,"{""type"":""MultiPoint"",""coordinates"":[]}"
00000000000000000276,USA,UnitedStates,810983.234079,1.0,7597.0,1897002.79816,651,1052.0,1.0,1086019.56408,6720.0,Indianapolis,8657,1.8210539673302145E11,"{""type"":""MultiPoint"",""coordinates"":[]}"
00000000000000000277,USA,UnitedStates,515818.311937,1.0,4542.0,1617648.12035,675,774.0,1.0,1101829.80842,6769.0,Milwaukee,8662,1.462263422199143E11,"{""type"":""MultiPoint"",""coordinates"":[]}"
00000000000000000279,USA,UnitedStates,1649981.17299,1.0,5134.0,2020478.22832,707,325.0,1.0,370497.055337,6851.0,Charlotte,8672,1.792382318696615E11,"{""type"":""MultiPoint"",""coordinates"":[]}"
0000000000000000027a,USA,UnitedStates,747070.683478,1.0,8211.0,1885222.15851,729,848.0,1.0,1138151.47503,6887.0,Columbus,8678,1.9462581831981558E11,"{""type"":""MultiPoint"",""coordinates"":[]}"
0000000000000000027c,USA,UnitedStates,1040828.02991,1.0,8184.0,4065588.8548,770,2362.0,1.0,3024760.82489,6948.0,Detroit,8687,3.335693114040596E11,"{""type"":""MultiPoint"",""coordinates"":[]}"
0000000000000000027d,USA,UnitedStates,691945.240786,1.0,4770.0,1880819.79008,790,950.0,1.0,1188874.54929,6990.0,Cleveland,8692,1.4520387797351587E11,"{""type"":""MultiPoint"",""coordinates"":[]}"
0000000000000000027f,USA,UnitedStates,838705.877704,1.0,2792.0,1082917.90882,828,165.0,1.0,244212.031118,7032.0,Richmond,8697,1.1277884380782355E11,"{""type"":""MultiPoint"",""coordinates"":[]}"
00000000000000000282,USA,UnitedStates,904232.636792,1.0,4070.0,2265090.93459,880,742.0,1.0,1360858.2978,7123.0,Baltimore,8704,2.1693267072243246E11,"{""type"":""MultiPoint"",""coordinates"":[]}"
00000000000000000285,USA,UnitedStates,570565.38434,1.0,4365.0,1036069.82641,913,391.0,1.0,465504.442068,7195.0,Allentown,8713,1.3713321216955746E11,"{""type"":""MultiPoint"",""coordinates"":[]}"
00000000000000000287,USA,UnitedStates,550216.232167,1.0,2197.0,1091714.9067,972,345.0,1.0,541498.674534,7277.0,Bridgeport,8721,1.1631605367120444E11,"{""type"":""MultiPoint"",""coordinates"":[]}"
00000000000000000288,USA,UnitedStates,736504.923439,1.0,2440.0,1050203.46937,997,183.0,1.0,313698.545931,7302.0,Hartford,8724,1.074002845152929E11,"{""type"":""MultiPoint"",""coordinates"":[]}"
0000000000000000028a,USA,UnitedStates,640307.405121,1.0,2800.0,2703581.58821,1022,935.0,1.0,2063274.18309,7347.0,Boston,8731,3.144765465183565E11,"{""type"":""MultiPoint"",""coordinates"":[]}"
0000000000000000025a,USA,UnitedStates,408244.717073,1.0,4038.0,5118911.59243,10;13,1790.0,2.0,4710666.87536,1255.0,San Jose,8486,7.178911151078602E11,"{""type"":""MultiPoint"",""coordinates"":[]}"
0000000000000000025f,USA,UnitedStates,897326.871246,1.0,9707.0,4567289.14847,79;85,2332.0,2.0,3669962.27722,4211.0,Phoenix,8524,3.086976719380023E11,"{""type"":""MultiPoint"",""coordinates"":[]}"
00000000000000000265,USA,UnitedStates,608053.47723,1.0,6917.0,2928613.32217,272;277,1409.0,2.0,2320559.84494,5332.0,Denver,8560,2.981534815073613E11,"{""type"":""MultiPoint"",""coordinates"":[]}"
0000000000000000026b,USA,UnitedStates,601542.631051,1.0,4050.0,1215391.27717,443;448,542.0,2.0,613848.646121,6047.0,Memphis,8601,9.615157595558054E10,"{""type"":""MultiPoint"",""coordinates"":[]}"
0000000000000000026f,USA,UnitedStates,1297108.59828,1.0,9833.0,3273026.74564,553;554,1505.0,2.0,1975918.14736,6433.0,Minneapolis [Saint Paul],8631,4.1308983707298145E11,"{""type"":""MultiPoint"",""coordinates"":[]}"
00000000000000000270,USA,UnitedStates,272460.587215,1.0,6494.0,5808585.48127,548;556,3113.0,2.0,5536124.89406,6442.0,Miami,8632,3.907501163045205E11,"{""type"":""MultiPoint"",""coordinates"":[]}"
00000000000000000272,USA,UnitedStates,1037098.2861,1.0,5531.0,2399058.54997,568;580,1048.0,2.0,1361960.26387,6487.0,Orlando,8636,1.385754244433762E11,"{""type"":""MultiPoint"",""coordinates"":[]}"
00000000000000000273,USA,UnitedStates,678458.761707,1.0,3558.0,1136539.9349,590;595,417.0,2.0,458081.173193,6574.0,Jacksonville,8643,8.149454509214809E10,"{""type"":""MultiPoint"",""coordinates"":[]}"
0000000000000000027e,USA,UnitedStates,1215796.04575,1.0,6150.0,1980861.23633,819;820,550.0,2.0,765065.190577,7020.0,Pittsburgh,8696,1.6967861427360303E11,"{""type"":""MultiPoint"",""coordinates"":[]}"
00000000000000000280,USA,UnitedStates,479370.917403,1.0,3949.0,1624468.98039,847;850,948.0,2.0,1145098.06299,7050.0,Virginia Beach,8699,1.2257342832577426E11,"{""type"":""MultiPoint"",""coordinates"":[]}"
00000000000000000283,USA,UnitedStates,425181.552386,1.0,3623.0,1085097.21818,890;889,475.0,2.0,659915.665792,7141.0,Buffalo,8707,9.350936628144177E10,"{""type"":""MultiPoint"",""coordinates"":[]}"
00000000000000000267,USA,UnitedStates,1453164.12013,1.0,15114.0,6442256.18353,315;331;332,3496.0,3.0,4989092.0634,5511.0,Houston,8570,5.3622542747608813E11,"{""type"":""MultiPoint"",""coordinates"":[]}"
00000000000000000268,USA,UnitedStates,1672292.98275,1.0,19826.0,7077557.75216,323;333;339,3869.0,3.0,5405264.76941,5543.0,Dallas,8572,6.34138049429635E11,"{""type"":""MultiPoint"",""coordinates"":[]}"
00000000000000000269,USA,UnitedStates,393424.597874,1.0,4831.0,1177498.37541,347;349;356,677.0,3.0,784073.777541,5705.0,Oklahoma City,8576,9.147858486194655E10,"{""type"":""MultiPoint"",""coordinates"":[]}"
00000000000000000271,USA,UnitedStates,3815476.12288,1.0,12348.0,5591339.31794,559;567;577,1406.0,3.0,1775863.19506,6451.0,Atlanta,8633,5.149167343413626E11,"{""type"":""MultiPoint"",""coordinates"":[]}"
00000000000000000278,USA,UnitedStates,971897.555202,1.0,5802.0,1927622.20852,679;681;685,802.0,3.0,955724.65332,6790.0,Cincinnati,8664,1.8372428783120557E11,"{""type"":""MultiPoint"",""coordinates"":[]}"
0000000000000000027b,USA,UnitedStates,1170327.24624,1.0,3950.0,1611391.05295,768;775;772,307.0,3.0,441063.806707,6942.0,Raleigh,8686,1.5360147206173615E11,"{""type"":""MultiPoint"",""coordinates"":[]}"
00000000000000000289,USA,UnitedStates,695869.861804,1.0,3751.0,1448456.55319,1009;1012;1016,503.0,3.0,752586.69139,7312.0,Providence,8726,1.6687376726090594E11,"{""type"":""MultiPoint"",""coordinates"":[]}"
0000000000000000026c,USA,UnitedStates,971439.751647,1.0,6517.0,2469859.58033,483;484;487;491,1206.0,4.0,1498419.82869,6192.0,St. Louis,8610,2.0860193673739606E11,"{""type"":""MultiPoint"",""coordinates"":[]}"
00000000000000000284,USA,UnitedStates,2611273.84018,1.0,11525.0,6113871.23775,898;911;920;933,1732.0,4.0,3502597.39757,7165.0,Philadelphia,8709,5.619755029074221E11,"{""type"":""MultiPoint"",""coordinates"":[]}"
00000000000000000275,USA,UnitedStates,1399499.8344,1.0,13185.0,8797568.99435,634;635;644;648;652,4302.0,5.0,7398069.15994,6654.0,Chicago,8651,8.48106252833016E11,"{""type"":""MultiPoint"",""coordinates"":[]}"
0000000000000000025b,USA,UnitedStates,789526.628305,1.0,10407.0,1.56553574492E7,11;12;14;16;41;45,5931.0,6.0,1.48658308209E7,1642.0,Los Angeles,8487,1.2227611843889482E12,"{""type"":""MultiPoint"",""coordinates"":[]}"
00000000000000000286,USA,UnitedStates,2854658.65502,1.0,17489.0,1.95230527576E7,942;949;945;947;953;970,6057.0,6.0,1.66683941026E7,7244.0,New York,8718,2.288029345866568E12,"{""type"":""MultiPoint"",""coordinates"":[]}"
00000000000000000281,USA,UnitedStates,1591021.24564,1.0,7446.0,5638693.81468,852;855;856;858;859;871;874;877,1926.0,8.0,4047672.56904,7068.0,Washington D.C.,8700,6.191828266007994E11,"{""type"":""MultiPoint"",""coordinates"":[]}"
0000000000000000028e,VEN,Venezuela,164144.875815,1.0,851.0,2305881.75782,719,285.0,1.0,2141736.88201,1459.0,Maracaibo,8798,1.1852557987628487E10,"{""type"":""MultiPoint"",""coordinates"":[]}"
00000000000000000290,VEN,Venezuela,289185.47885,1.0,1177.0,1968184.80037,821,318.0,1.0,1678999.32152,3284.0,Valencia,8824,9.65793854075256E9,"{""type"":""MultiPoint"",""coordinates"":[]}"
0000000000000000028f,VEN,Venezuela,129853.635363,1.0,492.0,1186176.24111,783;785,147.0,2.0,1056322.60574,2801.0,Barquisimeto,8816,5.211290771386732E9,"{""type"":""MultiPoint"",""coordinates"":[]}"
00000000000000000292,VEN,Venezuela,216450.251856,1.0,890.0,3589208.18328,853;857,395.0,2.0,3372757.93143,4040.0,Caracas,8835,1.894616499117292E10,"{""type"":""MultiPoint"",""coordinates"":[]}"
00000000000000000291,VEN,Venezuela,172380.909782,1.0,647.0,1482535.35955,833;836;840;841;843;845,233.0,6.0,1310154.44977,3611.0,Maracay,8830,7.048752381478455E9,"{""type"":""MultiPoint"",""coordinates"":[]}"
00000000000000000295,VNM,Vietnam,326006.727827,1.0,632.0,1377016.69945,11275,264.0,1.0,1051009.97162,3569.0,Haiphong,8880,2.0411277374501045E10,"{""type"":""MultiPoint"",""coordinates"":[]}"
00000000000000000298,VNM,Vietnam,135145.097373,1.0,418.0,1138424.45552,11821,199.0,1.0,1003279.35815,5080.0,Đà Nẵng,8914,2.2487662471437374E10,"{""type"":""MultiPoint"",""coordinates"":[]}"
00000000000000000294,VNM,Vietnam,397479.312409,1.0,723.0,1198796.51295,11236;11256;11264;11265,313.0,4.0,801317.200546,3234.0,Nam Định,8876,1.1924384948401428E10,"{""type"":""MultiPoint"",""coordinates"":[]}"
00000000000000000296,VNM,Vietnam,322223.849425,1.0,995.0,1547431.50141,11579;11588;11601;11624,420.0,4.0,1225207.65198,4280.0,Long Xuyen,8894,9.574630973323421E9,"{""type"":""MultiPoint"",""coordinates"":[]}"
00000000000000000297,VNM,Vietnam,719658.851774,1.0,3036.0,1.28319450812E7,11778;11781;11784;11787;11800;11802;11830,1648.0,7.0,1.21122862294E7,5038.0,Ho Chi Minh City,8913,2.629287767905894E11,"{""type"":""MultiPoint"",""coordinates"":[]}"
00000000000000000293,VNM,Vietnam,1657061.77541,1.0,3293.0,8350600.19677,11080;11091;11099;11123;11125;11126;11134;11136;11171;11177;11180;11186,1550.0,12.0,6693538.42136,2207.0,Hanoi,8864,1.3390168892058018E11,"{""type"":""MultiPoint"",""coordinates"":[]}"
0000000000000000021d,ZAF,SouthAfrica,284462.590797,1.0,1729.0,3796315.91745,3268,697.0,1.0,3511853.32665,189.0,Cape Town,7703,1.062548131013472E11,"{""type"":""MultiPoint"",""coordinates"":[]}"
00000000000000000221,ZAF,SouthAfrica,161814.812839,1.0,1115.0,1635386.30794,3698,437.0,1.0,1473571.4951,3700.0,Pretoria,7736,4.25496462948875E10,"{""type"":""MultiPoint"",""coordinates"":[]}"
00000000000000000222,ZAF,SouthAfrica,359737.796759,1.0,1611.0,3226799.39369,3868,745.0,1.0,2867061.59693,4513.0,Durban,7753,5.389052038460575E10,"{""type"":""MultiPoint"",""coordinates"":[]}"
00000000000000000220,ZAF,SouthAfrica,156832.179269,1.0,715.0,1290030.58198,3689;3697;3719,320.0,3.0,1133198.40271,3656.0,Klipgat,7735,3.04689788910293E10,"{""type"":""MultiPoint"",""coordinates"":[]}"
0000000000000000021e,ZAF,SouthAfrica,118240.285148,1.0,638.0,1177968.04294,3497;3500;3505;3515,300.0,4.0,1059727.75779,1647.0,Port Elizabeth,7713,2.5939180124319878E10,"{""type"":""MultiPoint"",""coordinates"":[]}"
0000000000000000021f,ZAF,SouthAfrica,621307.167589,1.0,3795.0,8182341.80498,3665;3671;3673;3678;3693;3700;3704;3707;3721,1873.0,9.0,7561034.63739,3337.0,Johannesburg,7733,1.8684388048847623E11,"{""type"":""MultiPoint"",""coordinates"":[]}"
